订单时间,订单金额,桌号,菜品ID,菜品数量
2026-05-10 23:24:54,36,10,D012,1
2026-05-10 23:24:54,44,10,D004,2
2026-05-10 23:24:54,54,10,D007,3
2026-05-10 06:25:32,36,9,D007,2
2026-05-10 06:25:32,66,9,D015,3
2026-05-10 06:25:32,28,9,D008,1
2026-05-10 18:51:08,108,6,D012,3
2026-05-10 19:21:56,32,2,D003,1
2026-05-10 19:21:56,84,2,D005,2
2026-05-10 19:21:56,48,2,D001,1
2026-05-10 13:21:55,108,17,D006,3
2026-05-10 13:21:55,18,17,D007,1
2026-05-10 20:05:49,84,20,D005,2
2026-05-10 20:05:49,54,20,D007,3
2026-05-10 20:05:49,36,20,D007,2
2026-05-11 00:52:14,108,6,D012,3
2026-05-11 00:52:14,42,6,D005,1
2026-05-10 13:55:58,16,1,D016,2
2026-05-10 13:55:58,24,1,D016,3
2026-05-10 13:55:58,66,1,D015,3
2026-05-10 13:55:58,8,1,D016,1
2026-05-10 11:05:56,36,9,D006,1
2026-05-10 11:05:56,40,9,D014,2
2026-05-10 11:05:56,114,9,D002,3
2026-05-10 11:05:56,96,9,D003,3
2026-05-10 15:44:40,15,14,D013,1
2026-05-10 20:21:13,44,7,D015,2
2026-05-10 20:21:13,108,7,D012,3
2026-05-10 20:21:13,66,7,D015,3
2026-05-10 20:21:13,84,7,D005,2
2026-05-10 11:16:22,96,2,D018,3
2026-05-10 11:16:22,72,2,D006,2
2026-05-10 11:16:22,64,2,D003,2
2026-05-10 18:08:03,96,15,D001,2
2026-05-10 18:08:03,28,15,D017,1
2026-05-10 07:33:24,64,4,D003,2
2026-05-10 14:36:51,16,11,D016,2
2026-05-10 14:36:51,8,11,D016,1
2026-05-10 13:00:53,64,8,D018,2
2026-05-10 13:00:53,44,8,D004,2
2026-05-10 13:00:53,84,8,D005,2
2026-05-11 00:52:23,24,13,D010,2
2026-05-11 00:52:23,28,13,D017,1
2026-05-11 00:52:23,22,13,D015,1
2026-05-11 00:52:23,16,13,D009,1
2026-05-10 12:30:46,28,1,D008,1
2026-05-10 12:30:46,22,1,D004,1
2026-05-10 12:30:46,36,1,D007,2
2026-05-10 12:30:46,72,1,D011,3
2026-05-10 08:22:45,84,13,D008,3
2026-05-10 11:39:11,40,7,D014,2
2026-05-10 11:39:11,48,7,D001,1
2026-05-10 14:40:39,56,20,D017,2
2026-05-10 14:40:39,45,20,D013,3
2026-05-10 14:40:39,40,20,D014,2
2026-05-10 15:39:02,24,19,D016,3
2026-05-10 15:39:02,28,19,D017,1
2026-05-10 15:39:02,30,19,D013,2
2026-05-10 15:39:02,22,19,D015,1
2026-05-10 09:42:24,96,1,D003,3
2026-05-10 09:42:24,30,1,D013,2
2026-05-10 09:42:24,16,1,D016,2
2026-05-10 07:25:32,36,12,D006,1
2026-05-10 16:30:57,84,17,D017,3
2026-05-10 16:30:57,40,17,D014,2
2026-05-10 16:30:57,72,17,D012,2
2026-05-10 16:30:57,8,17,D016,1
2026-05-10 15:51:01,48,12,D011,2
2026-05-10 15:51:01,22,12,D015,1
2026-05-10 11:05:30,64,16,D003,2
2026-05-10 11:05:30,84,16,D005,2
2026-05-10 11:05:30,18,16,D007,1
2026-05-10 12:36:26,15,17,D013,1
2026-05-10 12:36:26,40,17,D014,2
2026-05-10 12:36:26,32,17,D003,1
2026-05-10 13:59:49,126,1,D005,3
2026-05-10 13:59:49,22,1,D015,1
2026-05-10 13:59:49,42,1,D005,1
2026-05-10 09:39:07,72,6,D012,2
2026-05-10 09:39:07,114,6,D002,3
2026-05-10 11:11:02,60,3,D014,3
2026-05-10 11:11:02,16,3,D009,1
2026-05-10 11:11:02,40,3,D014,2
2026-05-10 11:11:02,24,3,D016,3
2026-05-10 13:24:48,84,13,D008,3
2026-05-10 13:24:48,54,13,D007,3
2026-05-10 13:24:48,38,13,D002,1
2026-05-10 13:24:48,32,13,D003,1
2026-05-10 11:20:56,108,7,D006,3
2026-05-10 06:39:47,48,13,D001,1
2026-05-10 06:39:47,36,13,D006,1
2026-05-10 06:39:47,60,13,D014,3
2026-05-11 00:51:00,12,18,D010,1
2026-05-11 00:51:00,24,18,D010,2
2026-05-10 19:17:02,60,1,D014,3
2026-05-10 19:17:02,36,1,D019,2
2026-05-10 19:17:02,22,1,D015,1
2026-05-10 14:46:02,15,14,D013,1
2026-05-10 14:46:02,22,14,D004,1
2026-05-10 17:04:41,24,3,D020,1
2026-05-10 17:04:41,18,3,D007,1
2026-05-10 17:04:41,48,3,D009,3
2026-05-10 17:04:41,76,3,D002,2
2026-05-10 15:32:37,72,3,D020,3
2026-05-10 15:32:37,8,3,D016,1
2026-05-10 15:33:20,38,19,D002,1
2026-05-10 15:33:20,20,19,D014,1
2026-05-10 15:33:20,96,19,D003,3
2026-05-10 18:39:51,44,18,D004,2
2026-05-10 18:39:51,96,18,D001,2
2026-05-10 18:39:51,36,18,D006,1
2026-05-10 11:21:23,96,7,D003,3
2026-05-10 11:21:23,16,7,D009,1
2026-05-10 11:21:23,144,7,D001,3
2026-05-10 20:48:15,126,8,D005,3
2026-05-10 20:48:15,72,8,D006,2
2026-05-10 20:48:15,8,8,D016,1
2026-05-10 20:48:15,48,8,D001,1
2026-05-10 15:19:41,72,14,D011,3
2026-05-10 15:19:41,24,14,D010,2
2026-05-10 15:19:41,96,14,D018,3
2026-05-10 17:33:31,38,7,D002,1
2026-05-10 13:10:03,22,12,D004,1
2026-05-10 13:10:03,72,12,D006,2
2026-05-10 13:10:03,18,12,D007,1
2026-05-10 09:13:19,48,17,D001,1
2026-05-10 15:52:33,24,13,D020,1
2026-05-10 15:52:33,30,13,D013,2
2026-05-10 15:52:33,18,13,D019,1
2026-05-10 15:52:33,60,13,D014,3
2026-05-10 14:31:16,28,3,D017,1
2026-05-10 14:31:16,108,3,D012,3
2026-05-10 14:31:16,38,3,D002,1
2026-05-10 16:50:02,28,13,D017,1
2026-05-10 18:17:01,96,1,D003,3
2026-05-10 18:17:01,72,1,D006,2
2026-05-10 18:17:01,36,1,D007,2
2026-05-10 18:17:01,54,1,D019,3
2026-05-10 13:52:11,96,13,D003,3
2026-05-10 13:52:11,126,13,D005,3
2026-05-10 19:35:58,24,15,D020,1
2026-05-10 19:35:58,28,15,D008,1
2026-05-10 19:35:58,8,15,D016,1
2026-05-10 08:10:56,38,10,D002,1
2026-05-10 08:10:56,38,10,D002,1
2026-05-10 08:10:56,66,10,D004,3
2026-05-10 08:10:56,16,10,D016,2
2026-05-10 07:41:17,20,6,D014,1
2026-05-10 07:41:17,76,6,D002,2
2026-05-10 07:41:17,96,6,D003,3
2026-05-10 20:23:11,36,20,D006,1
2026-05-10 08:46:13,56,19,D008,2
2026-05-10 08:46:13,66,19,D004,3
2026-05-10 08:46:13,144,19,D001,3
2026-05-10 23:22:44,32,6,D003,1
2026-05-10 23:22:44,44,6,D004,2
2026-05-10 23:22:44,72,6,D011,3
2026-05-10 23:22:44,64,6,D003,2
2026-05-10 07:26:53,36,11,D007,2
2026-05-10 07:26:53,84,11,D008,3
2026-05-10 07:26:53,8,11,D016,1
2026-05-10 13:47:36,96,13,D001,2
2026-05-10 13:47:36,32,13,D009,2
2026-05-10 13:47:36,126,13,D005,3
2026-05-10 13:47:36,44,13,D004,2
2026-05-10 14:56:24,72,8,D012,2
2026-05-10 14:56:24,16,8,D016,2
2026-05-10 13:31:09,126,10,D005,3
2026-05-10 13:31:09,18,10,D007,1
2026-05-10 13:31:09,48,10,D011,2
2026-05-10 13:31:09,8,10,D016,1
2026-05-10 09:10:11,44,12,D015,2
2026-05-10 09:10:11,56,12,D008,2
2026-05-10 09:10:11,72,12,D006,2
2026-05-10 09:10:11,16,12,D016,2
2026-05-11 00:36:16,48,9,D001,1
2026-05-11 00:36:16,12,9,D010,1
2026-05-11 00:36:16,22,9,D015,1
2026-05-11 00:36:16,16,9,D009,1
2026-05-10 19:57:57,36,13,D006,1
2026-05-10 19:57:57,20,13,D014,1
2026-05-10 19:57:57,54,13,D019,3
2026-05-10 19:57:57,54,13,D007,3
2026-05-10 16:11:16,40,10,D014,2
2026-05-10 16:11:16,36,10,D010,3
2026-05-10 22:56:18,108,20,D006,3
2026-05-10 22:56:18,72,20,D012,2
2026-05-10 16:18:33,48,8,D011,2
2026-05-10 16:18:33,8,8,D016,1
2026-05-10 16:18:33,36,8,D012,1
2026-05-10 16:57:58,32,13,D009,2
2026-05-10 16:01:45,36,4,D012,1
2026-05-10 16:01:45,72,4,D020,3
2026-05-10 16:01:45,54,4,D019,3
2026-05-10 16:01:45,32,4,D009,2
2026-05-10 06:06:23,108,14,D006,3
2026-05-10 06:06:23,36,14,D007,2
2026-05-10 16:46:17,28,3,D017,1
2026-05-10 16:46:17,48,3,D020,2
2026-05-10 16:46:17,66,3,D015,3
2026-05-10 16:46:09,18,5,D019,1
2026-05-10 16:46:09,24,5,D011,1
2026-05-10 17:49:04,72,3,D006,2
2026-05-10 07:41:28,64,19,D003,2
2026-05-10 20:29:09,84,20,D005,2
2026-05-10 11:57:15,144,14,D001,3
2026-05-10 18:01:39,114,9,D002,3
2026-05-10 18:01:39,45,9,D013,3
2026-05-10 18:01:39,42,9,D005,1
2026-05-10 18:01:39,15,9,D013,1
2026-05-10 19:22:18,126,18,D005,3
2026-05-10 14:29:43,84,7,D017,3
2026-05-10 21:50:43,36,14,D010,3
2026-05-10 21:50:43,38,14,D002,1
2026-05-10 21:50:43,48,14,D009,3
2026-05-11 01:21:25,16,1,D009,1
2026-05-10 20:07:45,24,13,D011,1
2026-05-10 20:07:45,48,13,D011,2
2026-05-10 20:07:45,42,13,D005,1
2026-05-10 20:07:45,54,13,D007,3
2026-05-10 20:35:28,28,6,D008,1
2026-05-10 15:07:10,32,17,D009,2
2026-05-10 15:07:10,32,17,D018,1
2026-05-10 15:07:10,36,17,D010,3
2026-05-10 16:53:44,24,10,D011,1
2026-05-10 16:53:44,60,10,D014,3
2026-05-10 16:53:44,8,10,D016,1
2026-05-10 16:53:44,64,10,D018,2
2026-05-10 13:08:30,114,4,D002,3
2026-05-10 12:30:40,72,17,D011,3
2026-05-10 12:30:40,54,17,D019,3
2026-05-10 14:40:53,36,19,D010,3
2026-05-10 14:40:53,12,19,D010,1
2026-05-10 14:40:53,18,19,D019,1
2026-05-10 14:40:53,36,19,D010,3
2026-05-10 12:34:19,108,4,D006,3
2026-05-10 12:34:19,32,4,D003,1
2026-05-10 12:34:19,22,4,D004,1
2026-05-10 12:34:19,108,4,D006,3
2026-05-10 14:18:17,56,6,D017,2
2026-05-10 14:18:17,72,6,D020,3
2026-05-10 11:11:51,38,1,D002,1
2026-05-10 11:11:51,32,1,D003,1
2026-05-10 11:11:51,48,1,D009,3
2026-05-10 11:11:51,64,1,D003,2
2026-05-10 23:51:55,64,7,D003,2
2026-05-10 23:51:55,72,7,D012,2
2026-05-10 23:51:55,48,7,D001,1
2026-05-10 20:26:16,72,1,D006,2
2026-05-10 20:26:16,18,1,D007,1
2026-05-10 20:26:16,36,1,D012,1
2026-05-10 11:32:56,28,16,D008,1
2026-05-10 11:32:56,76,16,D002,2
2026-05-10 11:32:56,20,16,D014,1
2026-05-10 11:32:56,36,16,D012,1
2026-05-10 15:27:58,16,15,D016,2
2026-05-10 15:27:58,15,15,D013,1
2026-05-10 14:20:28,108,14,D012,3
2026-05-10 12:23:22,72,18,D011,3
2026-05-10 12:23:22,42,18,D005,1
2026-05-10 17:59:57,15,14,D013,1
2026-05-10 17:59:57,144,14,D001,3
2026-05-10 17:59:57,84,14,D008,3
2026-05-10 12:33:37,84,7,D005,2
2026-05-10 12:33:37,42,7,D005,1
2026-05-10 12:33:37,18,7,D007,1
2026-05-10 20:38:37,96,12,D001,2
2026-05-10 20:38:37,36,12,D007,2
2026-05-10 20:38:37,24,12,D010,2
2026-05-11 01:49:44,72,10,D006,2
2026-05-11 01:49:44,44,10,D015,2
2026-05-11 01:49:44,108,10,D006,3
2026-05-10 13:57:06,96,17,D001,2
2026-05-10 09:46:00,56,1,D008,2
2026-05-10 09:46:00,40,1,D014,2
2026-05-10 13:42:58,24,7,D010,2
2026-05-10 13:42:58,22,7,D004,1
2026-05-10 13:42:58,66,7,D015,3
2026-05-10 20:37:25,66,11,D004,3
2026-05-10 20:37:25,44,11,D004,2
2026-05-10 08:19:25,36,18,D012,1
2026-05-10 08:19:25,56,18,D008,2
2026-05-10 14:10:47,16,8,D009,1
2026-05-10 14:10:47,8,8,D016,1
2026-05-10 14:10:47,18,8,D019,1
2026-05-10 09:35:19,36,20,D006,1
2026-05-10 09:35:19,24,20,D016,3
2026-05-10 17:09:56,96,13,D001,2
2026-05-10 17:09:56,15,13,D013,1
2026-05-10 19:25:58,24,18,D020,1
2026-05-10 23:20:59,42,18,D005,1
2026-05-10 16:33:36,66,8,D015,3
2026-05-10 16:33:36,36,8,D012,1
2026-05-10 18:42:54,15,8,D013,1
2026-05-10 18:42:54,54,8,D007,3
2026-05-10 18:42:54,64,8,D003,2
2026-05-10 18:42:54,108,8,D012,3
2026-05-10 11:35:06,44,10,D004,2
2026-05-10 11:53:06,76,4,D002,2
2026-05-10 17:14:55,22,14,D004,1
2026-05-10 17:14:55,144,14,D001,3
2026-05-10 17:14:55,22,14,D015,1
2026-05-10 13:55:59,22,6,D004,1
2026-05-10 13:55:59,66,6,D015,3
2026-05-10 18:17:04,64,12,D003,2
2026-05-10 13:30:20,15,16,D013,1
2026-05-10 13:30:20,56,16,D008,2
2026-05-10 20:16:24,144,18,D001,3
2026-05-10 20:16:24,16,18,D016,2
2026-05-10 20:16:24,48,18,D020,2
2026-05-10 18:37:13,56,1,D008,2
2026-05-10 18:37:13,60,1,D014,3
2026-05-10 18:37:13,44,1,D004,2
2026-05-10 18:37:13,18,1,D007,1
2026-05-10 19:09:25,96,5,D001,2
2026-05-10 19:09:25,76,5,D002,2
2026-05-10 09:58:09,114,16,D002,3
2026-05-10 09:58:09,28,16,D008,1
2026-05-10 16:20:21,22,4,D004,1
2026-05-10 16:20:21,60,4,D014,3
2026-05-10 16:20:21,32,4,D018,1
2026-05-10 13:32:25,18,14,D007,1
2026-05-10 13:52:23,66,1,D004,3
2026-05-11 12:53:22,28,6,D017,1
2026-05-11 12:53:22,54,6,D007,3
2026-05-11 12:53:22,126,6,D005,3
2026-05-11 09:23:18,72,12,D006,2
2026-05-11 09:23:18,84,12,D008,3
2026-05-11 09:23:18,44,12,D015,2
2026-05-11 09:23:18,38,12,D002,1
2026-05-11 21:40:51,20,3,D014,1
2026-05-11 21:40:51,12,3,D010,1
2026-05-11 21:40:51,76,3,D002,2
2026-05-11 21:40:51,18,3,D007,1
2026-05-11 13:33:00,76,11,D002,2
2026-05-11 09:01:24,45,17,D013,3
2026-05-11 09:01:24,42,17,D005,1
2026-05-11 09:01:24,84,17,D005,2
2026-05-11 09:01:24,66,17,D004,3
2026-05-11 13:59:04,72,7,D006,2
2026-05-11 13:59:04,72,7,D011,3
2026-05-11 13:59:04,64,7,D003,2
2026-05-11 13:59:04,38,7,D002,1
2026-05-11 09:09:26,96,16,D003,3
2026-05-11 18:02:40,15,13,D013,1
2026-05-12 01:30:31,66,4,D015,3
2026-05-11 13:19:37,108,9,D006,3
2026-05-11 13:19:37,24,9,D010,2
2026-05-11 13:19:37,18,9,D007,1
2026-05-11 13:19:37,84,9,D005,2
2026-05-11 12:27:38,18,9,D007,1
2026-05-11 12:27:38,28,9,D008,1
2026-05-11 12:27:38,15,9,D013,1
2026-05-11 20:38:45,76,6,D002,2
2026-05-11 19:01:30,96,5,D018,3
2026-05-11 19:01:30,54,5,D007,3
2026-05-11 19:01:30,76,5,D002,2
2026-05-11 19:01:30,44,5,D004,2
2026-05-11 09:49:04,32,9,D003,1
2026-05-11 09:49:04,45,9,D013,3
2026-05-11 18:42:42,72,16,D006,2
2026-05-11 18:42:42,24,16,D016,3
2026-05-11 18:42:42,56,16,D008,2
2026-05-11 18:42:42,126,16,D005,3
2026-05-11 19:48:51,18,3,D007,1
2026-05-11 19:48:51,64,3,D018,2
2026-05-11 19:48:51,56,3,D008,2
2026-05-11 12:22:41,76,20,D002,2
2026-05-11 12:22:41,72,20,D011,3
2026-05-11 14:28:36,16,20,D009,1
2026-05-11 14:28:36,66,20,D015,3
2026-05-11 14:28:36,18,20,D019,1
2026-05-11 14:28:36,12,20,D010,1
2026-05-11 20:28:37,48,14,D011,2
2026-05-11 14:32:29,108,20,D012,3
2026-05-11 14:32:29,45,20,D013,3
2026-05-11 14:32:29,24,20,D010,2
2026-05-11 11:40:33,40,6,D014,2
2026-05-11 11:40:33,16,6,D009,1
2026-05-11 11:40:33,108,6,D006,3
2026-05-11 11:49:28,22,13,D004,1
2026-05-11 11:49:28,18,13,D007,1
2026-05-11 18:59:11,38,13,D002,1
2026-05-11 18:59:11,28,13,D017,1
2026-05-11 18:59:11,40,13,D014,2
2026-05-11 12:43:32,66,4,D004,3
2026-05-11 12:43:32,76,4,D002,2
2026-05-11 12:43:32,84,4,D008,3
2026-05-11 18:30:18,15,15,D013,1
2026-05-11 18:30:18,40,15,D014,2
2026-05-11 16:40:51,108,20,D012,3
2026-05-11 16:40:51,24,20,D011,1
2026-05-11 16:57:55,24,11,D016,3
2026-05-11 16:57:55,8,11,D016,1
2026-05-11 16:57:55,30,11,D013,2
2026-05-11 16:57:55,60,11,D014,3
2026-05-11 14:41:16,16,1,D009,1
2026-05-11 18:43:38,42,17,D005,1
2026-05-11 18:43:38,144,17,D001,3
2026-05-11 18:43:38,24,17,D016,3
2026-05-11 18:43:38,72,17,D020,3
2026-05-11 11:19:24,36,5,D007,2
2026-05-11 21:29:30,18,20,D007,1
2026-05-11 21:29:30,56,20,D017,2
2026-05-11 07:12:36,48,1,D011,2
2026-05-11 07:12:36,45,1,D013,3
2026-05-11 07:12:36,8,1,D016,1
2026-05-11 07:12:36,60,1,D014,3
2026-05-11 20:47:49,96,4,D018,3
2026-05-11 20:47:49,144,4,D001,3
2026-05-11 20:58:21,108,13,D006,3
2026-05-11 12:03:54,108,11,D006,3
2026-05-11 12:03:54,24,11,D016,3
2026-05-11 12:03:54,42,11,D005,1
2026-05-11 12:03:54,12,11,D010,1
2026-05-11 13:49:10,12,9,D010,1
2026-05-11 13:49:10,48,9,D001,1
2026-05-11 13:49:10,56,9,D008,2
2026-05-11 16:26:14,15,13,D013,1
2026-05-11 16:26:14,108,13,D012,3
2026-05-11 16:26:14,20,13,D014,1
2026-05-12 00:25:34,114,12,D002,3
2026-05-12 00:25:34,24,12,D010,2
2026-05-12 00:25:34,20,12,D014,1
2026-05-11 06:26:10,8,8,D016,1
2026-05-11 09:46:18,126,10,D005,3
2026-05-11 09:46:18,72,10,D011,3
2026-05-11 09:46:18,60,10,D014,3
2026-05-11 13:05:56,42,10,D005,1
2026-05-11 12:45:03,96,4,D018,3
2026-05-11 12:45:03,66,4,D004,3
2026-05-11 12:45:03,96,4,D001,2
2026-05-11 12:45:03,36,4,D010,3
2026-05-11 17:44:18,64,2,D003,2
2026-05-11 17:44:18,60,2,D014,3
2026-05-11 17:44:18,114,2,D002,3
2026-05-11 12:36:20,114,9,D002,3
2026-05-11 12:36:20,38,9,D002,1
2026-05-11 12:36:20,54,9,D007,3
2026-05-11 12:36:20,48,9,D011,2
2026-05-11 19:11:42,44,14,D004,2
2026-05-11 19:11:42,114,14,D002,3
2026-05-11 16:43:28,72,12,D012,2
2026-05-11 16:43:28,16,12,D016,2
2026-05-11 14:09:16,72,17,D020,3
2026-05-11 13:56:28,24,12,D011,1
2026-05-11 13:56:28,45,12,D013,3
2026-05-11 13:56:28,45,12,D013,3
2026-05-11 13:18:30,24,13,D011,1
2026-05-11 13:02:31,54,19,D019,3
2026-05-11 20:50:31,66,12,D004,3
2026-05-11 20:50:31,16,12,D009,1
2026-05-11 20:50:31,84,12,D017,3
2026-05-11 20:50:31,22,12,D004,1
2026-05-11 06:22:38,76,9,D002,2
2026-05-11 21:53:50,32,17,D009,2
2026-05-11 20:55:49,22,11,D004,1
2026-05-11 20:55:49,24,11,D016,3
2026-05-11 20:55:49,108,11,D006,3
2026-05-11 20:55:49,32,11,D003,1
2026-05-11 07:36:18,18,10,D007,1
2026-05-11 19:01:39,60,18,D014,3
2026-05-11 14:47:40,15,9,D013,1
2026-05-11 14:47:40,20,9,D014,1
2026-05-11 22:21:19,108,18,D012,3
2026-05-11 17:02:46,72,14,D011,3
2026-05-11 17:02:46,28,14,D008,1
2026-05-11 06:21:39,96,14,D003,3
2026-05-11 06:21:39,76,14,D002,2
2026-05-11 06:21:39,28,14,D008,1
2026-05-11 06:21:39,40,14,D014,2
2026-05-11 16:53:29,18,12,D019,1
2026-05-11 16:53:29,60,12,D014,3
2026-05-11 16:53:29,32,12,D009,2
2026-05-11 12:27:42,44,13,D004,2
2026-05-11 12:27:42,48,13,D001,1
2026-05-11 13:35:08,114,8,D002,3
2026-05-11 13:35:08,36,8,D007,2
2026-05-11 13:35:08,16,8,D009,1
2026-05-11 13:23:11,84,3,D008,3
2026-05-11 20:00:58,66,6,D004,3
2026-05-11 20:00:58,64,6,D003,2
2026-05-11 20:00:58,108,6,D006,3
2026-05-11 21:38:30,36,4,D007,2
2026-05-11 21:38:30,8,4,D016,1
2026-05-12 01:01:41,18,18,D007,1
2026-05-12 01:01:41,96,18,D003,3
2026-05-12 01:01:41,32,18,D018,1
2026-05-12 01:01:41,36,18,D012,1
2026-05-12 01:25:11,36,19,D012,1
2026-05-12 01:25:11,32,19,D009,2
2026-05-11 13:42:51,56,9,D008,2
2026-05-11 13:42:51,64,9,D003,2
2026-05-11 13:42:51,24,9,D011,1
2026-05-11 19:03:19,56,12,D008,2
2026-05-11 19:03:19,96,12,D001,2
2026-05-11 19:03:19,72,12,D006,2
2026-05-11 19:03:19,36,12,D006,1
2026-05-11 15:45:43,72,14,D011,3
2026-05-11 15:45:43,16,14,D016,2
2026-05-11 15:45:43,24,14,D010,2
2026-05-11 15:45:43,28,14,D017,1
2026-05-11 20:49:42,96,19,D003,3
2026-05-11 20:49:42,96,19,D001,2
2026-05-11 20:49:42,36,19,D010,3
2026-05-11 15:38:16,108,11,D012,3
2026-05-11 15:38:16,24,11,D020,1
2026-05-11 15:38:16,18,11,D019,1
2026-05-11 15:38:16,56,11,D017,2
2026-05-12 01:06:46,32,6,D009,2
2026-05-12 01:06:46,44,6,D004,2
2026-05-12 01:06:46,72,6,D011,3
2026-05-12 01:06:46,44,6,D015,2
2026-05-11 12:59:36,108,10,D012,3
2026-05-11 18:58:46,36,18,D007,2
2026-05-11 18:58:46,144,18,D001,3
2026-05-11 13:01:14,64,15,D018,2
2026-05-11 14:38:15,32,7,D009,2
2026-05-11 13:54:42,42,9,D005,1
2026-05-11 18:12:03,96,19,D001,2
2026-05-11 18:12:03,144,19,D001,3
2026-05-11 18:12:03,30,19,D013,2
2026-05-12 00:34:57,20,13,D014,1
2026-05-12 00:34:57,32,13,D009,2
2026-05-12 00:34:57,24,13,D010,2
2026-05-12 00:57:22,15,3,D013,1
2026-05-11 11:19:41,76,5,D002,2
2026-05-11 11:19:41,66,5,D004,3
2026-05-11 11:19:41,72,5,D011,3
2026-05-11 21:23:07,114,4,D002,3
2026-05-11 21:23:07,15,4,D013,1
2026-05-11 18:34:01,32,7,D018,1
2026-05-11 19:48:37,66,14,D004,3
2026-05-11 19:48:37,144,14,D001,3
2026-05-11 11:25:28,32,4,D009,2
2026-05-11 11:25:28,56,4,D008,2
2026-05-11 13:55:57,64,18,D003,2
2026-05-11 13:55:57,22,18,D004,1
2026-05-11 13:55:57,18,18,D007,1
2026-05-11 22:26:42,36,15,D007,2
2026-05-11 07:26:55,15,1,D013,1
2026-05-11 07:26:55,66,1,D004,3
2026-05-11 06:44:31,22,19,D015,1
2026-05-11 06:44:31,24,19,D011,1
2026-05-11 06:44:31,48,19,D011,2
2026-05-11 06:44:31,108,19,D006,3
2026-05-11 06:32:20,32,13,D003,1
2026-05-11 06:32:20,24,13,D016,3
2026-05-11 19:04:54,32,18,D009,2
2026-05-11 19:04:54,22,18,D004,1
2026-05-11 18:40:26,22,4,D004,1
2026-05-11 18:42:35,42,10,D005,1
2026-05-11 18:42:35,36,10,D007,2
2026-05-11 06:31:49,114,2,D002,3
2026-05-11 06:31:49,96,2,D003,3
2026-05-11 13:06:48,108,1,D012,3
2026-05-11 13:06:48,72,1,D011,3
2026-05-11 13:06:48,126,1,D005,3
2026-05-11 13:25:34,36,12,D006,1
2026-05-11 13:25:34,32,12,D003,1
2026-05-11 06:18:47,96,8,D001,2
2026-05-11 06:18:47,30,8,D013,2
2026-05-11 15:38:50,32,15,D009,2
2026-05-11 15:38:50,24,15,D016,3
2026-05-11 11:48:36,22,15,D015,1
2026-05-11 15:33:19,44,17,D004,2
2026-05-11 15:33:19,66,17,D015,3
2026-05-11 15:33:19,32,17,D009,2
2026-05-11 15:33:19,16,17,D009,1
2026-05-11 21:03:25,40,12,D014,2
2026-05-11 21:03:25,18,12,D007,1
2026-05-11 21:03:25,96,12,D003,3
2026-05-11 16:05:14,36,18,D010,3
2026-05-11 16:05:14,22,18,D015,1
2026-05-11 16:05:14,66,18,D015,3
2026-05-11 16:05:14,64,18,D018,2
2026-05-11 15:51:09,72,4,D012,2
2026-05-11 15:51:09,60,4,D014,3
2026-05-11 15:51:09,44,4,D015,2
2026-05-11 15:51:09,15,4,D013,1
2026-05-11 06:12:23,42,8,D005,1
2026-05-11 06:12:23,126,8,D005,3
2026-05-11 06:12:23,38,8,D002,1
2026-05-11 06:12:23,24,8,D011,1
2026-05-11 17:30:25,32,20,D003,1
2026-05-11 17:30:25,48,20,D001,1
2026-05-11 17:30:25,24,20,D011,1
2026-05-12 17:44:05,15,17,D013,1
2026-05-12 17:44:05,42,17,D005,1
2026-05-12 17:44:05,12,17,D010,1
2026-05-12 17:44:05,72,17,D012,2
2026-05-12 19:16:42,96,5,D001,2
2026-05-12 19:16:42,22,5,D004,1
2026-05-12 11:21:54,66,1,D015,3
2026-05-12 11:21:54,24,1,D011,1
2026-05-12 11:21:54,38,1,D002,1
2026-05-12 11:21:54,114,1,D002,3
2026-05-12 11:16:33,144,7,D001,3
2026-05-12 11:16:33,72,7,D012,2
2026-05-12 17:05:31,48,5,D020,2
2026-05-12 14:39:25,20,14,D014,1
2026-05-12 14:39:25,8,14,D016,1
2026-05-12 16:48:57,126,7,D005,3
2026-05-12 16:48:57,36,7,D010,3
2026-05-12 13:06:22,54,16,D007,3
2026-05-12 13:19:22,18,1,D007,1
2026-05-12 13:19:22,84,1,D008,3
2026-05-12 21:29:11,48,9,D020,2
2026-05-12 19:06:35,56,2,D008,2
2026-05-12 19:06:35,96,2,D003,3
2026-05-12 19:06:35,42,2,D005,1
2026-05-12 17:26:21,96,18,D001,2
2026-05-12 17:26:21,36,18,D006,1
2026-05-12 20:11:10,144,16,D001,3
2026-05-12 20:11:10,30,16,D013,2
2026-05-12 20:11:10,16,16,D016,2
2026-05-12 19:17:56,72,13,D020,3
2026-05-12 23:07:13,40,17,D014,2
2026-05-12 23:07:13,48,17,D011,2
2026-05-12 22:36:51,72,9,D011,3
2026-05-12 22:36:51,96,9,D001,2
2026-05-12 22:36:51,48,9,D001,1
2026-05-12 18:16:56,36,17,D012,1
2026-05-12 18:16:56,8,17,D016,1
2026-05-12 17:38:40,48,2,D009,3
2026-05-12 17:38:40,126,2,D005,3
2026-05-12 17:38:40,44,2,D004,2
2026-05-12 17:38:40,32,2,D018,1
2026-05-12 14:28:17,96,7,D018,3
2026-05-12 14:28:17,20,7,D014,1
2026-05-12 14:28:17,144,7,D001,3
2026-05-12 14:28:17,45,7,D013,3
2026-05-12 13:30:45,28,18,D008,1
2026-05-12 13:30:45,36,18,D019,2
2026-05-12 16:25:21,24,1,D016,3
2026-05-12 16:25:21,45,1,D013,3
2026-05-12 16:25:21,15,1,D013,1
2026-05-12 16:25:21,60,1,D014,3
2026-05-12 11:56:53,126,2,D005,3
2026-05-12 11:56:53,96,2,D001,2
2026-05-12 11:56:53,36,2,D010,3
2026-05-12 11:56:53,84,2,D008,3
2026-05-12 14:13:06,15,8,D013,1
2026-05-12 13:15:13,44,10,D004,2
2026-05-12 13:15:13,54,10,D007,3
2026-05-12 13:15:13,44,10,D004,2
2026-05-12 13:15:13,12,10,D010,1
2026-05-12 17:06:53,38,1,D002,1
2026-05-12 17:06:53,16,1,D009,1
2026-05-12 17:06:53,22,1,D015,1
2026-05-12 22:52:04,84,5,D017,3
2026-05-12 13:49:04,36,15,D007,2
2026-05-12 11:56:06,28,5,D008,1
2026-05-12 17:19:02,44,13,D004,2
2026-05-12 17:19:02,48,13,D001,1
2026-05-12 06:56:15,56,7,D008,2
2026-05-12 11:40:08,44,3,D004,2
2026-05-12 15:06:33,84,15,D017,3
2026-05-12 15:06:33,24,15,D020,1
2026-05-12 15:06:33,24,15,D016,3
2026-05-12 18:42:06,64,6,D003,2
2026-05-12 18:42:06,84,6,D005,2
2026-05-12 07:59:49,126,8,D005,3
2026-05-12 18:35:35,44,10,D015,2
2026-05-12 18:35:35,40,10,D014,2
2026-05-12 18:35:35,48,10,D001,1
2026-05-12 15:35:52,24,8,D020,1
2026-05-12 15:35:52,24,8,D010,2
2026-05-12 12:12:02,15,8,D013,1
2026-05-12 18:45:58,28,16,D008,1
2026-05-12 18:45:58,36,16,D006,1
2026-05-12 08:31:14,8,4,D016,1
2026-05-12 08:31:14,54,4,D007,3
2026-05-12 12:08:34,96,2,D001,2
2026-05-12 12:08:34,114,2,D002,3
2026-05-12 06:13:54,144,19,D001,3
2026-05-12 13:44:43,22,9,D004,1
2026-05-12 13:44:43,28,9,D008,1
2026-05-12 14:43:28,18,19,D019,1
2026-05-12 14:43:28,16,19,D009,1
2026-05-12 14:43:28,40,19,D014,2
2026-05-12 09:43:47,76,5,D002,2
2026-05-12 09:43:47,56,5,D008,2
2026-05-12 17:05:52,54,10,D019,3
2026-05-12 17:05:52,36,10,D019,2
2026-05-12 17:05:52,42,10,D005,1
2026-05-12 17:05:52,84,10,D005,2
2026-05-12 11:21:30,28,3,D008,1
2026-05-12 11:21:30,48,3,D009,3
2026-05-12 07:34:07,72,19,D006,2
2026-05-12 12:16:21,44,9,D015,2
2026-05-12 12:16:21,56,9,D017,2
2026-05-12 12:16:21,108,9,D006,3
2026-05-12 12:16:21,64,9,D003,2
2026-05-12 22:30:58,114,9,D002,3
2026-05-12 22:30:58,84,9,D005,2
2026-05-12 22:30:58,48,9,D011,2
2026-05-12 17:47:32,84,18,D005,2
2026-05-12 17:47:32,16,18,D009,1
2026-05-12 13:57:02,28,1,D008,1
2026-05-12 11:24:27,76,10,D002,2
2026-05-12 11:24:27,24,10,D016,3
2026-05-12 11:24:27,18,10,D007,1
2026-05-12 15:57:17,72,3,D011,3
2026-05-12 15:57:17,44,3,D015,2
2026-05-12 15:57:17,30,3,D013,2
2026-05-12 15:57:17,84,3,D017,3
2026-05-12 17:44:51,22,20,D004,1
2026-05-12 17:44:51,28,20,D008,1
2026-05-12 17:44:51,56,20,D008,2
2026-05-12 17:44:51,40,20,D014,2
2026-05-12 09:27:28,24,20,D011,1
2026-05-12 09:27:28,36,20,D007,2
2026-05-12 17:26:59,56,14,D008,2
2026-05-12 17:26:59,56,14,D017,2
2026-05-12 17:26:59,114,14,D002,3
2026-05-12 13:41:23,84,19,D008,3
2026-05-12 13:41:23,48,19,D001,1
2026-05-12 13:41:23,36,19,D007,2
2026-05-12 13:41:23,64,19,D003,2
2026-05-12 12:10:26,84,8,D005,2
2026-05-12 12:10:26,108,8,D006,3
2026-05-12 12:10:26,96,8,D003,3
2026-05-12 09:45:24,72,1,D006,2
2026-05-12 09:45:24,8,1,D016,1
2026-05-12 09:45:24,64,1,D003,2
2026-05-12 12:33:41,20,1,D014,1
2026-05-12 12:33:41,32,1,D018,1
2026-05-12 12:33:41,44,1,D015,2
2026-05-12 17:00:21,28,13,D008,1
2026-05-12 17:00:21,42,13,D005,1
2026-05-12 17:00:21,24,13,D020,1
2026-05-12 17:00:21,16,13,D016,2
2026-05-12 18:14:32,48,9,D009,3
2026-05-12 18:14:32,64,9,D018,2
2026-05-12 18:14:32,42,9,D005,1
2026-05-12 18:14:32,84,9,D017,3
2026-05-12 12:39:39,54,8,D007,3
2026-05-12 07:59:16,66,12,D015,3
2026-05-12 07:59:16,48,12,D001,1
2026-05-12 07:59:16,12,12,D010,1
2026-05-12 07:59:16,32,12,D003,1
2026-05-12 19:49:09,16,3,D016,2
2026-05-12 19:49:09,32,3,D018,1
2026-05-12 23:35:37,64,17,D003,2
2026-05-12 23:35:37,30,17,D013,2
2026-05-12 23:35:37,48,17,D020,2
2026-05-12 11:09:37,56,7,D008,2
2026-05-12 11:09:37,56,7,D008,2
2026-05-12 11:09:37,144,7,D001,3
2026-05-12 11:09:37,40,7,D014,2
2026-05-12 15:37:40,16,5,D016,2
2026-05-12 13:41:27,36,10,D007,2
2026-05-12 13:41:27,36,10,D006,1
2026-05-12 13:41:27,36,10,D006,1
2026-05-12 20:19:50,40,9,D014,2
2026-05-12 20:19:50,18,9,D007,1
2026-05-12 20:19:50,22,9,D004,1
2026-05-12 20:19:50,60,9,D014,3
2026-05-12 20:42:11,48,8,D001,1
2026-05-12 20:42:11,54,8,D019,3
2026-05-12 15:03:29,48,14,D009,3
2026-05-12 15:03:29,48,14,D011,2
2026-05-12 15:03:29,22,14,D015,1
2026-05-12 15:03:29,40,14,D014,2
2026-05-12 23:39:16,84,19,D017,3
2026-05-12 23:39:16,96,19,D018,3
2026-05-12 23:39:16,108,19,D012,3
2026-05-12 23:39:16,108,19,D012,3
2026-05-12 08:52:17,38,2,D002,1
2026-05-12 08:52:17,96,2,D001,2
2026-05-12 08:52:17,144,2,D001,3
2026-05-12 20:08:40,18,20,D007,1
2026-05-12 20:08:40,76,20,D002,2
2026-05-12 18:37:24,84,10,D008,3
2026-05-12 18:37:24,56,10,D008,2
2026-05-12 18:37:24,76,10,D002,2
2026-05-12 16:23:06,16,15,D009,1
2026-05-12 17:54:50,30,20,D013,2
2026-05-12 17:54:50,48,20,D001,1
2026-05-12 08:59:57,32,3,D003,1
2026-05-12 08:59:57,42,3,D005,1
2026-05-12 08:59:57,36,3,D007,2
2026-05-12 12:59:33,48,5,D001,1
2026-05-12 23:40:13,38,15,D002,1
2026-05-12 13:05:08,18,1,D007,1
2026-05-12 13:05:08,22,1,D004,1
2026-05-12 13:05:08,114,1,D002,3
2026-05-12 11:44:45,18,5,D007,1
2026-05-12 11:44:45,28,5,D008,1
2026-05-12 11:44:45,20,5,D014,1
2026-05-12 11:44:45,22,5,D015,1
2026-05-12 08:26:48,108,11,D006,3
2026-05-12 08:26:48,60,11,D014,3
2026-05-12 08:26:48,144,11,D001,3
2026-05-12 18:56:11,96,10,D001,2
2026-05-12 18:56:11,42,10,D005,1
2026-05-12 22:33:14,8,7,D016,1
2026-05-12 22:33:14,72,7,D011,3
2026-05-12 22:33:14,84,7,D008,3
2026-05-12 22:33:14,48,7,D011,2
2026-05-12 08:11:06,64,1,D003,2
2026-05-12 08:11:06,36,1,D012,1
2026-05-12 08:11:06,66,1,D015,3
2026-05-12 18:41:13,45,12,D013,3
2026-05-12 18:06:15,108,16,D006,3
2026-05-12 18:06:15,114,16,D002,3
2026-05-12 18:06:15,38,16,D002,1
2026-05-12 13:21:14,96,1,D001,2
2026-05-12 13:21:14,32,1,D003,1
2026-05-12 13:21:14,44,1,D004,2
2026-05-12 11:11:54,16,12,D016,2
2026-05-12 13:45:47,76,19,D002,2
2026-05-12 18:36:09,72,8,D020,3
2026-05-12 18:36:09,36,8,D010,3
2026-05-12 18:36:09,72,8,D011,3
2026-05-12 13:26:28,18,3,D007,1
2026-05-12 13:26:28,96,3,D018,3
2026-05-12 13:26:28,54,3,D019,3
2026-05-12 17:58:43,72,14,D006,2
2026-05-12 07:15:13,42,10,D005,1
2026-05-12 07:15:13,18,10,D007,1
2026-05-13 01:11:05,20,2,D014,1
2026-05-13 01:11:05,36,2,D010,3
2026-05-13 01:11:05,16,2,D009,1
2026-05-13 18:26:10,30,15,D013,2
2026-05-13 16:08:30,144,7,D001,3
2026-05-13 16:08:30,108,7,D012,3
2026-05-13 19:33:00,108,6,D012,3
2026-05-13 19:33:00,114,6,D002,3
2026-05-13 19:33:00,42,6,D005,1
2026-05-13 19:33:00,42,6,D005,1
2026-05-13 13:14:34,15,16,D013,1
2026-05-13 13:14:34,44,16,D015,2
2026-05-13 13:14:34,42,16,D005,1
2026-05-13 13:14:34,72,16,D006,2
2026-05-13 23:41:12,30,7,D013,2
2026-05-13 23:41:12,64,7,D018,2
2026-05-13 23:41:12,36,7,D007,2
2026-05-13 23:41:12,8,7,D016,1
2026-05-13 15:11:56,56,14,D017,2
2026-05-13 15:11:56,36,14,D010,3
2026-05-13 11:56:20,96,14,D003,3
2026-05-13 11:56:20,56,14,D008,2
2026-05-13 11:56:20,60,14,D014,3
2026-05-13 11:56:20,96,14,D003,3
2026-05-13 11:34:29,28,14,D008,1
2026-05-13 15:10:38,40,11,D014,2
2026-05-13 23:12:54,36,11,D006,1
2026-05-13 23:12:54,66,11,D004,3
2026-05-13 23:12:54,24,11,D016,3
2026-05-13 18:10:54,18,10,D007,1
2026-05-13 18:10:54,45,10,D013,3
2026-05-13 17:07:09,44,6,D004,2
2026-05-13 17:07:09,76,6,D002,2
2026-05-13 22:21:28,72,4,D020,3
2026-05-13 22:21:28,45,4,D013,3
2026-05-13 22:21:28,72,4,D012,2
2026-05-13 22:21:28,44,4,D015,2
2026-05-13 07:09:11,24,9,D016,3
2026-05-13 07:09:11,24,9,D010,2
2026-05-13 07:09:11,42,9,D005,1
2026-05-13 07:09:11,72,9,D006,2
2026-05-13 18:59:58,48,10,D011,2
2026-05-13 18:59:58,66,10,D004,3
2026-05-13 09:39:19,48,14,D009,3
2026-05-13 09:39:19,72,14,D006,2
2026-05-13 09:39:19,22,14,D004,1
2026-05-13 09:39:19,30,14,D013,2
2026-05-13 19:49:17,72,15,D006,2
2026-05-13 13:11:33,114,5,D002,3
2026-05-13 15:27:11,16,3,D009,1
2026-05-13 15:27:11,72,3,D006,2
2026-05-13 15:27:11,45,3,D013,3
2026-05-13 15:27:11,66,3,D015,3
2026-05-13 16:27:38,12,14,D010,1
2026-05-13 16:27:38,108,14,D012,3
2026-05-13 13:38:52,20,16,D014,1
2026-05-13 13:38:52,114,16,D002,3
2026-05-13 13:38:52,36,16,D007,2
2026-05-13 13:38:52,32,16,D003,1
2026-05-13 18:59:40,22,20,D004,1
2026-05-13 15:58:26,24,19,D011,1
2026-05-13 15:58:26,40,19,D014,2
2026-05-13 15:58:26,16,19,D016,2
2026-05-13 13:46:21,42,15,D005,1
2026-05-13 13:46:21,30,15,D013,2
2026-05-13 13:46:21,28,15,D008,1
2026-05-13 17:17:02,126,17,D005,3
2026-05-13 17:17:02,44,17,D004,2
2026-05-13 12:06:17,144,9,D001,3
2026-05-13 12:06:17,22,9,D004,1
2026-05-13 12:06:17,42,9,D005,1
2026-05-13 20:34:29,76,18,D002,2
2026-05-13 11:37:48,108,16,D006,3
2026-05-13 11:37:48,38,16,D002,1
2026-05-14 01:57:31,96,18,D003,3
2026-05-14 01:57:31,60,18,D014,3
2026-05-14 01:57:31,32,18,D009,2
2026-05-13 14:16:36,18,12,D019,1
2026-05-13 14:16:36,48,12,D009,3
2026-05-13 14:16:36,12,12,D010,1
2026-05-13 16:04:07,32,17,D018,1
2026-05-13 16:04:07,72,17,D011,3
2026-05-13 16:04:07,32,17,D018,1
2026-05-13 16:04:07,36,17,D010,3
2026-05-13 14:22:56,54,13,D007,3
2026-05-13 14:22:56,20,13,D014,1
2026-05-13 14:22:56,96,13,D018,3
2026-05-13 14:22:56,36,13,D019,2
2026-05-13 11:05:16,64,8,D003,2
2026-05-13 11:05:16,56,8,D017,2
2026-05-13 11:05:16,8,8,D016,1
2026-05-13 11:05:16,36,8,D006,1
2026-05-13 19:57:22,56,18,D008,2
2026-05-13 19:57:22,44,18,D004,2
2026-05-13 19:57:22,66,18,D004,3
2026-05-13 19:57:22,32,18,D003,1
2026-05-13 11:24:59,64,9,D003,2
2026-05-13 11:24:59,16,9,D016,2
2026-05-13 11:24:59,48,9,D001,1
2026-05-13 16:12:18,96,10,D018,3
2026-05-13 16:12:18,32,10,D009,2
2026-05-13 17:27:53,60,10,D014,3
2026-05-13 17:27:53,126,10,D005,3
2026-05-13 17:27:53,44,10,D004,2
2026-05-13 20:33:47,60,6,D014,3
2026-05-13 20:33:47,24,6,D016,3
2026-05-13 17:28:09,48,6,D009,3
2026-05-13 17:28:09,24,6,D011,1
2026-05-13 12:34:40,36,15,D007,2
2026-05-13 12:34:40,54,15,D007,3
2026-05-13 12:34:40,84,15,D008,3
2026-05-13 12:34:40,84,15,D005,2
2026-05-13 18:12:38,76,5,D002,2
2026-05-13 18:12:38,48,5,D001,1
2026-05-13 18:12:38,84,5,D005,2
2026-05-13 18:12:38,56,5,D008,2
2026-05-13 09:05:18,22,13,D015,1
2026-05-13 09:05:18,114,13,D002,3
2026-05-13 09:05:18,96,13,D001,2
2026-05-13 09:05:18,76,13,D002,2
2026-05-13 18:20:38,144,8,D001,3
2026-05-13 18:20:38,54,8,D007,3
2026-05-13 18:20:38,54,8,D007,3
2026-05-13 18:20:38,36,8,D006,1
2026-05-13 07:38:01,76,2,D002,2
2026-05-13 07:38:01,20,2,D014,1
2026-05-13 11:56:19,56,8,D008,2
2026-05-13 11:56:19,108,8,D006,3
2026-05-13 20:39:48,44,2,D015,2
2026-05-13 23:29:57,66,6,D004,3
2026-05-13 23:29:57,66,6,D015,3
2026-05-13 11:14:44,54,11,D007,3
2026-05-13 11:14:44,8,11,D016,1
2026-05-13 11:14:44,18,11,D007,1
2026-05-13 11:14:44,24,11,D016,3
2026-05-13 12:23:41,24,18,D016,3
2026-05-13 12:00:40,28,10,D008,1
2026-05-13 12:00:40,18,10,D007,1
2026-05-13 12:00:40,84,10,D005,2
2026-05-13 12:00:40,66,10,D015,3
2026-05-14 00:21:53,48,14,D009,3
2026-05-14 00:21:53,72,14,D020,3
2026-05-14 00:21:53,12,14,D010,1
2026-05-13 16:14:56,16,1,D009,1
2026-05-13 16:14:56,84,1,D017,3
2026-05-13 12:25:04,76,14,D002,2
2026-05-13 12:25:04,24,14,D010,2
2026-05-13 08:05:13,36,10,D007,2
2026-05-13 08:05:13,108,10,D006,3
2026-05-13 11:22:47,48,18,D001,1
2026-05-13 11:22:47,12,18,D010,1
2026-05-13 11:22:47,84,18,D008,3
2026-05-13 11:22:47,66,18,D004,3
2026-05-13 11:15:50,32,1,D003,1
2026-05-13 11:15:50,64,1,D003,2
2026-05-13 11:15:50,48,1,D001,1
2026-05-13 11:15:50,32,1,D003,1
2026-05-13 17:11:18,32,16,D003,1
2026-05-13 19:16:24,36,18,D007,2
2026-05-13 19:16:24,36,18,D006,1
2026-05-13 19:16:24,144,18,D001,3
2026-05-13 13:29:29,54,14,D007,3
2026-05-13 13:29:29,56,14,D008,2
2026-05-13 12:57:35,72,6,D006,2
2026-05-13 12:57:35,96,6,D003,3
2026-05-13 12:57:35,45,6,D013,3
2026-05-13 15:35:06,66,15,D004,3
2026-05-13 15:35:06,30,15,D013,2
2026-05-13 13:40:23,64,18,D003,2
2026-05-13 13:40:23,40,18,D014,2
2026-05-13 13:34:49,20,20,D014,1
2026-05-13 13:34:49,32,20,D003,1
2026-05-13 13:34:49,22,20,D004,1
2026-05-13 11:28:25,45,11,D013,3
2026-05-13 11:28:25,56,11,D008,2
2026-05-13 11:28:25,96,11,D003,3
2026-05-13 23:31:34,44,19,D015,2
2026-05-13 23:31:34,40,19,D014,2
2026-05-13 09:03:29,126,5,D005,3
2026-05-13 09:03:29,40,5,D014,2
2026-05-13 09:03:29,66,5,D015,3
2026-05-13 09:03:29,54,5,D007,3
2026-05-13 19:23:03,64,12,D018,2
2026-05-13 19:23:03,96,12,D003,3
2026-05-13 19:23:03,54,12,D007,3
2026-05-13 07:47:29,72,12,D012,2
2026-05-13 07:47:29,16,12,D016,2
2026-05-13 07:47:29,96,12,D003,3
2026-05-13 07:47:29,20,12,D014,1
2026-05-13 12:12:35,56,3,D017,2
2026-05-13 15:31:13,84,3,D008,3
2026-05-13 13:27:23,96,17,D003,3
2026-05-13 13:27:23,28,17,D008,1
2026-05-13 11:43:35,108,18,D006,3
2026-05-13 11:43:35,56,18,D008,2
2026-05-13 11:43:35,38,18,D002,1
2026-05-13 17:03:25,66,15,D004,3
2026-05-13 17:03:25,32,15,D003,1
2026-05-13 17:03:25,45,15,D013,3
2026-05-13 17:03:25,84,15,D008,3
2026-05-13 11:28:51,96,18,D001,2
2026-05-13 11:28:51,126,18,D005,3
2026-05-13 13:52:27,60,8,D014,3
2026-05-13 17:18:26,64,17,D003,2
2026-05-13 07:02:48,144,14,D001,3
2026-05-13 19:42:34,56,5,D008,2
2026-05-13 15:18:46,42,8,D005,1
2026-05-13 15:18:46,108,8,D012,3
2026-05-13 15:18:46,24,8,D011,1
2026-05-13 15:18:46,40,8,D014,2
2026-05-13 20:56:34,22,6,D015,1
2026-05-13 20:56:34,60,6,D014,3
2026-05-13 20:56:34,54,6,D007,3
2026-05-13 09:56:38,66,8,D004,3
2026-05-13 18:43:01,48,10,D001,1
2026-05-13 08:51:37,144,10,D001,3
2026-05-13 08:51:37,38,10,D002,1
2026-05-13 08:51:37,126,10,D005,3
2026-05-13 08:51:37,36,10,D006,1
2026-05-13 18:47:55,30,12,D013,2
2026-05-13 18:47:55,16,12,D016,2
2026-05-13 18:47:55,44,12,D004,2
2026-05-13 07:36:35,38,20,D002,1
2026-05-13 06:42:43,38,16,D002,1
2026-05-13 06:42:43,66,16,D015,3
2026-05-13 06:42:43,54,16,D007,3
2026-05-13 19:54:00,56,6,D008,2
2026-05-13 19:54:00,42,6,D005,1
2026-05-13 19:54:00,32,6,D003,1
2026-05-13 19:54:00,42,6,D005,1
2026-05-13 11:25:56,38,8,D002,1
2026-05-14 12:33:38,60,5,D014,3
2026-05-14 12:33:38,96,5,D003,3
2026-05-14 23:13:09,24,13,D010,2
2026-05-14 23:13:09,40,13,D014,2
2026-05-14 23:13:09,48,13,D011,2
2026-05-14 23:13:09,144,13,D001,3
2026-05-14 12:28:12,36,3,D019,2
2026-05-14 15:04:52,72,9,D020,3
2026-05-14 15:04:52,24,9,D010,2
2026-05-14 08:40:06,16,4,D016,2
2026-05-14 08:40:06,48,4,D009,3
2026-05-14 08:40:06,24,4,D011,1
2026-05-14 08:40:06,15,4,D013,1
2026-05-14 11:28:33,38,14,D002,1
2026-05-14 11:28:33,38,14,D002,1
2026-05-14 12:56:28,22,5,D004,1
2026-05-14 12:41:55,54,7,D007,3
2026-05-14 06:37:11,84,18,D008,3
2026-05-14 06:37:11,54,18,D007,3
2026-05-14 16:56:50,18,11,D019,1
2026-05-14 16:56:50,36,11,D012,1
2026-05-14 20:51:22,32,17,D003,1
2026-05-14 20:51:22,84,17,D005,2
2026-05-14 20:51:22,56,17,D008,2
2026-05-14 14:09:43,76,16,D002,2
2026-05-14 13:21:08,64,3,D003,2
2026-05-14 13:10:48,18,3,D007,1
2026-05-14 13:10:48,72,3,D011,3
2026-05-14 22:34:24,72,15,D006,2
2026-05-14 21:59:39,72,18,D012,2
2026-05-14 21:59:39,36,18,D012,1
2026-05-14 21:59:39,15,18,D013,1
2026-05-14 21:59:39,24,18,D010,2
2026-05-14 16:27:10,84,19,D017,3
2026-05-14 16:27:10,48,19,D011,2
2026-05-14 16:27:10,18,19,D019,1
2026-05-14 16:27:10,12,19,D010,1
2026-05-14 11:15:22,15,17,D013,1
2026-05-14 11:15:22,36,17,D010,3
2026-05-14 11:15:22,56,17,D008,2
2026-05-14 11:15:22,22,17,D004,1
2026-05-14 12:44:59,22,8,D004,1
2026-05-14 12:44:59,96,8,D001,2
2026-05-15 01:17:13,24,8,D011,1
2026-05-15 01:17:13,12,8,D010,1
2026-05-14 11:14:16,15,4,D013,1
2026-05-14 11:14:16,126,4,D005,3
2026-05-14 13:14:57,84,6,D005,2
2026-05-14 13:14:57,126,6,D005,3
2026-05-14 13:14:57,38,6,D002,1
2026-05-14 13:14:57,126,6,D005,3
2026-05-14 18:06:51,56,3,D008,2
2026-05-14 23:23:32,24,13,D010,2
2026-05-14 23:23:32,15,13,D013,1
2026-05-14 23:23:32,20,13,D014,1
2026-05-14 22:25:00,40,7,D014,2
2026-05-14 13:48:52,56,14,D008,2
2026-05-14 13:48:52,72,14,D012,2
2026-05-14 14:33:57,8,19,D016,1
2026-05-14 14:20:19,44,13,D015,2
2026-05-14 14:20:19,8,13,D016,1
2026-05-14 14:20:19,15,13,D013,1
2026-05-14 14:20:19,18,13,D007,1
2026-05-14 08:22:36,22,10,D004,1
2026-05-14 08:22:36,44,10,D015,2
2026-05-14 20:51:20,32,15,D009,2
2026-05-14 08:31:20,108,19,D012,3
2026-05-14 08:31:20,108,19,D006,3
2026-05-14 11:15:06,8,13,D016,1
2026-05-14 11:15:06,38,13,D002,1
2026-05-14 11:15:06,126,13,D005,3
2026-05-14 09:43:24,36,3,D006,1
2026-05-14 09:43:24,48,3,D011,2
2026-05-14 20:00:59,84,5,D008,3
2026-05-14 20:00:59,12,5,D010,1
2026-05-14 20:00:59,66,5,D004,3
2026-05-14 20:00:59,54,5,D019,3
2026-05-14 15:33:01,48,2,D009,3
2026-05-14 15:33:01,72,2,D012,2
2026-05-14 15:33:01,22,2,D015,1
2026-05-14 12:45:21,84,4,D008,3
2026-05-14 12:45:21,72,4,D012,2
2026-05-14 18:21:18,66,2,D004,3
2026-05-14 18:21:18,144,2,D001,3
2026-05-14 21:41:30,108,7,D012,3
2026-05-14 21:41:30,32,7,D003,1
2026-05-14 21:41:30,36,7,D006,1
2026-05-14 11:32:33,66,4,D015,3
2026-05-14 11:32:33,44,4,D004,2
2026-05-14 19:48:44,32,10,D018,1
2026-05-14 19:48:44,24,10,D011,1
2026-05-14 19:48:44,32,10,D018,1
2026-05-14 19:48:44,40,10,D014,2
2026-05-14 17:32:34,44,1,D004,2
2026-05-14 17:32:34,108,1,D006,3
2026-05-14 17:32:34,38,1,D002,1
2026-05-14 12:27:18,114,17,D002,3
2026-05-14 12:27:18,15,17,D013,1
2026-05-14 12:27:18,60,17,D014,3
2026-05-14 15:36:01,108,9,D012,3
2026-05-14 15:36:01,36,9,D019,2
2026-05-14 15:36:01,72,9,D020,3
2026-05-14 15:36:01,42,9,D005,1
2026-05-14 12:16:55,126,9,D005,3
2026-05-14 12:16:55,76,9,D002,2
2026-05-14 12:16:55,44,9,D004,2
2026-05-14 12:16:55,84,9,D008,3
2026-05-14 14:02:13,36,18,D010,3
2026-05-14 13:01:37,72,7,D006,2
2026-05-14 08:43:38,38,11,D002,1
2026-05-14 11:09:55,40,14,D014,2
2026-05-14 20:21:54,48,10,D001,1
2026-05-14 20:21:54,18,10,D007,1
2026-05-14 20:21:54,48,10,D001,1
2026-05-15 01:34:49,66,11,D015,3
2026-05-14 22:14:30,48,18,D009,3
2026-05-14 22:14:30,48,18,D001,1
2026-05-14 22:14:30,44,18,D004,2
2026-05-14 22:14:30,30,18,D013,2
2026-05-15 00:58:03,24,5,D016,3
2026-05-15 00:58:03,72,5,D020,3
2026-05-15 00:58:03,28,5,D017,1
2026-05-15 00:58:03,36,5,D019,2
2026-05-14 09:44:24,44,5,D015,2
2026-05-14 12:00:03,108,20,D006,3
2026-05-14 12:00:03,72,20,D011,3
2026-05-14 11:02:19,18,11,D007,1
2026-05-14 11:02:19,38,11,D002,1
2026-05-14 07:34:26,36,9,D006,1
2026-05-14 07:34:26,36,9,D007,2
2026-05-14 07:34:26,32,9,D003,1
2026-05-14 07:34:26,60,9,D014,3
2026-05-14 14:11:43,48,20,D009,3
2026-05-14 14:11:43,8,20,D016,1
2026-05-14 14:11:43,15,20,D013,1
2026-05-14 14:11:43,66,20,D015,3
2026-05-14 06:08:56,96,10,D001,2
2026-05-14 06:08:56,54,10,D007,3
2026-05-14 06:08:56,108,10,D006,3
2026-05-14 12:56:16,144,12,D001,3
2026-05-14 12:30:36,114,18,D002,3
2026-05-14 12:30:36,144,18,D001,3
2026-05-14 12:30:36,84,18,D008,3
2026-05-14 13:20:19,108,16,D006,3
2026-05-14 13:20:19,18,16,D007,1
2026-05-14 14:09:04,32,9,D018,1
2026-05-14 13:28:32,44,18,D004,2
2026-05-14 19:36:40,18,19,D007,1
2026-05-14 19:36:40,108,19,D006,3
2026-05-14 19:36:40,36,19,D007,2
2026-05-14 20:52:31,56,7,D008,2
2026-05-14 20:52:31,84,7,D017,3
2026-05-14 20:52:31,48,7,D001,1
2026-05-14 20:52:31,96,7,D003,3
2026-05-14 06:09:15,84,13,D005,2
2026-05-14 06:09:15,32,13,D003,1
2026-05-14 20:12:51,114,5,D002,3
2026-05-14 20:12:51,22,5,D015,1
2026-05-14 20:12:51,36,5,D006,1
2026-05-14 20:12:51,60,5,D014,3
2026-05-14 07:18:43,64,1,D003,2
2026-05-14 07:18:43,36,1,D012,1
2026-05-14 07:18:43,114,1,D002,3
2026-05-14 14:51:05,12,12,D010,1
2026-05-14 14:51:05,44,12,D015,2
2026-05-14 14:51:05,36,12,D019,2
2026-05-14 14:51:05,24,12,D016,3
2026-05-14 15:30:43,36,3,D012,1
2026-05-14 15:30:43,66,3,D015,3
2026-05-14 15:30:43,72,3,D020,3
2026-05-14 08:55:47,96,3,D003,3
2026-05-14 08:55:47,45,3,D013,3
2026-05-14 08:55:47,96,3,D003,3
2026-05-14 08:55:47,28,3,D008,1
2026-05-14 15:12:14,18,20,D019,1
2026-05-14 14:10:32,36,2,D012,1
2026-05-14 14:10:32,44,2,D015,2
2026-05-14 14:10:32,84,2,D017,3
2026-05-14 08:21:38,38,9,D002,1
2026-05-14 08:21:38,84,9,D005,2
2026-05-14 16:10:25,44,7,D015,2
2026-05-14 16:10:25,40,7,D014,2
2026-05-14 13:35:17,72,10,D012,2
2026-05-15 01:23:25,48,9,D011,2
2026-05-15 01:23:25,44,9,D015,2
2026-05-14 16:36:47,22,3,D015,1
2026-05-14 16:36:47,28,3,D017,1
2026-05-14 16:36:47,56,3,D008,2
2026-05-14 17:39:34,56,8,D017,2
2026-05-14 17:39:34,28,8,D008,1
2026-05-14 08:23:19,28,11,D008,1
2026-05-14 08:23:19,42,11,D005,1
2026-05-14 07:43:11,96,11,D001,2
2026-05-14 07:43:11,72,11,D006,2
2026-05-14 07:43:11,44,11,D004,2
2026-05-14 12:22:55,76,11,D002,2
2026-05-14 12:22:55,60,11,D014,3
2026-05-14 12:22:55,36,11,D006,1
2026-05-14 12:22:55,66,11,D004,3
2026-05-14 16:34:53,72,17,D011,3
2026-05-14 21:24:55,48,4,D011,2
2026-05-14 21:24:55,24,4,D016,3
2026-05-14 11:39:25,18,4,D007,1
2026-05-14 19:19:46,114,8,D002,3
2026-05-14 19:19:46,36,8,D006,1
2026-05-14 19:19:46,20,8,D014,1
2026-05-14 16:32:20,16,15,D016,2
2026-05-14 16:32:20,54,15,D019,3
2026-05-14 16:32:20,108,15,D012,3
2026-05-14 15:38:14,16,12,D009,1
2026-05-14 16:54:08,56,11,D008,2
2026-05-14 16:54:08,66,11,D015,3
2026-05-14 16:54:08,44,11,D015,2
2026-05-14 19:42:47,36,16,D012,1
2026-05-14 19:42:47,144,16,D001,3
2026-05-14 22:30:53,126,3,D005,3
2026-05-14 22:30:53,96,3,D018,3
2026-05-14 22:30:53,36,3,D007,2
2026-05-14 22:30:53,144,3,D001,3
2026-05-14 18:36:44,36,14,D007,2
2026-05-14 19:42:30,24,7,D016,3
2026-05-14 19:42:30,64,7,D003,2
2026-05-14 19:42:30,44,7,D015,2
2026-05-14 19:42:30,44,7,D004,2
2026-05-14 20:03:11,144,13,D001,3
2026-05-14 20:03:11,15,13,D013,1
2026-05-14 20:03:11,56,13,D008,2
2026-05-14 20:03:11,96,13,D003,3
2026-05-15 01:07:42,24,15,D010,2
2026-05-15 01:07:42,114,15,D002,3
2026-05-14 09:44:58,54,14,D007,3
2026-05-14 09:44:58,18,14,D007,1
2026-05-14 09:44:58,45,14,D013,3
2026-05-14 09:44:58,15,14,D013,1
2026-05-14 14:54:04,54,19,D019,3
2026-05-14 14:54:04,30,19,D013,2
2026-05-14 14:54:04,36,19,D006,1
2026-05-14 14:54:04,15,19,D013,1
2026-05-14 13:32:15,24,19,D016,3
2026-05-14 13:32:15,108,19,D006,3
2026-05-14 13:32:15,42,19,D005,1
2026-05-15 12:56:19,42,13,D005,1
2026-05-15 12:56:19,114,13,D002,3
2026-05-15 12:56:19,108,13,D012,3
2026-05-15 12:58:33,18,13,D007,1
2026-05-15 12:58:33,24,13,D010,2
2026-05-15 12:58:33,32,13,D003,1
2026-05-15 12:58:33,48,13,D001,1
2026-05-15 17:27:35,18,18,D007,1
2026-05-15 17:17:47,8,15,D016,1
2026-05-15 17:38:20,72,11,D006,2
2026-05-15 17:38:20,66,11,D015,3
2026-05-15 17:38:20,56,11,D008,2
2026-05-15 17:38:20,54,11,D019,3
2026-05-15 14:11:27,108,4,D012,3
2026-05-15 14:11:27,56,4,D017,2
2026-05-15 14:11:27,72,4,D020,3
2026-05-15 06:57:59,84,19,D005,2
2026-05-15 06:57:59,36,19,D006,1
2026-05-15 06:57:59,96,19,D003,3
2026-05-15 07:10:49,60,9,D014,3
2026-05-15 14:49:16,44,16,D004,2
2026-05-15 14:49:16,36,16,D010,3
2026-05-15 14:49:16,38,16,D002,1
2026-05-15 13:04:56,24,8,D020,1
2026-05-15 13:04:56,96,8,D001,2
2026-05-15 13:04:56,114,8,D002,3
2026-05-15 13:04:56,72,8,D006,2
2026-05-15 14:51:29,40,19,D014,2
2026-05-15 14:51:29,24,19,D016,3
2026-05-15 15:57:26,64,11,D003,2
2026-05-15 15:57:26,60,11,D014,3
2026-05-15 15:57:26,84,11,D005,2
2026-05-15 12:03:00,18,4,D007,1
2026-05-16 01:43:18,60,4,D014,3
2026-05-16 01:43:18,45,4,D013,3
2026-05-16 01:43:18,36,4,D012,1
2026-05-16 01:43:18,8,4,D016,1
2026-05-15 15:52:07,15,10,D013,1
2026-05-15 15:52:07,96,10,D018,3
2026-05-15 15:52:07,18,10,D019,1
2026-05-15 15:52:07,22,10,D015,1
2026-05-15 06:41:33,84,7,D008,3
2026-05-15 06:41:33,96,7,D001,2
2026-05-15 06:41:33,96,7,D001,2
2026-05-15 08:59:50,38,15,D002,1
2026-05-16 01:03:55,72,11,D012,2
2026-05-16 01:03:55,16,11,D016,2
2026-05-16 01:03:55,40,11,D014,2
2026-05-16 01:03:55,84,11,D005,2
2026-05-15 08:24:49,44,13,D004,2
2026-05-15 08:24:49,60,13,D014,3
2026-05-15 08:24:49,48,13,D001,1
2026-05-15 11:40:07,28,12,D008,1
2026-05-16 00:02:14,12,11,D010,1
2026-05-16 00:02:14,54,11,D007,3
2026-05-16 00:02:14,48,11,D009,3
2026-05-16 00:02:14,72,11,D012,2
2026-05-15 20:29:06,144,14,D001,3
2026-05-15 20:29:06,36,14,D012,1
2026-05-15 20:29:06,36,14,D007,2
2026-05-15 20:29:06,84,14,D005,2
2026-05-15 20:59:32,48,1,D001,1
2026-05-15 20:59:32,96,1,D001,2
2026-05-15 16:00:20,44,3,D015,2
2026-05-15 16:00:20,24,3,D016,3
2026-05-15 16:00:20,66,3,D015,3
2026-05-15 12:29:13,108,2,D006,3
2026-05-15 12:29:13,144,2,D001,3
2026-05-15 09:38:12,38,20,D002,1
2026-05-15 09:38:12,96,20,D003,3
2026-05-15 11:10:25,66,13,D004,3
2026-05-15 11:10:25,38,13,D002,1
2026-05-15 11:10:25,20,13,D014,1
2026-05-15 11:10:25,42,13,D005,1
2026-05-15 12:53:03,66,14,D004,3
2026-05-15 12:53:03,72,14,D006,2
2026-05-15 12:53:03,32,14,D003,1
2026-05-15 11:45:25,72,4,D006,2
2026-05-15 11:45:25,22,4,D015,1
2026-05-15 11:45:25,72,4,D006,2
2026-05-15 23:16:31,54,3,D019,3
2026-05-15 12:13:40,48,14,D009,3
2026-05-15 13:38:15,76,8,D002,2
2026-05-15 12:44:07,42,20,D005,1
2026-05-15 12:44:07,40,20,D014,2
2026-05-15 12:44:07,76,20,D002,2
2026-05-15 12:44:07,36,20,D006,1
2026-05-15 22:53:24,45,5,D013,3
2026-05-15 06:46:03,20,13,D014,1
2026-05-15 06:46:03,144,13,D001,3
2026-05-15 06:46:03,36,13,D006,1
2026-05-15 12:45:02,96,6,D003,3
2026-05-15 19:45:07,18,15,D007,1
2026-05-15 19:45:07,72,15,D006,2
2026-05-15 19:45:07,24,15,D010,2
2026-05-15 19:45:07,72,15,D020,3
2026-05-15 18:33:42,72,7,D006,2
2026-05-15 18:33:42,66,7,D015,3
2026-05-15 18:33:42,42,7,D005,1
2026-05-15 14:55:02,22,11,D004,1
2026-05-15 16:40:28,24,18,D011,1
2026-05-15 16:40:28,36,18,D007,2
2026-05-15 11:48:51,38,15,D002,1
2026-05-15 12:32:33,96,13,D003,3
2026-05-15 18:07:24,16,4,D016,2
2026-05-15 18:07:24,28,4,D008,1
2026-05-15 18:07:24,36,4,D006,1
2026-05-15 18:07:24,54,4,D007,3
2026-05-15 12:03:09,72,14,D020,3
2026-05-15 12:03:09,24,14,D010,2
2026-05-15 12:03:09,60,14,D014,3
2026-05-15 20:50:57,66,2,D004,3
2026-05-15 20:50:57,76,2,D002,2
2026-05-15 20:50:57,144,2,D001,3
2026-05-15 20:50:57,72,2,D011,3
2026-05-15 13:00:07,60,13,D014,3
2026-05-15 20:05:08,96,5,D001,2
2026-05-15 08:44:44,24,3,D010,2
2026-05-15 08:44:44,56,3,D008,2
2026-05-15 08:40:16,60,19,D014,3
2026-05-15 08:40:16,56,19,D008,2
2026-05-15 14:21:42,30,16,D013,2
2026-05-15 13:59:30,56,6,D008,2
2026-05-15 18:16:19,126,11,D005,3
2026-05-15 17:57:07,36,19,D012,1
2026-05-15 17:57:07,18,19,D007,1
2026-05-15 16:28:14,32,19,D009,2
2026-05-15 16:28:14,40,19,D014,2
2026-05-15 16:28:14,72,19,D012,2
2026-05-15 16:28:14,36,19,D010,3
2026-05-15 18:27:38,54,11,D007,3
2026-05-15 13:39:26,84,19,D008,3
2026-05-15 13:16:21,126,14,D005,3
2026-05-15 13:16:21,32,14,D009,2
2026-05-15 13:16:21,36,14,D010,3
2026-05-15 13:16:21,56,14,D008,2
2026-05-15 09:31:56,16,5,D016,2
2026-05-15 09:31:56,84,5,D005,2
2026-05-15 09:55:48,28,2,D008,1
2026-05-15 09:55:48,114,2,D002,3
2026-05-15 09:55:48,42,2,D005,1
2026-05-15 09:55:48,45,2,D013,3
2026-05-15 16:18:16,32,18,D018,1
2026-05-15 11:10:36,12,17,D010,1
2026-05-15 11:10:36,28,17,D008,1
2026-05-15 11:10:36,72,17,D006,2
2026-05-15 11:10:36,12,17,D010,1
2026-05-15 06:25:29,66,13,D015,3
2026-05-15 06:25:29,42,13,D005,1
2026-05-15 06:25:29,44,13,D004,2
2026-05-15 12:56:43,108,1,D006,3
2026-05-15 12:56:43,54,1,D007,3
2026-05-15 20:49:42,66,19,D004,3
2026-05-15 20:49:42,8,19,D016,1
2026-05-15 20:49:42,40,19,D014,2
2026-05-15 20:49:42,8,19,D016,1
2026-05-15 13:24:41,44,18,D004,2
2026-05-15 13:24:41,64,18,D003,2
2026-05-15 12:50:02,18,10,D007,1
2026-05-15 17:03:41,15,10,D013,1
2026-05-15 17:03:41,32,10,D003,1
2026-05-15 17:03:41,18,10,D007,1
2026-05-15 20:39:10,32,6,D003,1
2026-05-15 20:39:10,144,6,D001,3
2026-05-16 01:13:04,44,11,D015,2
2026-05-16 01:13:04,48,11,D009,3
2026-05-16 01:13:04,36,11,D012,1
2026-05-16 01:13:04,72,11,D012,2
2026-05-15 20:32:32,22,13,D015,1
2026-05-15 12:57:37,28,11,D008,1
2026-05-15 12:57:37,38,11,D002,1
2026-05-15 12:57:37,18,11,D019,1
2026-05-15 12:57:37,38,11,D002,1
2026-05-15 06:48:32,44,13,D004,2
2026-05-15 06:48:32,66,13,D004,3
2026-05-15 06:48:32,64,13,D003,2
2026-05-15 18:06:40,96,6,D003,3
2026-05-15 18:06:40,42,6,D005,1
2026-05-15 16:35:23,44,3,D015,2
2026-05-15 16:35:23,36,3,D019,2
2026-05-15 16:35:23,24,3,D011,1
2026-05-15 21:20:58,48,1,D009,3
2026-05-15 21:20:58,72,1,D011,3
2026-05-15 21:20:58,96,1,D003,3
2026-05-15 12:49:23,32,7,D003,1
2026-05-15 12:49:23,36,7,D006,1
2026-05-15 12:49:23,114,7,D002,3
2026-05-15 12:49:23,66,7,D015,3
2026-05-15 11:42:53,54,12,D007,3
2026-05-15 11:42:53,60,12,D014,3
2026-05-15 11:42:53,66,12,D015,3
2026-05-15 11:42:53,76,12,D002,2
2026-05-16 00:10:17,22,20,D004,1
2026-05-16 00:10:17,22,20,D015,1
2026-05-15 19:09:12,76,18,D002,2
2026-05-15 19:09:12,36,18,D006,1
2026-05-15 19:09:12,64,18,D003,2
2026-05-15 19:09:12,48,18,D001,1
2026-05-15 14:59:22,44,2,D015,2
2026-05-15 14:59:22,60,2,D014,3
2026-05-15 14:59:22,24,2,D010,2
2026-05-15 14:59:22,30,2,D013,2
2026-05-15 16:55:23,24,1,D010,2
2026-05-15 16:55:23,66,1,D015,3
2026-05-15 20:28:46,126,17,D005,3
2026-05-15 13:33:17,144,9,D001,3
2026-05-15 13:33:17,18,9,D007,1
2026-05-15 20:23:58,108,13,D012,3
2026-05-15 20:23:58,36,13,D006,1
2026-05-15 20:23:58,8,13,D016,1
2026-05-15 20:25:22,16,7,D016,2
2026-05-15 20:25:22,18,7,D007,1
2026-05-15 20:25:22,76,7,D002,2
2026-05-15 18:42:39,44,16,D004,2
2026-05-16 01:42:40,48,12,D011,2
2026-05-16 01:42:40,144,12,D001,3
2026-05-15 11:36:26,56,6,D008,2
2026-05-15 11:36:26,8,6,D016,1
2026-05-15 11:36:26,36,6,D006,1
2026-05-15 06:14:47,72,2,D011,3
2026-05-15 06:14:47,16,2,D016,2
2026-05-15 13:37:57,114,17,D002,3
2026-05-15 18:52:50,54,18,D007,3
2026-05-15 18:52:50,66,18,D004,3
2026-05-15 21:49:54,44,7,D015,2
2026-05-15 21:49:54,16,7,D009,1
2026-05-15 21:49:54,8,7,D016,1
2026-05-15 21:49:54,38,7,D002,1
2026-05-15 20:10:29,45,13,D013,3
2026-05-15 20:10:29,66,13,D015,3
2026-05-15 20:10:29,96,13,D003,3
2026-05-15 13:04:52,44,2,D004,2
2026-05-15 13:04:52,42,2,D005,1
2026-05-15 13:04:52,76,2,D002,2
2026-05-15 15:32:25,22,7,D015,1
2026-05-15 15:32:25,32,7,D009,2
2026-05-15 15:32:25,36,7,D019,2
2026-05-15 15:32:25,72,7,D011,3
2026-05-16 00:53:40,12,11,D010,1
2026-05-16 00:53:40,12,11,D010,1
2026-05-16 00:53:40,36,11,D010,3
2026-05-15 19:50:42,108,1,D012,3
2026-05-15 19:50:42,36,1,D007,2
2026-05-15 09:12:54,72,12,D006,2
2026-05-15 09:12:54,42,12,D005,1
2026-05-15 09:12:54,22,12,D004,1
2026-05-15 09:12:54,22,12,D004,1
2026-05-15 17:41:57,64,20,D003,2
2026-05-15 06:03:53,44,6,D004,2
2026-05-15 06:03:53,84,6,D008,3
2026-05-15 06:03:53,8,6,D016,1
2026-05-15 06:03:53,44,6,D004,2
2026-05-15 22:52:09,32,15,D009,2
2026-05-15 07:14:24,108,17,D006,3
2026-05-15 20:29:55,66,19,D004,3
2026-05-16 17:42:51,24,11,D016,3
2026-05-16 17:42:51,76,11,D002,2
2026-05-16 12:14:11,56,8,D008,2
2026-05-16 12:14:11,28,8,D008,1
2026-05-16 11:10:49,24,7,D020,1
2026-05-16 11:10:49,84,7,D008,3
2026-05-16 11:10:49,66,7,D004,3
2026-05-16 11:10:49,18,7,D007,1
2026-05-16 13:13:26,36,3,D007,2
2026-05-16 11:09:07,44,16,D015,2
2026-05-16 17:40:35,48,13,D020,2
2026-05-16 09:37:33,36,9,D006,1
2026-05-16 12:13:21,36,9,D007,2
2026-05-16 12:13:21,76,9,D002,2
2026-05-16 12:13:21,30,9,D013,2
2026-05-16 16:33:21,64,11,D018,2
2026-05-16 16:33:21,54,11,D007,3
2026-05-16 13:37:44,126,18,D005,3
2026-05-16 13:37:44,72,18,D006,2
2026-05-16 13:37:44,96,18,D003,3
2026-05-16 13:37:44,24,18,D016,3
2026-05-16 06:55:48,54,17,D007,3
2026-05-16 06:55:48,44,17,D015,2
2026-05-16 06:55:48,84,17,D008,3
2026-05-16 06:55:48,18,17,D007,1
2026-05-16 15:57:17,84,12,D005,2
2026-05-16 13:27:55,108,8,D006,3
2026-05-16 13:27:55,84,8,D008,3
2026-05-16 18:14:24,66,6,D004,3
2026-05-16 18:14:24,24,6,D020,1
2026-05-16 18:14:24,18,6,D007,1
2026-05-16 18:14:24,42,6,D005,1
2026-05-16 17:00:06,42,8,D005,1
2026-05-16 17:00:06,144,8,D001,3
2026-05-16 16:13:05,24,17,D016,3
2026-05-16 16:13:05,32,17,D009,2
2026-05-16 16:13:05,40,17,D014,2
2026-05-16 09:31:10,66,12,D004,3
2026-05-16 09:31:10,144,12,D001,3
2026-05-16 09:31:10,48,12,D001,1
2026-05-16 09:31:10,24,12,D016,3
2026-05-16 08:51:06,66,14,D015,3
2026-05-16 08:51:06,96,14,D003,3
2026-05-16 18:29:39,84,12,D017,3
2026-05-16 23:33:42,15,6,D013,1
2026-05-16 23:33:42,36,6,D010,3
2026-05-16 23:33:42,126,6,D005,3
2026-05-16 23:33:42,44,6,D015,2
2026-05-16 19:56:09,56,5,D017,2
2026-05-16 19:56:09,22,5,D004,1
2026-05-16 19:56:09,32,5,D003,1
2026-05-16 19:56:09,48,5,D001,1
2026-05-16 07:50:43,108,12,D006,3
2026-05-16 07:50:43,22,12,D004,1
2026-05-16 18:49:42,96,16,D001,2
2026-05-16 18:49:42,38,16,D002,1
2026-05-16 18:49:42,96,16,D003,3
2026-05-16 18:49:42,114,16,D002,3
2026-05-16 21:47:18,48,11,D011,2
2026-05-16 21:47:18,32,11,D018,1
2026-05-16 21:47:18,20,11,D014,1
2026-05-16 16:50:44,28,5,D017,1
2026-05-16 16:50:44,8,5,D016,1
2026-05-16 17:35:39,64,4,D003,2
2026-05-16 17:35:39,38,4,D002,1
2026-05-16 17:35:39,114,4,D002,3
2026-05-16 17:28:54,76,14,D002,2
2026-05-16 17:28:54,32,14,D003,1
2026-05-16 20:03:31,20,10,D014,1
2026-05-16 20:03:31,108,10,D012,3
2026-05-16 16:12:18,22,17,D015,1
2026-05-16 16:12:18,48,17,D009,3
2026-05-16 14:31:23,48,19,D009,3
2026-05-16 14:31:23,36,19,D010,3
2026-05-16 14:31:23,44,19,D015,2
2026-05-16 18:56:01,64,4,D003,2
2026-05-16 18:56:01,30,4,D013,2
2026-05-16 18:56:01,96,4,D018,3
2026-05-16 12:36:34,36,19,D012,1
2026-05-16 12:36:34,108,19,D006,3
2026-05-16 11:50:19,72,8,D011,3
2026-05-16 13:39:45,72,19,D012,2
2026-05-16 13:39:45,108,19,D006,3
2026-05-16 13:39:45,56,19,D008,2
2026-05-16 13:39:45,108,19,D006,3
2026-05-16 13:59:10,76,19,D002,2
2026-05-16 13:59:10,44,19,D004,2
2026-05-16 13:59:10,72,19,D011,3
2026-05-16 11:02:00,42,4,D005,1
2026-05-16 11:02:00,18,4,D007,1
2026-05-16 11:02:00,72,4,D006,2
2026-05-16 17:20:03,36,1,D006,1
2026-05-16 17:20:03,114,1,D002,3
2026-05-16 13:06:24,84,9,D008,3
2026-05-16 09:51:05,36,8,D010,3
2026-05-16 09:51:05,38,8,D002,1
2026-05-16 09:51:05,22,8,D015,1
2026-05-16 20:02:44,96,7,D003,3
2026-05-16 20:02:44,54,7,D007,3
2026-05-16 20:02:44,36,7,D007,2
2026-05-16 20:02:44,16,7,D009,1
2026-05-16 21:43:26,36,6,D012,1
2026-05-16 21:43:26,16,6,D016,2
2026-05-16 21:43:26,36,6,D006,1
2026-05-16 12:32:12,28,16,D008,1
2026-05-16 19:30:05,24,11,D016,3
2026-05-16 12:04:11,114,2,D002,3
2026-05-16 12:04:11,76,2,D002,2
2026-05-16 12:04:11,64,2,D003,2
2026-05-16 12:04:11,126,2,D005,3
2026-05-16 12:38:08,144,17,D001,3
2026-05-16 12:38:08,96,17,D003,3
2026-05-16 13:19:55,60,16,D014,3
2026-05-16 13:19:55,36,16,D006,1
2026-05-16 13:19:55,36,16,D006,1
2026-05-16 13:19:55,24,16,D016,3
2026-05-16 23:39:25,28,17,D008,1
2026-05-16 23:39:25,24,17,D011,1
2026-05-16 19:30:01,36,11,D007,2
2026-05-16 19:30:01,22,11,D004,1
2026-05-16 19:57:52,38,7,D002,1
2026-05-16 19:57:52,36,7,D006,1
2026-05-16 19:57:52,38,7,D002,1
2026-05-16 15:20:56,45,12,D013,3
2026-05-16 15:20:56,12,12,D010,1
2026-05-16 15:20:56,15,12,D013,1
2026-05-16 15:20:56,36,12,D019,2
2026-05-16 13:07:53,48,14,D009,3
2026-05-17 00:05:47,108,10,D012,3
2026-05-16 12:21:29,44,10,D004,2
2026-05-16 12:21:29,84,10,D008,3
2026-05-16 12:21:29,54,10,D019,3
2026-05-16 14:38:22,15,16,D013,1
2026-05-16 11:52:22,66,1,D004,3
2026-05-16 06:33:50,126,16,D005,3
2026-05-16 06:33:50,36,16,D010,3
2026-05-16 06:33:50,16,16,D016,2
2026-05-16 06:33:50,8,16,D016,1
2026-05-16 07:07:13,96,7,D003,3
2026-05-16 07:07:13,44,7,D015,2
2026-05-16 07:07:13,66,7,D004,3
2026-05-16 20:43:42,66,17,D004,3
2026-05-16 20:43:42,84,17,D005,2
2026-05-16 20:43:42,96,17,D001,2
2026-05-16 14:50:49,72,18,D012,2
2026-05-16 12:04:21,30,14,D013,2
2026-05-16 12:04:21,24,14,D011,1
2026-05-16 12:04:21,126,14,D005,3
2026-05-16 12:04:21,64,14,D018,2
2026-05-16 16:16:03,20,8,D014,1
2026-05-16 16:16:03,20,8,D014,1
2026-05-16 16:16:03,45,8,D013,3
2026-05-16 16:16:03,96,8,D018,3
2026-05-16 19:40:40,48,1,D001,1
2026-05-16 19:40:40,76,1,D002,2
2026-05-16 19:40:40,72,1,D006,2
2026-05-16 23:05:20,66,10,D015,3
2026-05-16 12:22:35,36,7,D006,1
2026-05-16 12:22:35,24,7,D016,3
2026-05-16 12:22:35,18,7,D007,1
2026-05-16 20:06:46,22,2,D004,1
2026-05-16 20:06:46,38,2,D002,1
2026-05-16 20:06:46,76,2,D002,2
2026-05-16 20:06:46,30,2,D013,2
2026-05-16 17:58:29,22,1,D015,1
2026-05-16 17:58:29,66,1,D004,3
2026-05-16 17:58:29,54,1,D007,3
2026-05-16 18:15:37,96,17,D001,2
2026-05-16 18:15:37,18,17,D007,1
2026-05-16 19:42:16,16,3,D009,1
2026-05-16 15:31:06,54,1,D007,3
2026-05-16 15:31:06,24,1,D010,2
2026-05-16 11:17:16,38,6,D002,1
2026-05-16 11:17:16,60,6,D014,3
2026-05-16 11:17:16,114,6,D002,3
2026-05-16 11:17:16,44,6,D004,2
2026-05-16 15:34:35,16,15,D016,2
2026-05-16 17:47:30,96,15,D001,2
2026-05-16 17:47:30,44,15,D004,2
2026-05-16 17:47:30,48,15,D009,3
2026-05-16 09:02:34,72,5,D011,3
2026-05-16 07:55:09,22,16,D015,1
2026-05-16 07:55:09,30,16,D013,2
2026-05-16 13:11:56,48,16,D009,3
2026-05-16 13:11:56,108,16,D006,3
2026-05-16 17:49:05,72,16,D011,3
2026-05-16 17:49:05,64,16,D003,2
2026-05-16 11:09:48,38,7,D002,1
2026-05-16 13:22:10,28,4,D008,1
2026-05-16 07:06:24,36,8,D012,1
2026-05-16 07:06:24,8,8,D016,1
2026-05-16 15:20:51,54,19,D019,3
2026-05-16 15:20:51,30,19,D013,2
2026-05-16 15:20:51,15,19,D013,1
2026-05-16 06:22:47,56,20,D008,2
2026-05-16 06:22:47,45,20,D013,3
2026-05-16 06:01:54,108,8,D006,3
2026-05-16 06:01:54,108,8,D006,3
2026-05-16 18:19:00,96,6,D001,2
2026-05-16 18:19:00,36,6,D007,2
2026-05-16 18:19:00,32,6,D009,2
2026-05-16 18:19:00,32,6,D003,1
2026-05-16 15:40:05,44,19,D015,2
2026-05-16 19:54:03,72,5,D006,2
2026-05-16 19:54:03,64,5,D003,2
2026-05-16 19:54:03,30,5,D013,2
2026-05-16 19:54:03,30,5,D013,2
2026-05-16 12:46:11,96,15,D003,3
2026-05-16 12:46:11,32,15,D018,1
2026-05-16 12:46:11,54,15,D007,3
2026-05-16 11:20:37,126,11,D005,3
2026-05-16 11:20:37,24,11,D016,3
2026-05-16 11:20:37,96,11,D003,3
2026-05-16 11:20:37,16,11,D016,2
2026-05-16 22:46:53,108,16,D006,3
2026-05-16 22:46:53,66,16,D015,3
2026-05-16 22:46:53,18,16,D007,1
2026-05-16 22:46:53,12,16,D010,1
2026-05-16 17:22:16,32,7,D018,1
2026-05-16 17:22:16,56,7,D008,2
2026-05-16 12:31:13,8,20,D016,1
2026-05-16 12:31:13,18,20,D007,1
2026-05-16 19:05:41,30,10,D013,2
2026-05-16 19:05:41,96,10,D001,2
2026-05-16 19:05:41,84,10,D017,3
2026-05-16 14:08:37,22,2,D015,1
2026-05-17 01:41:07,32,9,D009,2
2026-05-17 01:41:07,32,9,D009,2
2026-05-16 12:57:25,36,16,D019,2
2026-05-17 00:04:43,96,7,D003,3
2026-05-17 00:04:43,144,7,D001,3
2026-05-16 20:44:39,66,20,D015,3
2026-05-16 20:44:39,32,20,D003,1
2026-05-16 20:44:39,36,20,D007,2
2026-05-16 07:47:35,108,6,D012,3
2026-05-16 07:47:35,114,6,D002,3
2026-05-16 07:47:35,76,6,D002,2
2026-05-16 07:47:35,18,6,D007,1
2026-05-16 09:39:42,44,16,D004,2
2026-05-16 09:39:42,36,16,D007,2
2026-05-16 11:42:57,48,16,D001,1
2026-05-16 11:42:57,84,16,D005,2
2026-05-16 11:42:57,24,16,D016,3
2026-05-16 11:42:57,18,16,D007,1
2026-05-16 22:13:53,22,4,D004,1
2026-05-16 22:13:53,24,4,D011,1
2026-05-16 13:33:35,30,13,D013,2
2026-05-16 13:33:35,22,13,D004,1
2026-05-16 13:33:35,24,13,D016,3
2026-05-16 13:33:35,54,13,D007,3
2026-05-16 20:14:07,36,8,D007,2
2026-05-16 20:14:07,64,8,D018,2
2026-05-16 20:14:07,144,8,D001,3
2026-05-16 20:14:07,96,8,D001,2
2026-05-16 20:57:02,48,6,D001,1
2026-05-16 20:57:02,96,6,D001,2
2026-05-16 13:14:00,15,6,D013,1
2026-05-16 13:14:00,18,6,D019,1
2026-05-16 13:14:00,36,6,D006,1
2026-05-16 13:14:00,56,6,D008,2
2026-05-16 13:38:06,48,9,D009,3
2026-05-16 13:38:06,54,9,D007,3
2026-05-16 13:38:06,40,9,D014,2
2026-05-16 13:38:06,38,9,D002,1
2026-05-16 06:32:20,12,5,D010,1
2026-05-16 06:32:20,108,5,D012,3
2026-05-16 06:32:20,144,5,D001,3
2026-05-16 18:02:33,20,13,D014,1
2026-05-16 18:02:33,96,13,D003,3
2026-05-16 18:02:33,36,13,D012,1
2026-05-16 13:08:01,42,8,D005,1
2026-05-16 15:07:55,84,2,D005,2
2026-05-16 15:07:55,108,2,D012,3
2026-05-16 15:07:55,24,2,D020,1
2026-05-16 15:07:55,72,2,D012,2
2026-05-16 17:47:18,64,10,D003,2
2026-05-16 17:47:18,84,10,D017,3
2026-05-16 17:47:18,28,10,D008,1
2026-05-16 22:21:08,48,15,D011,2
2026-05-16 22:21:08,8,15,D016,1
2026-05-16 22:21:08,72,15,D012,2
2026-05-16 12:17:40,36,2,D006,1
2026-05-16 12:17:40,114,2,D002,3
2026-05-16 12:17:40,12,2,D010,1
2026-05-16 08:42:32,114,10,D002,3
2026-05-16 14:43:52,20,13,D014,1
2026-05-16 18:15:42,18,7,D007,1
2026-05-16 18:15:42,36,7,D006,1
2026-05-16 18:15:42,40,7,D014,2
2026-05-16 20:16:41,76,20,D002,2
2026-05-16 20:16:41,144,20,D001,3
2026-05-16 20:16:41,66,20,D015,3
2026-05-16 06:23:56,126,7,D005,3
2026-05-16 17:31:24,42,17,D005,1
2026-05-16 17:31:24,24,17,D011,1
2026-05-16 17:31:24,24,17,D010,2
2026-05-16 17:31:24,44,17,D004,2
2026-05-16 11:40:01,32,8,D003,1
2026-05-16 11:40:01,84,8,D005,2
2026-05-16 11:40:01,126,8,D005,3
2026-05-16 11:40:01,64,8,D003,2
2026-05-16 11:55:19,24,16,D011,1
2026-05-16 11:55:19,24,16,D016,3
2026-05-16 11:55:19,66,16,D004,3
2026-05-16 11:55:19,40,16,D014,2
2026-05-16 13:00:03,60,8,D014,3
2026-05-16 13:00:03,38,8,D002,1
2026-05-16 20:02:41,28,11,D008,1
2026-05-16 20:02:41,48,11,D001,1
2026-05-16 15:08:34,45,15,D013,3
2026-05-16 15:08:34,56,15,D017,2
2026-05-16 15:08:34,20,15,D014,1
2026-05-16 15:08:34,45,15,D013,3
2026-05-16 13:48:40,42,19,D005,1
2026-05-16 13:48:40,96,19,D003,3
2026-05-16 17:00:22,144,13,D001,3
2026-05-16 17:00:22,126,13,D005,3
2026-05-16 17:00:22,96,13,D003,3
2026-05-16 18:16:44,54,15,D007,3
2026-05-16 18:16:44,72,15,D006,2
2026-05-16 18:16:44,48,15,D011,2
2026-05-16 18:16:44,22,15,D004,1
2026-05-16 18:10:13,144,19,D001,3
2026-05-16 18:15:31,66,5,D004,3
2026-05-16 12:35:13,48,15,D020,2
2026-05-16 12:35:13,18,15,D007,1
2026-05-16 12:35:13,22,15,D004,1
2026-05-16 14:57:32,18,2,D007,1
2026-05-16 14:57:32,32,2,D009,2
2026-05-16 14:57:32,36,2,D012,1
2026-05-16 14:57:32,72,2,D011,3
2026-05-16 18:46:10,40,9,D014,2
2026-05-16 12:14:49,42,16,D005,1
2026-05-16 19:06:45,48,7,D020,2
2026-05-16 19:06:45,54,7,D019,3
2026-05-16 19:06:45,44,7,D004,2
2026-05-16 19:06:45,84,7,D008,3
2026-05-16 14:52:49,44,19,D015,2
2026-05-16 13:18:41,16,10,D009,1
2026-05-16 13:18:41,48,10,D001,1
2026-05-16 13:18:41,32,10,D003,1
2026-05-16 14:35:06,24,9,D010,2
2026-05-16 14:35:06,44,9,D004,2
2026-05-16 14:35:06,12,9,D010,1
2026-05-16 16:25:13,84,8,D017,3
2026-05-16 16:25:13,72,8,D011,3
2026-05-16 16:25:13,24,8,D011,1
2026-05-16 16:13:06,24,10,D010,2
2026-05-16 21:52:03,42,8,D005,1
2026-05-16 15:58:09,8,7,D016,1
2026-05-16 15:58:09,48,7,D011,2
2026-05-16 19:21:42,18,5,D007,1
2026-05-16 19:09:32,66,7,D004,3
2026-05-16 19:09:32,144,7,D001,3
2026-05-16 19:09:32,96,7,D001,2
2026-05-16 19:09:32,126,7,D005,3
2026-05-16 11:10:52,16,2,D016,2
2026-05-16 13:30:47,38,10,D002,1
2026-05-17 06:09:55,36,10,D007,2
2026-05-17 06:09:55,15,10,D013,1
2026-05-17 12:18:38,84,9,D017,3
2026-05-17 12:18:38,96,9,D001,2
2026-05-17 12:18:38,16,9,D016,2
2026-05-17 14:30:48,20,13,D014,1
2026-05-17 12:23:41,72,13,D012,2
2026-05-17 12:23:41,42,13,D005,1
2026-05-17 23:04:48,30,15,D013,2
2026-05-17 23:04:48,36,15,D012,1
2026-05-17 23:04:48,56,15,D008,2
2026-05-17 23:04:48,108,15,D012,3
2026-05-17 15:52:12,45,19,D013,3
2026-05-17 15:52:12,48,19,D009,3
2026-05-17 15:52:12,56,19,D008,2
2026-05-17 12:45:41,96,14,D003,3
2026-05-17 14:32:33,15,7,D013,1
2026-05-17 08:56:31,18,16,D007,1
2026-05-17 08:56:31,64,16,D003,2
2026-05-17 08:56:31,24,16,D011,1
2026-05-17 08:56:31,84,16,D008,3
2026-05-17 23:11:24,16,5,D016,2
2026-05-17 23:11:24,48,5,D011,2
2026-05-17 23:11:24,44,5,D004,2
2026-05-17 23:11:24,20,5,D014,1
2026-05-17 12:20:56,16,3,D016,2
2026-05-17 12:20:56,48,3,D011,2
2026-05-17 12:20:56,40,3,D014,2
2026-05-17 12:20:56,84,3,D008,3
2026-05-17 18:53:48,16,17,D016,2
2026-05-17 11:37:48,16,12,D009,1
2026-05-17 11:37:48,15,12,D013,1
2026-05-17 11:37:48,45,12,D013,3
2026-05-17 11:37:48,114,12,D002,3
2026-05-17 16:59:11,72,14,D020,3
2026-05-17 16:59:11,40,14,D014,2
2026-05-17 19:05:18,108,14,D006,3
2026-05-17 19:27:39,44,11,D015,2
2026-05-17 19:27:39,84,11,D005,2
2026-05-17 19:27:39,36,11,D007,2
2026-05-17 19:27:39,72,11,D006,2
2026-05-17 16:13:02,32,5,D009,2
2026-05-17 16:13:02,44,5,D015,2
2026-05-17 16:13:02,24,5,D010,2
2026-05-17 16:13:02,8,5,D016,1
2026-05-17 12:20:24,45,2,D013,3
2026-05-17 12:20:24,42,2,D005,1
2026-05-17 18:41:03,42,10,D005,1
2026-05-17 18:07:47,24,5,D020,1
2026-05-17 14:27:27,28,4,D017,1
2026-05-17 14:27:27,30,4,D013,2
2026-05-17 14:27:27,36,4,D010,3
2026-05-17 14:27:27,48,4,D009,3
2026-05-17 21:33:22,66,7,D015,3
2026-05-17 21:33:22,16,7,D016,2
2026-05-17 17:31:45,24,15,D016,3
2026-05-17 17:31:45,66,15,D004,3
2026-05-17 12:28:56,24,20,D011,1
2026-05-17 09:09:19,54,12,D007,3
2026-05-17 09:09:19,76,12,D002,2
2026-05-17 09:09:19,114,12,D002,3
2026-05-17 12:52:59,32,11,D003,1
2026-05-17 12:52:59,44,11,D015,2
2026-05-17 12:52:59,48,11,D001,1
2026-05-17 12:52:59,114,11,D002,3
2026-05-17 16:48:25,30,8,D013,2
2026-05-17 16:48:25,144,8,D001,3
2026-05-17 18:04:46,126,11,D005,3
2026-05-17 20:06:14,84,10,D005,2
2026-05-17 20:06:14,54,10,D007,3
2026-05-17 20:06:14,84,10,D005,2
2026-05-17 20:06:14,40,10,D014,2
2026-05-17 19:53:36,76,18,D002,2
2026-05-17 19:53:36,36,18,D007,2
2026-05-17 07:58:24,108,19,D006,3
2026-05-17 07:58:24,56,19,D008,2
2026-05-17 07:58:24,60,19,D014,3
2026-05-17 17:44:10,42,18,D005,1
2026-05-17 17:44:10,36,18,D006,1
2026-05-17 09:33:52,44,1,D004,2
2026-05-17 09:33:52,16,1,D016,2
2026-05-17 09:33:52,54,1,D007,3
2026-05-17 09:33:52,8,1,D016,1
2026-05-17 20:37:42,42,4,D005,1
2026-05-17 20:37:42,108,4,D006,3
2026-05-17 20:33:54,16,7,D009,1
2026-05-17 20:33:54,84,7,D008,3
2026-05-17 20:33:54,72,7,D006,2
2026-05-17 15:36:26,144,1,D001,3
2026-05-17 09:58:19,56,5,D008,2
2026-05-17 09:58:19,66,5,D004,3
2026-05-17 09:58:19,36,5,D006,1
2026-05-17 17:11:35,36,7,D006,1
2026-05-17 11:41:13,36,7,D007,2
2026-05-17 11:41:13,60,7,D014,3
2026-05-17 11:41:13,28,7,D008,1
2026-05-17 13:31:26,36,14,D007,2
2026-05-17 13:31:26,84,14,D005,2
2026-05-17 13:27:28,38,20,D002,1
2026-05-17 13:27:28,22,20,D004,1
2026-05-17 13:27:28,30,20,D013,2
2026-05-18 01:42:54,108,9,D012,3
2026-05-18 01:42:54,48,9,D011,2
2026-05-18 01:42:54,72,9,D012,2
2026-05-18 01:42:54,16,9,D009,1
2026-05-17 17:53:22,24,14,D020,1
2026-05-17 17:53:22,84,14,D017,3
2026-05-17 17:53:22,38,14,D002,1
2026-05-17 17:53:22,42,14,D005,1
2026-05-17 09:53:20,30,2,D013,2
2026-05-17 09:53:20,66,2,D004,3
2026-05-17 13:08:21,40,3,D014,2
2026-05-17 13:08:21,40,3,D014,2
2026-05-17 20:28:04,44,12,D015,2
2026-05-17 20:28:04,18,12,D007,1
2026-05-17 19:35:03,36,20,D019,2
2026-05-17 19:35:03,28,20,D008,1
2026-05-17 19:35:03,22,20,D004,1
2026-05-17 19:35:03,36,20,D019,2
2026-05-17 18:04:52,36,3,D006,1
2026-05-17 18:04:52,108,3,D006,3
2026-05-17 19:45:35,114,5,D002,3
2026-05-17 19:45:35,28,5,D008,1
2026-05-17 19:45:35,44,5,D004,2
2026-05-17 16:25:27,15,15,D013,1
2026-05-17 16:25:27,15,15,D013,1
2026-05-17 12:38:19,114,11,D002,3
2026-05-17 12:38:19,114,11,D002,3
2026-05-17 12:38:19,48,11,D001,1
2026-05-17 07:53:38,22,14,D015,1
2026-05-17 07:53:38,22,14,D004,1
2026-05-17 07:53:38,32,14,D003,1
2026-05-17 13:54:07,28,7,D008,1
2026-05-17 13:54:07,18,7,D007,1
2026-05-17 13:54:07,36,7,D006,1
2026-05-17 13:54:07,66,7,D015,3
2026-05-17 17:45:58,44,2,D004,2
2026-05-17 17:45:58,18,2,D007,1
2026-05-17 17:45:58,36,2,D019,2
2026-05-17 14:09:42,40,19,D014,2
2026-05-17 14:09:42,66,19,D015,3
2026-05-17 11:03:12,44,16,D004,2
2026-05-17 06:02:01,56,10,D008,2
2026-05-17 06:02:01,144,10,D001,3
2026-05-17 13:07:04,36,12,D006,1
2026-05-17 13:07:04,48,12,D011,2
2026-05-17 13:07:04,48,12,D001,1
2026-05-17 15:31:06,60,5,D014,3
2026-05-17 20:01:00,56,10,D008,2
2026-05-17 20:01:00,56,10,D008,2
2026-05-17 20:01:00,64,10,D018,2
2026-05-17 20:01:00,56,10,D008,2
2026-05-17 21:42:08,36,10,D012,1
2026-05-17 21:42:08,36,10,D006,1
2026-05-17 11:06:19,72,13,D006,2
2026-05-17 11:06:19,114,13,D002,3
2026-05-17 11:06:19,28,13,D008,1
2026-05-17 11:06:19,76,13,D002,2
2026-05-17 22:32:58,24,15,D010,2
2026-05-17 22:32:58,40,15,D014,2
2026-05-17 22:32:58,48,15,D020,2
2026-05-17 14:59:17,48,4,D011,2
2026-05-17 14:59:17,36,4,D007,2
2026-05-17 14:59:17,28,4,D008,1
2026-05-17 14:59:17,48,4,D020,2
2026-05-17 09:17:36,84,6,D005,2
2026-05-17 09:17:36,66,6,D015,3
2026-05-17 09:17:36,40,6,D014,2
2026-05-17 16:56:33,36,13,D006,1
2026-05-17 20:18:18,96,2,D003,3
2026-05-17 20:18:18,30,2,D013,2
2026-05-17 20:18:18,32,2,D003,1
2026-05-17 11:17:34,56,9,D008,2
2026-05-17 18:32:47,48,6,D001,1
2026-05-17 18:32:47,60,6,D014,3
2026-05-17 08:10:38,44,1,D004,2
2026-05-17 08:10:38,76,1,D002,2
2026-05-17 08:10:38,38,1,D002,1
2026-05-17 14:41:41,30,10,D013,2
2026-05-17 14:41:41,48,10,D011,2
2026-05-17 14:41:41,20,10,D014,1
2026-05-17 14:41:41,30,10,D013,2
2026-05-17 17:11:02,36,9,D006,1
2026-05-17 17:11:02,8,9,D016,1
2026-05-17 17:11:02,48,9,D001,1
2026-05-17 17:11:02,54,9,D007,3
2026-05-17 21:58:31,72,12,D011,3
2026-05-17 21:58:31,38,12,D002,1
2026-05-17 21:58:31,24,12,D010,2
2026-05-17 09:20:33,22,5,D004,1
2026-05-17 17:59:17,84,13,D005,2
2026-05-17 17:59:17,15,13,D013,1
2026-05-17 11:08:35,72,6,D011,3
2026-05-17 11:08:35,18,6,D007,1
2026-05-17 11:08:35,72,6,D012,2
2026-05-17 11:08:35,18,6,D007,1
2026-05-17 13:27:49,108,12,D006,3
2026-05-17 13:27:49,108,12,D012,3
2026-05-17 16:33:46,40,8,D014,2
2026-05-17 16:33:46,40,8,D014,2
2026-05-17 16:33:46,36,8,D010,3
2026-05-17 20:52:50,56,14,D008,2
2026-05-17 20:52:50,24,14,D010,2
2026-05-17 20:52:50,72,14,D006,2
2026-05-18 01:15:23,36,1,D012,1
2026-05-18 01:15:23,16,1,D016,2
2026-05-18 01:15:23,36,1,D019,2
2026-05-17 07:54:16,20,18,D014,1
2026-05-17 07:54:16,96,18,D001,2
2026-05-17 07:54:16,18,18,D007,1
2026-05-17 18:39:21,32,11,D003,1
2026-05-17 18:39:21,60,11,D014,3
2026-05-17 18:39:21,96,11,D003,3
2026-05-17 18:39:21,84,11,D005,2
2026-05-17 15:50:26,84,3,D017,3
2026-05-18 00:12:52,8,10,D016,1
2026-05-17 11:45:32,30,18,D013,2
2026-05-17 11:45:32,28,18,D017,1
2026-05-17 15:37:47,72,14,D012,2
2026-05-17 17:43:03,56,2,D008,2
2026-05-17 17:43:03,54,2,D007,3
2026-05-17 17:43:03,16,2,D009,1
2026-05-17 21:33:46,28,17,D008,1
2026-05-17 21:33:46,40,17,D014,2
2026-05-17 21:33:46,32,17,D009,2
2026-05-17 21:33:46,114,17,D002,3
2026-05-17 13:25:18,28,12,D008,1
2026-05-17 13:25:18,36,12,D006,1
2026-05-17 11:02:27,114,14,D002,3
2026-05-17 11:02:27,24,14,D016,3
2026-05-17 11:02:27,36,14,D010,3
2026-05-17 11:02:27,36,14,D010,3
2026-05-17 21:14:19,20,18,D014,1
2026-05-17 21:14:19,96,18,D003,3
2026-05-17 21:14:19,36,18,D010,3
2026-05-17 20:27:17,108,19,D012,3
2026-05-17 20:27:17,42,19,D005,1
2026-05-17 20:27:17,76,19,D002,2
2026-05-17 11:25:37,42,5,D005,1
2026-05-17 15:28:37,66,8,D015,3
2026-05-17 15:28:37,72,8,D012,2
2026-05-17 15:28:37,54,8,D007,3
2026-05-17 15:28:37,16,8,D009,1
2026-05-17 06:33:22,72,5,D006,2
2026-05-17 06:33:22,18,5,D007,1
2026-05-17 06:33:22,22,5,D015,1
2026-05-18 00:56:31,84,13,D005,2
2026-05-18 00:56:31,12,13,D010,1
2026-05-17 11:56:14,16,15,D009,1
2026-05-17 11:56:14,64,15,D003,2
2026-05-17 11:21:49,72,19,D006,2
2026-05-17 11:21:49,84,19,D008,3
2026-05-17 11:21:49,114,19,D002,3
2026-05-17 17:50:34,48,9,D001,1
2026-05-17 17:50:34,76,9,D002,2
2026-05-17 12:50:46,126,14,D005,3
2026-05-17 12:50:46,8,14,D016,1
2026-05-17 12:50:46,44,14,D004,2
2026-05-17 12:50:46,72,14,D006,2
2026-05-17 17:39:08,66,3,D004,3
2026-05-17 23:05:11,108,14,D006,3
2026-05-17 23:05:11,96,14,D001,2
2026-05-17 19:18:44,22,15,D015,1
2026-05-17 23:15:36,20,14,D014,1
2026-05-17 23:15:36,30,14,D013,2
2026-05-17 23:15:36,126,14,D005,3
2026-05-17 11:28:01,72,12,D006,2
2026-05-17 11:28:01,66,12,D004,3
2026-05-17 11:28:01,48,12,D001,1
2026-05-17 11:28:01,84,12,D008,3
2026-05-17 17:58:14,96,15,D001,2
2026-05-17 17:58:14,96,15,D003,3
2026-05-17 17:59:46,32,5,D003,1
2026-05-17 17:59:46,24,5,D011,1
2026-05-17 17:59:46,76,5,D002,2
2026-05-17 17:07:18,40,3,D014,2
2026-05-17 17:07:18,72,3,D006,2
2026-05-17 17:07:18,114,3,D002,3
2026-05-17 12:00:03,66,6,D015,3
2026-05-17 12:00:03,48,6,D001,1
2026-05-17 12:00:03,144,6,D001,3
2026-05-17 12:00:03,76,6,D002,2
2026-05-17 18:34:47,18,17,D007,1
2026-05-17 18:34:47,48,17,D001,1
2026-05-17 13:23:34,56,7,D008,2
2026-05-17 13:23:34,72,7,D006,2
2026-05-17 13:23:34,22,7,D015,1
2026-05-18 01:20:54,66,10,D004,3
2026-05-18 01:20:54,38,10,D002,1
2026-05-18 01:20:54,72,10,D012,2
2026-05-18 01:20:54,56,10,D017,2
2026-05-17 17:39:20,44,14,D004,2
2026-05-17 13:17:18,144,11,D001,3
2026-05-17 13:17:18,76,11,D002,2
2026-05-17 14:58:13,16,16,D016,2
2026-05-17 19:45:10,126,8,D005,3
2026-05-17 13:27:29,64,14,D003,2
2026-05-17 13:27:29,144,14,D001,3
2026-05-17 07:31:38,44,16,D015,2
2026-05-17 07:31:38,18,16,D007,1
2026-05-17 15:14:50,44,2,D015,2
2026-05-17 19:23:33,38,10,D002,1
2026-05-17 19:23:33,96,10,D003,3
2026-05-17 19:23:33,20,10,D014,1
2026-05-17 16:27:23,72,19,D020,3
2026-05-17 16:27:23,84,19,D005,2
2026-05-17 16:27:23,8,19,D016,1
2026-05-18 01:39:55,16,4,D009,1
2026-05-18 01:39:55,56,4,D008,2
2026-05-18 01:39:55,16,4,D009,1
2026-05-18 01:39:55,126,4,D005,3
2026-05-17 17:35:00,48,11,D020,2
2026-05-17 06:43:09,24,8,D016,3
2026-05-17 06:43:09,38,8,D002,1
2026-05-17 06:43:09,44,8,D004,2
2026-05-17 06:43:09,114,8,D002,3
2026-05-17 13:16:13,36,11,D012,1
2026-05-17 13:47:47,84,1,D008,3
2026-05-17 16:35:03,84,20,D008,3
2026-05-17 16:35:03,66,20,D015,3
2026-05-18 18:38:45,84,10,D008,3
2026-05-18 18:38:45,96,10,D003,3
2026-05-18 14:51:47,72,6,D011,3
2026-05-18 20:37:01,84,18,D017,3
2026-05-18 15:41:32,48,20,D001,1
2026-05-18 19:41:10,66,9,D015,3
2026-05-18 19:41:10,22,9,D015,1
2026-05-18 19:41:10,36,9,D007,2
2026-05-18 17:44:20,24,18,D020,1
2026-05-18 17:44:20,18,18,D007,1
2026-05-18 17:44:20,48,18,D011,2
2026-05-18 19:35:30,40,8,D014,2
2026-05-18 13:16:51,144,17,D001,3
2026-05-18 23:35:20,8,14,D016,1
2026-05-19 00:07:34,36,7,D012,1
2026-05-19 00:07:34,44,7,D015,2
2026-05-18 13:06:42,20,13,D014,1
2026-05-18 13:06:42,96,13,D003,3
2026-05-18 13:06:42,42,13,D005,1
2026-05-19 00:27:42,24,8,D011,1
2026-05-19 00:27:42,16,8,D009,1
2026-05-19 00:27:42,8,8,D016,1
2026-05-19 00:27:42,16,8,D009,1
2026-05-18 09:39:50,72,5,D006,2
2026-05-18 09:39:50,44,5,D004,2
2026-05-18 09:39:50,30,5,D013,2
2026-05-18 18:52:40,32,19,D003,1
2026-05-18 18:50:22,72,12,D012,2
2026-05-18 18:50:22,44,12,D015,2
2026-05-18 18:50:22,64,12,D003,2
2026-05-18 11:09:34,32,16,D003,1
2026-05-18 16:56:54,56,6,D017,2
2026-05-18 16:56:54,44,6,D015,2
2026-05-18 16:29:05,32,7,D009,2
2026-05-18 16:29:05,108,7,D012,3
2026-05-18 16:29:05,48,7,D011,2
2026-05-18 13:29:39,48,17,D020,2
2026-05-18 13:29:39,44,17,D004,2
2026-05-18 13:29:39,38,17,D002,1
2026-05-18 13:29:39,56,17,D008,2
2026-05-18 17:59:51,48,16,D001,1
2026-05-18 17:59:51,36,16,D006,1
2026-05-18 17:59:51,64,16,D003,2
2026-05-18 20:01:07,36,2,D007,2
2026-05-18 20:01:07,24,2,D020,1
2026-05-18 11:39:52,18,5,D007,1
2026-05-18 11:39:52,36,5,D007,2
2026-05-18 11:39:52,42,5,D005,1
2026-05-18 08:14:55,72,16,D006,2
2026-05-18 08:14:55,24,16,D011,1
2026-05-18 08:14:55,84,16,D005,2
2026-05-18 08:14:55,22,16,D004,1
2026-05-18 17:30:38,72,1,D006,2
2026-05-18 17:30:38,72,1,D020,3
2026-05-18 17:30:38,48,1,D001,1
2026-05-18 17:33:07,12,3,D010,1
2026-05-18 17:33:07,16,3,D009,1
2026-05-18 15:21:09,16,2,D016,2
2026-05-18 11:25:53,54,5,D019,3
2026-05-18 17:31:09,76,7,D002,2
2026-05-18 17:31:09,84,7,D005,2
2026-05-18 17:31:09,56,7,D008,2
2026-05-18 17:31:09,84,7,D005,2
2026-05-18 17:08:52,56,12,D008,2
2026-05-18 17:08:52,38,12,D002,1
2026-05-18 17:08:52,126,12,D005,3
2026-05-18 17:08:52,38,12,D002,1
2026-05-18 13:06:35,84,10,D017,3
2026-05-18 13:06:35,24,10,D020,1
2026-05-18 11:11:16,64,19,D003,2
2026-05-18 11:11:16,24,19,D010,2
2026-05-18 11:11:16,28,19,D008,1
2026-05-18 18:09:05,44,11,D004,2
2026-05-18 18:09:05,84,11,D008,3
2026-05-18 14:49:38,12,15,D010,1
2026-05-18 14:49:38,108,15,D006,3
2026-05-18 14:49:38,48,15,D020,2
2026-05-18 14:49:38,54,15,D007,3
2026-05-18 12:10:25,15,8,D013,1
2026-05-18 12:10:25,96,8,D003,3
2026-05-18 12:10:25,22,8,D015,1
2026-05-18 12:10:25,84,8,D017,3
2026-05-18 21:39:50,72,7,D011,3
2026-05-18 21:39:50,30,7,D013,2
2026-05-18 21:39:50,15,7,D013,1
2026-05-18 21:39:50,24,7,D010,2
2026-05-18 15:23:49,40,10,D014,2
2026-05-18 15:23:49,72,10,D011,3
2026-05-18 15:23:49,72,10,D020,3
2026-05-18 15:23:49,144,10,D001,3
2026-05-18 18:47:34,28,14,D008,1
2026-05-18 18:47:34,30,14,D013,2
2026-05-18 18:47:34,28,14,D017,1
2026-05-18 18:47:34,84,14,D005,2
2026-05-18 18:15:57,16,6,D009,1
2026-05-18 18:15:57,30,6,D013,2
2026-05-18 08:47:19,66,3,D004,3
2026-05-18 08:47:19,24,3,D016,3
2026-05-18 08:47:19,22,3,D004,1
2026-05-18 19:02:11,38,14,D002,1
2026-05-18 19:02:11,76,14,D002,2
2026-05-18 19:02:11,38,14,D002,1
2026-05-18 19:02:11,44,14,D004,2
2026-05-18 16:17:19,60,13,D014,3
2026-05-18 17:55:42,54,11,D007,3
2026-05-18 17:58:52,44,2,D004,2
2026-05-18 19:38:39,38,5,D002,1
2026-05-18 23:19:41,36,10,D007,2
2026-05-18 23:19:41,36,10,D010,3
2026-05-18 23:19:41,48,10,D001,1
2026-05-18 20:15:04,72,19,D006,2
2026-05-18 20:15:04,22,19,D004,1
2026-05-18 20:15:04,96,19,D001,2
2026-05-18 20:15:04,48,19,D001,1
2026-05-18 17:16:47,18,10,D007,1
2026-05-18 17:16:47,84,10,D008,3
2026-05-18 17:16:47,36,10,D007,2
2026-05-18 06:53:44,54,6,D007,3
2026-05-18 06:53:44,96,6,D001,2
2026-05-18 17:48:25,96,1,D003,3
2026-05-18 17:48:25,64,1,D003,2
2026-05-18 17:48:25,84,1,D005,2
2026-05-18 17:48:25,64,1,D018,2
2026-05-18 06:09:21,38,4,D002,1
2026-05-18 06:09:21,72,4,D006,2
2026-05-18 06:09:21,40,4,D014,2
2026-05-18 06:09:21,96,4,D003,3
2026-05-18 11:34:16,108,3,D006,3
2026-05-18 11:34:16,144,3,D001,3
2026-05-18 12:49:35,22,4,D004,1
2026-05-18 12:49:35,12,4,D010,1
2026-05-18 20:24:40,16,5,D016,2
2026-05-18 20:24:40,24,5,D010,2
2026-05-18 12:10:48,114,12,D002,3
2026-05-18 12:10:48,54,12,D007,3
2026-05-18 12:10:48,72,12,D006,2
2026-05-18 12:10:48,84,12,D008,3
2026-05-18 20:17:34,108,1,D006,3
2026-05-18 20:17:34,126,1,D005,3
2026-05-18 20:17:34,84,1,D008,3
2026-05-18 19:52:29,28,17,D008,1
2026-05-18 19:52:29,36,17,D007,2
2026-05-18 19:52:29,54,17,D007,3
2026-05-18 18:19:58,54,20,D019,3
2026-05-18 18:19:58,28,20,D008,1
2026-05-18 18:19:58,96,20,D001,2
2026-05-18 17:17:38,72,10,D006,2
2026-05-18 17:17:38,20,10,D014,1
2026-05-18 17:17:38,28,10,D008,1
2026-05-19 00:18:24,108,17,D006,3
2026-05-19 00:18:24,84,17,D005,2
2026-05-18 19:52:35,36,20,D010,3
2026-05-18 14:41:07,18,16,D019,1
2026-05-18 20:03:20,16,6,D009,1
2026-05-18 20:03:20,114,6,D002,3
2026-05-18 20:03:20,24,6,D020,1
2026-05-18 20:03:20,56,6,D008,2
2026-05-18 11:09:14,96,3,D001,2
2026-05-18 11:09:14,96,3,D001,2
2026-05-18 11:09:14,32,3,D003,1
2026-05-18 20:44:22,24,3,D016,3
2026-05-18 20:44:22,20,3,D014,1
2026-05-18 13:43:33,16,17,D016,2
2026-05-18 13:43:33,84,17,D008,3
2026-05-18 13:43:33,28,17,D008,1
2026-05-18 17:51:19,15,6,D013,1
2026-05-18 07:05:10,84,17,D008,3
2026-05-18 07:05:10,48,17,D009,3
2026-05-18 07:05:10,42,17,D005,1
2026-05-18 13:04:32,24,10,D016,3
2026-05-18 13:04:32,64,10,D003,2
2026-05-18 13:04:32,36,10,D007,2
2026-05-18 19:25:26,84,18,D005,2
2026-05-18 19:25:26,24,18,D020,1
2026-05-18 13:01:25,48,1,D001,1
2026-05-18 13:01:25,36,1,D012,1
2026-05-18 13:01:25,18,1,D007,1
2026-05-18 17:44:18,84,15,D005,2
2026-05-18 17:44:18,72,15,D011,3
2026-05-18 17:44:18,72,15,D006,2
2026-05-18 17:44:18,108,15,D006,3
2026-05-18 08:18:38,24,17,D016,3
2026-05-18 08:18:38,96,17,D003,3
2026-05-18 08:18:38,56,17,D008,2
2026-05-18 22:06:00,36,3,D010,3
2026-05-18 22:06:00,36,3,D006,1
2026-05-18 22:06:00,36,3,D012,1
2026-05-18 22:06:00,42,3,D005,1
2026-05-18 17:47:36,72,4,D011,3
2026-05-18 17:47:36,44,4,D004,2
2026-05-18 17:47:36,36,4,D007,2
2026-05-18 17:47:36,72,4,D006,2
2026-05-18 15:11:48,60,14,D014,3
2026-05-18 15:11:48,36,14,D010,3
2026-05-18 15:11:48,144,14,D001,3
2026-05-18 15:11:48,24,14,D011,1
2026-05-18 16:20:46,22,14,D015,1
2026-05-18 16:20:46,126,14,D005,3
2026-05-18 13:05:58,32,12,D003,1
2026-05-18 13:05:58,108,12,D006,3
2026-05-18 19:29:01,66,7,D004,3
2026-05-18 15:24:18,12,4,D010,1
2026-05-18 15:24:18,56,4,D017,2
2026-05-18 15:24:18,20,4,D014,1
2026-05-18 15:24:18,24,4,D011,1
2026-05-18 16:27:21,44,9,D015,2
2026-05-18 11:53:55,144,14,D001,3
2026-05-18 07:15:54,72,19,D011,3
2026-05-18 07:15:54,36,19,D010,3
2026-05-18 09:32:35,76,19,D002,2
2026-05-18 09:32:35,24,19,D016,3
2026-05-18 09:32:35,36,19,D007,2
2026-05-18 09:32:35,72,19,D006,2
2026-05-18 07:40:55,48,4,D001,1
2026-05-18 07:40:55,48,4,D011,2
2026-05-18 18:59:47,84,5,D008,3
2026-05-18 18:59:47,84,5,D008,3
2026-05-18 21:40:46,72,12,D012,2
2026-05-18 21:40:46,8,12,D016,1
2026-05-18 21:40:46,54,12,D007,3
2026-05-18 21:40:46,16,12,D016,2
2026-05-18 07:01:44,36,18,D007,2
2026-05-18 20:42:47,84,13,D008,3
2026-05-18 20:42:47,38,13,D002,1
2026-05-18 12:31:52,84,20,D005,2
2026-05-18 12:31:52,144,20,D001,3
2026-05-18 12:31:52,42,20,D005,1
2026-05-18 12:31:52,28,20,D008,1
2026-05-18 20:09:57,144,7,D001,3
2026-05-18 20:09:57,108,7,D006,3
2026-05-18 20:09:57,20,7,D014,1
2026-05-18 20:48:01,84,15,D005,2
2026-05-18 20:48:01,72,15,D006,2
2026-05-18 20:48:01,72,15,D012,2
2026-05-18 20:48:01,28,15,D008,1
2026-05-18 07:04:46,48,12,D001,1
2026-05-18 07:04:46,64,12,D003,2
2026-05-19 00:58:55,28,20,D008,1
2026-05-19 00:58:55,45,20,D013,3
2026-05-19 00:58:55,28,20,D017,1
2026-05-18 19:33:04,36,6,D010,3
2026-05-18 19:33:04,48,6,D009,3
2026-05-18 19:33:04,44,6,D004,2
2026-05-18 19:33:04,22,6,D004,1
2026-05-18 18:29:15,72,6,D020,3
2026-05-18 12:02:40,108,17,D012,3
2026-05-19 16:08:32,12,6,D010,1
2026-05-19 11:20:25,36,19,D007,2
2026-05-19 11:20:25,84,19,D008,3
2026-05-19 11:20:25,144,19,D001,3
2026-05-19 11:20:25,76,19,D002,2
2026-05-19 21:47:41,32,13,D009,2
2026-05-19 07:53:28,38,5,D002,1
2026-05-19 18:48:26,66,9,D004,3
2026-05-19 18:48:26,36,9,D006,1
2026-05-19 20:02:31,44,1,D004,2
2026-05-19 20:02:31,66,1,D004,3
2026-05-19 19:02:20,72,7,D006,2
2026-05-19 19:02:20,72,7,D011,3
2026-05-19 22:19:24,36,1,D007,2
2026-05-19 22:19:24,32,1,D003,1
2026-05-19 17:22:46,28,10,D008,1
2026-05-19 18:53:15,44,8,D015,2
2026-05-19 18:53:15,66,8,D015,3
2026-05-19 18:53:15,36,8,D019,2
2026-05-19 18:53:15,42,8,D005,1
2026-05-19 12:37:18,64,12,D018,2
2026-05-19 12:37:18,96,12,D001,2
2026-05-19 12:37:18,96,12,D001,2
2026-05-19 20:16:30,56,15,D017,2
2026-05-19 20:16:30,96,15,D001,2
2026-05-19 11:23:36,16,14,D016,2
2026-05-19 11:23:36,72,14,D006,2
2026-05-19 11:23:36,108,14,D006,3
2026-05-19 12:20:14,48,5,D001,1
2026-05-19 12:20:14,42,5,D005,1
2026-05-19 12:20:14,40,5,D014,2
2026-05-19 08:43:52,18,4,D007,1
2026-05-19 08:43:52,45,4,D013,3
2026-05-19 13:34:17,84,18,D005,2
2026-05-19 13:34:17,30,18,D013,2
2026-05-19 12:17:26,54,14,D007,3
2026-05-19 12:17:26,54,14,D007,3
2026-05-19 09:41:00,18,14,D007,1
2026-05-19 09:41:00,8,14,D016,1
2026-05-19 23:39:26,40,15,D014,2
2026-05-19 23:39:26,12,15,D010,1
2026-05-19 12:29:36,36,4,D010,3
2026-05-19 12:29:36,48,4,D001,1
2026-05-19 12:29:36,22,4,D004,1
2026-05-19 12:29:36,72,4,D006,2
2026-05-19 17:48:23,36,10,D019,2
2026-05-19 17:48:23,108,10,D006,3
2026-05-19 17:48:23,84,10,D017,3
2026-05-19 17:48:23,66,10,D004,3
2026-05-19 08:22:05,84,10,D008,3
2026-05-19 08:22:05,66,10,D004,3
2026-05-19 09:46:06,72,15,D006,2
2026-05-19 09:46:06,16,15,D009,1
2026-05-19 09:46:06,108,15,D006,3
2026-05-19 09:46:06,36,15,D007,2
2026-05-19 18:12:16,72,2,D012,2
2026-05-19 18:12:16,84,2,D005,2
2026-05-19 18:12:16,12,2,D010,1
2026-05-19 13:16:34,18,1,D007,1
2026-05-19 13:16:34,32,1,D003,1
2026-05-19 11:32:34,15,17,D013,1
2026-05-19 11:57:17,48,20,D020,2
2026-05-19 11:57:17,32,20,D003,1
2026-05-19 11:57:17,76,20,D002,2
2026-05-19 11:57:17,8,20,D016,1
2026-05-19 16:52:26,40,15,D014,2
2026-05-19 16:52:26,40,15,D014,2
2026-05-19 16:52:26,24,15,D016,3
2026-05-19 13:39:40,108,11,D006,3
2026-05-19 13:39:40,44,11,D004,2
2026-05-19 18:20:25,66,17,D004,3
2026-05-19 18:20:25,96,17,D001,2
2026-05-19 18:20:25,36,17,D006,1
2026-05-19 18:20:25,28,17,D008,1
2026-05-19 06:05:33,20,20,D014,1
2026-05-19 06:05:33,56,20,D008,2
2026-05-19 06:05:33,18,20,D007,1
2026-05-19 13:12:47,72,15,D006,2
2026-05-19 13:12:47,108,15,D006,3
2026-05-19 13:12:47,76,15,D002,2
2026-05-19 13:12:47,48,15,D011,2
2026-05-19 13:29:46,36,18,D006,1
2026-05-19 13:29:46,42,18,D005,1
2026-05-19 13:29:46,16,18,D016,2
2026-05-19 14:20:18,60,19,D014,3
2026-05-19 20:47:27,96,2,D001,2
2026-05-19 20:47:27,126,2,D005,3
2026-05-19 20:47:27,42,2,D005,1
2026-05-19 20:47:27,66,2,D004,3
2026-05-19 22:31:49,22,3,D015,1
2026-05-19 22:31:49,24,3,D011,1
2026-05-19 22:31:49,48,3,D001,1
2026-05-19 22:31:49,60,3,D014,3
2026-05-19 18:58:39,20,19,D014,1
2026-05-19 11:59:48,45,8,D013,3
2026-05-19 11:59:48,66,8,D004,3
2026-05-19 11:59:48,16,8,D009,1
2026-05-20 00:38:13,32,2,D009,2
2026-05-20 00:38:13,15,2,D013,1
2026-05-20 00:38:13,28,2,D017,1
2026-05-20 00:38:13,36,2,D012,1
2026-05-19 17:32:24,28,14,D017,1
2026-05-19 17:32:24,36,14,D010,3
2026-05-19 17:32:24,108,14,D012,3
2026-05-19 12:31:13,38,17,D002,1
2026-05-19 12:31:13,42,17,D005,1
2026-05-19 12:31:13,18,17,D007,1
2026-05-19 06:53:46,96,16,D003,3
2026-05-19 15:47:43,32,6,D009,2
2026-05-19 15:47:43,108,6,D012,3
2026-05-19 16:11:07,36,2,D019,2
2026-05-19 15:48:22,48,8,D009,3
2026-05-19 15:48:22,24,8,D016,3
2026-05-19 15:48:22,16,8,D009,1
2026-05-19 19:38:22,60,19,D014,3
2026-05-19 08:06:10,56,1,D008,2
2026-05-19 11:34:21,22,14,D004,1
2026-05-19 11:34:21,72,14,D006,2
2026-05-19 11:34:21,126,14,D005,3
2026-05-19 11:34:21,36,14,D006,1
2026-05-19 13:50:46,16,15,D016,2
2026-05-19 13:50:46,24,15,D011,1
2026-05-19 07:12:12,108,16,D006,3
2026-05-19 07:12:12,28,16,D008,1
2026-05-19 16:59:23,96,11,D018,3
2026-05-19 16:59:23,72,11,D011,3
2026-05-19 16:59:23,16,11,D009,1
2026-05-19 18:29:52,54,14,D007,3
2026-05-19 18:29:52,18,14,D007,1
2026-05-19 18:29:52,84,14,D005,2
2026-05-19 18:29:52,48,14,D020,2
2026-05-19 09:54:00,72,5,D011,3
2026-05-19 09:54:00,42,5,D005,1
2026-05-19 09:54:00,36,5,D007,2
2026-05-19 13:34:42,20,4,D014,1
2026-05-19 13:34:42,84,4,D005,2
2026-05-19 13:34:42,36,4,D006,1
2026-05-19 13:34:42,114,4,D002,3
2026-05-19 12:19:23,144,9,D001,3
2026-05-19 12:19:23,72,9,D011,3
2026-05-19 12:19:23,114,9,D002,3
2026-05-19 12:19:23,72,9,D006,2
2026-05-19 14:17:49,44,15,D015,2
2026-05-20 01:07:59,24,1,D016,3
2026-05-20 01:07:59,38,1,D002,1
2026-05-20 01:07:59,15,1,D013,1
2026-05-20 01:07:59,56,1,D008,2
2026-05-19 13:36:42,22,11,D004,1
2026-05-19 13:36:42,84,11,D005,2
2026-05-19 12:18:23,24,3,D020,1
2026-05-19 12:18:23,30,3,D013,2
2026-05-19 14:11:40,20,19,D014,1
2026-05-19 14:11:40,36,19,D012,1
2026-05-19 14:11:40,36,19,D012,1
2026-05-19 14:11:40,48,19,D009,3
2026-05-19 15:43:13,36,8,D010,3
2026-05-19 15:43:13,60,8,D014,3
2026-05-19 11:41:11,72,8,D011,3
2026-05-19 11:41:11,42,8,D005,1
2026-05-19 11:41:11,44,8,D004,2
2026-05-19 18:30:31,72,10,D020,3
2026-05-19 18:30:31,66,10,D015,3
2026-05-19 18:30:31,44,10,D015,2
2026-05-19 11:21:54,60,4,D014,3
2026-05-19 11:21:54,64,4,D003,2
2026-05-19 07:48:03,36,19,D007,2
2026-05-19 07:48:03,36,19,D006,1
2026-05-19 12:25:27,76,16,D002,2
2026-05-19 12:41:00,18,18,D007,1
2026-05-19 12:41:00,38,18,D002,1
2026-05-19 13:02:09,76,18,D002,2
2026-05-19 16:52:15,66,16,D015,3
2026-05-19 16:52:15,45,16,D013,3
2026-05-19 16:52:15,24,16,D016,3
2026-05-19 11:02:47,32,11,D018,1
2026-05-19 11:02:47,16,11,D016,2
2026-05-19 17:55:22,36,12,D010,3
2026-05-19 17:55:22,38,12,D002,1
2026-05-19 07:48:40,16,5,D009,1
2026-05-19 07:48:40,108,5,D006,3
2026-05-19 07:48:40,36,5,D006,1
2026-05-19 12:15:59,48,15,D009,3
2026-05-19 12:15:59,72,15,D006,2
2026-05-19 12:15:59,56,15,D008,2
2026-05-19 07:36:24,45,15,D013,3
2026-05-19 07:36:24,18,15,D007,1
2026-05-19 17:50:26,72,11,D011,3
2026-05-19 17:50:26,84,11,D008,3
2026-05-19 17:50:26,54,11,D007,3
2026-05-19 18:32:53,56,13,D008,2
2026-05-19 18:32:53,76,13,D002,2
2026-05-19 18:32:53,64,13,D003,2
2026-05-19 18:26:38,22,1,D004,1
2026-05-19 18:26:38,72,1,D020,3
2026-05-19 16:12:39,22,8,D015,1
2026-05-19 16:12:39,28,8,D017,1
2026-05-19 16:12:39,56,8,D017,2
2026-05-19 14:22:20,84,9,D017,3
2026-05-19 14:22:20,66,9,D015,3
2026-05-19 14:22:20,24,9,D011,1
2026-05-19 19:11:08,44,19,D004,2
2026-05-19 12:31:21,36,15,D007,2
2026-05-19 12:31:21,18,15,D007,1
2026-05-19 12:31:21,32,15,D009,2
2026-05-19 12:31:21,36,15,D010,3
2026-05-19 18:34:55,60,13,D014,3
2026-05-19 18:12:18,28,5,D008,1
2026-05-19 18:12:18,36,5,D006,1
2026-05-19 17:37:46,66,11,D015,3
2026-05-19 17:37:46,54,11,D007,3
2026-05-19 17:37:46,64,11,D018,2
2026-05-19 17:37:46,56,11,D017,2
2026-05-19 12:22:01,38,18,D002,1
2026-05-19 14:31:17,36,8,D012,1
2026-05-19 14:31:17,36,8,D012,1
2026-05-19 14:31:17,72,8,D012,2
2026-05-19 14:31:17,44,8,D015,2
2026-05-19 06:49:00,40,1,D014,2
2026-05-19 06:49:00,16,1,D009,1
2026-05-19 18:16:32,108,15,D006,3
2026-05-19 18:16:32,48,15,D001,1
2026-05-19 18:16:32,114,15,D002,3
2026-05-19 18:16:32,84,15,D008,3
2026-05-19 13:47:48,38,13,D002,1
2026-05-19 17:36:30,38,4,D002,1
2026-05-19 18:33:27,72,15,D006,2
2026-05-19 18:33:27,8,15,D016,1
2026-05-19 13:07:08,64,14,D003,2
2026-05-20 01:13:15,36,16,D019,2
2026-05-20 01:13:15,108,16,D006,3
2026-05-19 16:13:02,24,16,D010,2
2026-05-19 16:13:02,12,16,D010,1
2026-05-19 16:13:02,72,16,D012,2
2026-05-19 16:13:02,16,16,D009,1
2026-05-19 16:51:25,20,11,D014,1
2026-05-19 16:51:25,45,11,D013,3
2026-05-19 16:51:25,32,11,D009,2
2026-05-19 11:43:34,84,12,D008,3
2026-05-19 20:33:46,45,10,D013,3
2026-05-19 20:33:46,12,10,D010,1
2026-05-19 18:05:31,16,6,D009,1
2026-05-19 18:05:31,48,6,D001,1
2026-05-19 18:05:31,48,6,D001,1
2026-05-19 18:05:31,38,6,D002,1
2026-05-19 14:36:02,28,7,D017,1
2026-05-19 08:09:07,60,16,D014,3
2026-05-19 08:09:07,44,16,D004,2
2026-05-19 08:09:07,54,16,D007,3
2026-05-19 07:06:19,96,4,D001,2
2026-05-19 07:06:19,44,4,D015,2
2026-05-19 09:00:46,126,8,D005,3
2026-05-19 09:00:46,64,8,D003,2
2026-05-19 19:14:30,84,15,D005,2
2026-05-19 14:23:47,54,18,D019,3
2026-05-19 14:23:47,24,18,D020,1
2026-05-19 14:23:47,24,18,D011,1
2026-05-19 14:23:47,15,18,D013,1
2026-05-19 12:02:07,32,18,D009,2
2026-05-19 12:02:07,40,18,D014,2
2026-05-19 19:43:10,32,2,D003,1
2026-05-20 17:49:40,84,4,D017,3
2026-05-20 17:49:40,32,4,D003,1
2026-05-20 17:49:40,36,4,D006,1
2026-05-20 13:24:23,24,20,D010,2
2026-05-21 01:04:18,40,8,D014,2
2026-05-21 01:04:18,40,8,D014,2
2026-05-21 01:04:18,66,8,D015,3
2026-05-21 01:04:18,84,8,D008,3
2026-05-20 07:34:47,84,17,D008,3
2026-05-20 07:34:47,56,17,D008,2
2026-05-20 07:34:47,66,17,D004,3
2026-05-20 07:34:47,108,17,D006,3
2026-05-20 16:42:36,12,15,D010,1
2026-05-20 16:54:55,84,15,D008,3
2026-05-20 12:18:42,8,18,D016,1
2026-05-20 12:18:42,20,18,D014,1
2026-05-20 12:18:42,18,18,D007,1
2026-05-20 12:18:42,28,18,D008,1
2026-05-20 23:18:12,12,8,D010,1
2026-05-20 23:18:12,108,8,D012,3
2026-05-20 07:27:24,72,5,D006,2
2026-05-20 07:27:24,72,5,D006,2
2026-05-20 07:27:24,44,5,D015,2
2026-05-20 19:24:44,48,3,D020,2
2026-05-20 19:24:44,96,3,D018,3
2026-05-20 19:24:44,28,3,D008,1
2026-05-20 16:20:07,60,7,D014,3
2026-05-20 16:20:07,32,7,D009,2
2026-05-20 16:20:07,24,7,D011,1
2026-05-20 08:37:13,32,5,D003,1
2026-05-20 08:37:13,15,5,D013,1
2026-05-20 08:37:13,144,5,D001,3
2026-05-20 18:19:03,8,20,D016,1
2026-05-20 18:19:03,45,20,D013,3
2026-05-20 18:19:03,22,20,D004,1
2026-05-20 19:01:43,32,11,D018,1
2026-05-20 19:01:43,28,11,D008,1
2026-05-20 19:01:43,32,11,D003,1
2026-05-20 19:01:43,48,11,D001,1
2026-05-20 11:18:04,56,1,D008,2
2026-05-20 11:18:04,96,1,D001,2
2026-05-20 09:20:06,16,9,D016,2
2026-05-20 11:41:39,56,9,D008,2
2026-05-20 11:41:39,96,9,D001,2
2026-05-20 11:41:39,64,9,D003,2
2026-05-20 08:52:26,36,6,D007,2
2026-05-20 08:52:26,114,6,D002,3
2026-05-20 08:52:26,84,6,D005,2
2026-05-20 08:52:26,44,6,D015,2
2026-05-20 11:07:18,64,3,D003,2
2026-05-20 20:22:32,12,18,D010,1
2026-05-20 20:22:32,144,18,D001,3
2026-05-20 20:22:32,84,18,D008,3
2026-05-20 20:22:32,22,18,D015,1
2026-05-20 12:21:22,16,7,D009,1
2026-05-20 12:21:22,96,7,D001,2
2026-05-20 14:35:44,36,7,D010,3
2026-05-20 14:35:44,36,7,D006,1
2026-05-20 14:16:14,15,6,D013,1
2026-05-20 14:16:14,36,6,D010,3
2026-05-20 14:16:14,24,6,D011,1
2026-05-20 11:49:26,30,14,D013,2
2026-05-20 11:49:26,36,14,D007,2
2026-05-20 14:05:48,72,6,D011,3
2026-05-20 14:05:48,36,6,D010,3
2026-05-20 14:05:48,16,6,D009,1
2026-05-20 17:44:25,24,11,D011,1
2026-05-20 19:18:14,64,2,D003,2
2026-05-20 22:37:52,24,8,D010,2
2026-05-20 15:15:03,30,1,D013,2
2026-05-20 06:25:55,84,9,D008,3
2026-05-20 06:25:55,18,9,D007,1
2026-05-20 06:25:55,36,9,D006,1
2026-05-20 06:25:55,96,9,D003,3
2026-05-20 20:24:41,48,19,D001,1
2026-05-20 20:24:41,114,19,D002,3
2026-05-20 20:24:41,28,19,D008,1
2026-05-20 20:24:41,144,19,D001,3
2026-05-20 18:35:31,28,17,D017,1
2026-05-20 11:47:48,18,20,D007,1
2026-05-20 11:47:48,48,20,D001,1
2026-05-20 12:59:25,96,15,D003,3
2026-05-20 12:59:25,44,15,D015,2
2026-05-20 20:13:27,108,5,D006,3
2026-05-20 20:13:27,72,5,D006,2
2026-05-20 13:07:32,32,13,D003,1
2026-05-20 16:26:56,30,1,D013,2
2026-05-20 16:26:56,56,1,D017,2
2026-05-20 16:26:56,30,1,D013,2
2026-05-20 17:35:04,45,17,D013,3
2026-05-20 17:35:04,12,17,D010,1
2026-05-20 12:43:39,22,17,D015,1
2026-05-20 12:43:39,72,17,D020,3
2026-05-20 12:43:39,108,17,D006,3
2026-05-20 12:43:39,84,17,D008,3
2026-05-20 23:24:58,36,13,D007,2
2026-05-20 23:24:58,126,13,D005,3
2026-05-20 13:09:08,108,6,D006,3
2026-05-20 13:09:08,76,6,D002,2
2026-05-20 13:09:08,72,6,D006,2
2026-05-21 00:13:12,12,10,D010,1
2026-05-21 00:13:12,44,10,D015,2
2026-05-21 00:13:12,36,10,D012,1
2026-05-20 18:18:20,96,20,D003,3
2026-05-20 18:18:20,36,20,D007,2
2026-05-20 18:18:20,48,20,D020,2
2026-05-20 18:18:20,114,20,D002,3
2026-05-20 17:24:54,45,14,D013,3
2026-05-20 17:24:54,36,14,D010,3
2026-05-20 12:53:28,32,15,D003,1
2026-05-20 12:53:28,38,15,D002,1
2026-05-20 12:53:28,42,15,D005,1
2026-05-20 13:49:01,84,13,D008,3
2026-05-20 13:49:01,16,13,D016,2
2026-05-20 13:49:01,84,13,D008,3
2026-05-20 12:55:06,48,4,D020,2
2026-05-20 12:55:06,84,4,D005,2
2026-05-20 12:55:06,66,4,D004,3
2026-05-20 12:55:06,24,4,D011,1
2026-05-20 14:07:20,32,16,D003,1
2026-05-20 14:07:20,96,16,D018,3
2026-05-20 14:07:20,72,16,D020,3
2026-05-20 14:07:20,20,16,D014,1
2026-05-20 12:30:35,84,12,D005,2
2026-05-20 12:30:35,36,12,D006,1
2026-05-20 12:30:35,20,12,D014,1
2026-05-21 00:26:03,28,9,D017,1
2026-05-21 00:26:03,84,9,D017,3
2026-05-21 00:26:03,36,9,D006,1
2026-05-21 00:26:03,28,9,D008,1
2026-05-20 19:04:23,96,9,D001,2
2026-05-20 19:04:23,96,9,D001,2
2026-05-20 19:04:23,96,9,D001,2
2026-05-20 06:22:10,20,20,D014,1
2026-05-20 06:22:10,84,20,D008,3
2026-05-20 06:22:10,56,20,D008,2
2026-05-20 06:22:10,54,20,D007,3
2026-05-20 18:52:50,24,17,D016,3
2026-05-20 18:52:50,84,17,D008,3
2026-05-20 18:52:50,54,17,D007,3
2026-05-20 15:11:46,36,10,D012,1
2026-05-20 15:11:46,24,10,D016,3
2026-05-20 15:11:46,28,10,D008,1
2026-05-20 11:49:19,72,20,D006,2
2026-05-20 20:19:47,126,9,D005,3
2026-05-20 20:19:47,22,9,D004,1
2026-05-20 20:19:47,56,9,D008,2
2026-05-20 06:14:16,48,2,D009,3
2026-05-20 11:34:43,36,8,D007,2
2026-05-20 11:34:43,18,8,D007,1
2026-05-20 13:59:57,32,20,D018,1
2026-05-20 13:59:57,12,20,D010,1
2026-05-20 13:59:57,8,20,D016,1
2026-05-20 06:25:08,54,5,D007,3
2026-05-20 06:25:08,18,5,D007,1
2026-05-20 06:25:08,76,5,D002,2
2026-05-20 12:21:15,20,6,D014,1
2026-05-20 12:21:15,54,6,D007,3
2026-05-20 12:21:15,36,6,D007,2
2026-05-20 15:46:36,24,9,D011,1
2026-05-20 15:46:36,96,9,D018,3
2026-05-21 00:40:06,48,16,D009,3
2026-05-20 13:29:12,18,6,D007,1
2026-05-20 13:29:12,64,6,D003,2
2026-05-20 13:29:12,32,6,D009,2
2026-05-20 13:29:12,32,6,D018,1
2026-05-20 15:01:13,36,9,D012,1
2026-05-20 15:01:13,12,9,D010,1
2026-05-20 15:01:13,16,9,D009,1
2026-05-20 15:01:13,72,9,D011,3
2026-05-20 20:32:55,38,2,D002,1
2026-05-20 20:32:55,64,2,D003,2
2026-05-20 20:32:55,32,2,D003,1
2026-05-20 20:32:55,84,2,D005,2
2026-05-20 18:56:12,18,6,D007,1
2026-05-20 16:27:09,40,19,D014,2
2026-05-20 16:27:09,56,19,D017,2
2026-05-20 12:03:00,22,2,D004,1
2026-05-20 12:03:00,96,2,D003,3
2026-05-20 12:57:50,44,19,D004,2
2026-05-20 12:57:50,24,19,D016,3
2026-05-20 17:16:58,114,2,D002,3
2026-05-20 13:39:40,22,19,D004,1
2026-05-20 12:50:40,48,11,D001,1
2026-05-20 07:42:33,84,1,D005,2
2026-05-20 17:38:41,18,3,D007,1
2026-05-20 17:38:41,18,3,D007,1
2026-05-20 20:34:08,84,8,D005,2
2026-05-20 20:34:08,126,8,D005,3
2026-05-20 12:19:31,15,13,D013,1
2026-05-20 12:19:31,66,13,D015,3
2026-05-20 12:19:31,84,13,D017,3
2026-05-20 12:19:31,12,13,D010,1
2026-05-20 20:37:44,44,7,D004,2
2026-05-20 20:37:44,8,7,D016,1
2026-05-20 18:38:26,96,11,D003,3
2026-05-20 18:38:26,16,11,D016,2
2026-05-20 18:54:44,18,7,D019,1
2026-05-20 18:54:44,36,7,D006,1
2026-05-20 18:54:44,64,7,D003,2
2026-05-20 18:54:44,64,7,D003,2
2026-05-20 18:43:16,66,9,D015,3
2026-05-20 18:43:16,64,9,D003,2
2026-05-20 08:57:53,76,18,D002,2
2026-05-20 08:57:53,84,18,D005,2
2026-05-20 08:57:53,36,18,D007,2
2026-05-20 08:57:53,144,18,D001,3
2026-05-20 13:04:55,126,5,D005,3
2026-05-20 13:04:55,84,5,D005,2
2026-05-20 13:39:55,24,6,D011,1
2026-05-20 06:34:20,66,9,D004,3
2026-05-20 06:34:20,54,9,D007,3
2026-05-21 01:11:08,20,9,D014,1
2026-05-21 01:11:08,22,9,D004,1
2026-05-21 01:11:08,45,9,D013,3
2026-05-21 01:11:08,22,9,D015,1
2026-05-20 07:44:48,114,1,D002,3
2026-05-20 07:44:48,38,1,D002,1
2026-05-20 11:24:58,48,9,D009,3
2026-05-20 11:24:58,108,9,D012,3
2026-05-20 11:24:58,64,9,D003,2
2026-05-21 01:09:03,72,2,D012,2
2026-05-21 01:09:03,72,2,D012,2
2026-05-21 01:09:03,108,2,D012,3
2026-05-20 13:16:11,66,11,D015,3
2026-05-20 21:36:25,45,18,D013,3
2026-05-20 21:36:25,20,18,D014,1
2026-05-21 22:02:07,72,6,D011,3
2026-05-21 22:02:07,32,6,D009,2
2026-05-21 22:02:07,84,6,D008,3
2026-05-21 12:20:41,56,18,D017,2
2026-05-21 07:38:21,84,20,D008,3
2026-05-21 07:38:21,18,20,D007,1
2026-05-21 16:16:56,32,14,D009,2
2026-05-21 16:16:56,54,14,D019,3
2026-05-21 16:16:56,36,14,D010,3
2026-05-21 16:16:56,56,14,D017,2
2026-05-21 06:43:15,56,15,D008,2
2026-05-21 13:33:15,60,4,D014,3
2026-05-21 13:33:15,108,4,D006,3
2026-05-21 13:53:42,126,11,D005,3
2026-05-21 13:53:42,64,11,D003,2
2026-05-21 13:53:42,60,11,D014,3
2026-05-21 18:20:03,48,15,D001,1
2026-05-21 18:20:03,96,15,D001,2
2026-05-22 00:09:29,108,1,D012,3
2026-05-22 00:09:29,66,1,D015,3
2026-05-21 17:29:39,126,17,D005,3
2026-05-21 11:31:40,36,9,D007,2
2026-05-21 11:31:40,96,9,D003,3
2026-05-21 11:31:40,114,9,D002,3
2026-05-21 20:04:11,108,15,D006,3
2026-05-21 15:35:06,24,3,D010,2
2026-05-21 11:29:10,126,12,D005,3
2026-05-21 11:29:10,114,12,D002,3
2026-05-21 11:29:10,96,12,D001,2
2026-05-21 11:29:10,76,12,D002,2
2026-05-21 18:15:39,28,9,D008,1
2026-05-21 06:41:39,76,2,D002,2
2026-05-21 06:41:39,8,2,D016,1
2026-05-21 18:29:45,66,10,D004,3
2026-05-21 12:21:04,96,14,D001,2
2026-05-21 12:21:04,56,14,D008,2
2026-05-21 18:44:24,54,2,D007,3
2026-05-21 18:44:24,48,2,D001,1
2026-05-21 18:44:24,144,2,D001,3
2026-05-21 18:44:24,64,2,D003,2
2026-05-21 11:19:12,114,19,D002,3
2026-05-21 20:58:29,144,10,D001,3
2026-05-21 20:58:29,72,10,D020,3
2026-05-21 20:58:29,42,10,D005,1
2026-05-21 09:53:11,36,19,D010,3
2026-05-21 09:53:11,32,19,D009,2
2026-05-21 17:14:16,24,1,D011,1
2026-05-22 01:00:43,54,17,D019,3
2026-05-22 01:00:43,56,17,D008,2
2026-05-22 01:00:43,28,17,D008,1
2026-05-22 01:00:43,72,17,D006,2
2026-05-21 11:59:50,108,8,D006,3
2026-05-21 11:59:50,108,8,D006,3
2026-05-21 11:59:50,84,8,D005,2
2026-05-21 11:59:50,44,8,D015,2
2026-05-21 16:25:13,16,7,D009,1
2026-05-21 16:25:13,66,7,D015,3
2026-05-21 21:28:46,22,8,D004,1
2026-05-21 21:28:46,54,8,D007,3
2026-05-21 21:28:46,24,8,D020,1
2026-05-21 21:28:46,44,8,D015,2
2026-05-21 12:21:53,36,18,D006,1
2026-05-21 17:38:08,96,20,D003,3
2026-05-21 17:38:08,96,20,D001,2
2026-05-21 17:38:08,36,20,D019,2
2026-05-21 11:19:10,16,18,D016,2
2026-05-21 11:19:10,54,18,D007,3
2026-05-21 11:19:10,48,18,D001,1
2026-05-21 08:00:18,32,15,D009,2
2026-05-21 14:57:21,60,6,D014,3
2026-05-21 14:57:21,16,6,D016,2
2026-05-21 14:57:21,66,6,D015,3
2026-05-21 14:57:21,72,6,D020,3
2026-05-21 12:19:35,45,19,D013,3
2026-05-21 15:13:01,108,5,D006,3
2026-05-21 06:37:55,64,19,D003,2
2026-05-21 08:44:49,45,5,D013,3
2026-05-21 08:44:49,96,5,D001,2
2026-05-21 08:44:49,56,5,D008,2
2026-05-21 08:44:49,144,5,D001,3
2026-05-21 11:56:14,84,15,D005,2
2026-05-21 13:51:40,56,14,D008,2
2026-05-21 13:20:52,76,7,D002,2
2026-05-21 13:20:52,54,7,D007,3
2026-05-21 13:20:52,108,7,D012,3
2026-05-21 13:20:52,64,7,D003,2
2026-05-21 11:04:11,114,2,D002,3
2026-05-21 11:04:11,22,2,D004,1
2026-05-21 11:04:11,18,2,D007,1
2026-05-21 11:04:11,72,2,D006,2
2026-05-21 16:58:30,28,18,D008,1
2026-05-21 16:58:30,48,18,D001,1
2026-05-21 16:58:30,44,18,D015,2
2026-05-21 16:58:30,84,18,D017,3
2026-05-21 18:14:56,96,1,D003,3
2026-05-21 18:14:56,64,1,D003,2
2026-05-21 18:14:56,144,1,D001,3
2026-05-21 18:14:56,96,1,D003,3
2026-05-21 18:41:11,66,17,D015,3
2026-05-21 18:41:11,84,17,D017,3
2026-05-21 18:41:11,72,17,D011,3
2026-05-21 18:41:11,84,17,D017,3
2026-05-21 17:00:42,36,5,D007,2
2026-05-21 17:00:42,8,5,D016,1
2026-05-21 17:00:42,96,5,D003,3
2026-05-21 17:00:42,28,5,D008,1
2026-05-21 13:35:31,72,13,D006,2
2026-05-21 13:35:31,44,13,D004,2
2026-05-21 22:20:50,36,4,D010,3
2026-05-21 22:20:50,72,4,D012,2
2026-05-21 22:20:50,38,4,D002,1
2026-05-21 22:20:50,24,4,D010,2
2026-05-21 12:49:48,84,13,D008,3
2026-05-21 12:49:48,40,13,D014,2
2026-05-21 12:49:48,84,13,D008,3
2026-05-21 12:49:48,108,13,D006,3
2026-05-21 13:01:34,36,15,D006,1
2026-05-21 13:01:34,18,15,D007,1
2026-05-21 14:56:56,56,4,D017,2
2026-05-21 14:56:56,72,4,D012,2
2026-05-21 14:56:56,56,4,D017,2
2026-05-21 14:56:56,60,4,D014,3
2026-05-21 17:11:18,32,10,D018,1
2026-05-21 17:11:18,64,10,D003,2
2026-05-21 17:11:18,18,10,D007,1
2026-05-21 11:18:00,56,6,D008,2
2026-05-21 11:18:00,22,6,D015,1
2026-05-21 11:18:00,24,6,D016,3
2026-05-21 20:32:11,36,13,D019,2
2026-05-21 20:32:11,108,13,D006,3
2026-05-21 20:32:11,44,13,D015,2
2026-05-21 07:55:57,144,13,D001,3
2026-05-21 07:55:57,64,13,D003,2
2026-05-21 07:55:57,48,13,D011,2
2026-05-21 07:28:49,96,9,D001,2
2026-05-21 07:28:49,36,9,D007,2
2026-05-21 20:27:54,64,2,D003,2
2026-05-21 20:27:54,64,2,D003,2
2026-05-21 20:27:54,84,2,D005,2
2026-05-21 20:08:49,44,17,D004,2
2026-05-21 20:08:49,48,17,D001,1
2026-05-21 23:03:50,76,2,D002,2
2026-05-21 13:33:36,96,6,D003,3
2026-05-21 13:33:36,45,6,D013,3
2026-05-21 13:33:36,66,6,D004,3
2026-05-21 13:33:36,64,6,D003,2
2026-05-21 11:27:42,48,14,D001,1
2026-05-21 11:27:42,36,14,D010,3
2026-05-21 19:39:42,72,15,D006,2
2026-05-21 19:39:42,28,15,D008,1
2026-05-21 19:39:42,48,15,D020,2
2026-05-21 19:39:42,60,15,D014,3
2026-05-21 23:55:55,36,17,D010,3
2026-05-21 23:55:55,18,17,D019,1
2026-05-21 23:55:55,108,17,D012,3
2026-05-22 01:16:57,15,2,D013,1
2026-05-22 01:16:57,84,2,D005,2
2026-05-22 01:16:57,84,2,D008,3
2026-05-22 01:16:57,24,2,D011,1
2026-05-21 11:28:28,28,20,D008,1
2026-05-21 11:28:28,22,20,D004,1
2026-05-21 11:28:28,32,20,D003,1
2026-05-21 17:44:53,126,9,D005,3
2026-05-21 08:27:50,144,17,D001,3
2026-05-21 15:10:29,24,9,D020,1
2026-05-21 18:58:00,22,7,D015,1
2026-05-21 18:58:00,108,7,D012,3
2026-05-21 19:50:01,38,11,D002,1
2026-05-21 19:50:01,18,11,D007,1
2026-05-21 08:58:06,64,1,D003,2
2026-05-21 08:12:21,108,14,D006,3
2026-05-21 08:12:21,96,14,D001,2
2026-05-21 13:28:43,76,17,D002,2
2026-05-21 13:28:43,45,17,D013,3
2026-05-21 19:12:04,32,13,D003,1
2026-05-21 19:12:04,76,13,D002,2
2026-05-21 17:28:53,44,11,D004,2
2026-05-21 17:28:53,18,11,D007,1
2026-05-21 17:28:53,72,11,D020,3
2026-05-21 17:28:53,66,11,D015,3
2026-05-21 07:25:39,32,1,D009,2
2026-05-21 17:11:46,12,16,D010,1
2026-05-21 17:11:46,36,16,D006,1
2026-05-21 16:07:04,24,20,D020,1
2026-05-21 08:08:41,42,18,D005,1
2026-05-21 13:37:06,114,19,D002,3
2026-05-21 06:25:55,56,1,D008,2
2026-05-21 06:25:55,48,1,D011,2
2026-05-21 06:25:55,42,1,D005,1
2026-05-21 06:25:55,64,1,D003,2
2026-05-21 11:55:06,24,14,D010,2
2026-05-21 11:55:06,40,14,D014,2
2026-05-21 11:55:06,126,14,D005,3
2026-05-21 11:55:06,144,14,D001,3
2026-05-21 12:29:07,54,4,D007,3
2026-05-22 00:02:54,72,6,D011,3
2026-05-22 00:02:54,72,6,D011,3
2026-05-22 00:02:54,12,6,D010,1
2026-05-21 11:17:55,66,2,D015,3
2026-05-21 11:17:55,48,2,D020,2
2026-05-21 11:17:55,22,2,D004,1
2026-05-21 14:00:34,36,15,D010,3
2026-05-22 17:12:30,16,9,D016,2
2026-05-22 17:12:30,114,9,D002,3
2026-05-22 17:12:30,45,9,D013,3
2026-05-22 18:45:28,54,12,D007,3
2026-05-22 18:45:28,38,12,D002,1
2026-05-22 18:45:28,36,12,D019,2
2026-05-22 18:45:28,84,12,D008,3
2026-05-22 18:02:19,84,4,D005,2
2026-05-22 17:31:36,28,3,D017,1
2026-05-22 17:31:36,114,3,D002,3
2026-05-22 17:31:36,22,3,D004,1
2026-05-22 17:31:36,38,3,D002,1
2026-05-22 11:31:02,96,10,D001,2
2026-05-22 08:51:30,44,5,D004,2
2026-05-22 08:51:30,48,5,D011,2
2026-05-22 15:37:40,30,17,D013,2
2026-05-22 15:37:40,32,17,D003,1
2026-05-22 15:37:40,66,17,D015,3
2026-05-22 22:54:25,126,17,D005,3
2026-05-22 22:54:25,144,17,D001,3
2026-05-22 22:54:25,16,17,D016,2
2026-05-22 22:54:25,28,17,D008,1
2026-05-22 13:45:58,72,2,D006,2
2026-05-22 13:45:58,96,2,D003,3
2026-05-22 13:45:58,76,2,D002,2
2026-05-22 13:45:58,8,2,D016,1
2026-05-22 11:22:34,84,12,D017,3
2026-05-22 11:22:34,36,12,D007,2
2026-05-22 11:22:34,48,12,D001,1
2026-05-22 07:57:07,56,3,D008,2
2026-05-22 07:57:07,96,3,D003,3
2026-05-22 21:57:24,72,20,D020,3
2026-05-22 21:57:24,20,20,D014,1
2026-05-22 18:29:58,24,2,D016,3
2026-05-22 18:29:58,28,2,D017,1
2026-05-22 18:29:58,56,2,D008,2
2026-05-22 12:31:07,44,5,D015,2
2026-05-22 12:31:07,66,5,D004,3
2026-05-22 12:31:07,56,5,D008,2
2026-05-22 12:31:07,22,5,D004,1
2026-05-22 18:43:29,22,9,D015,1
2026-05-22 18:43:29,144,9,D001,3
2026-05-22 18:43:29,28,9,D008,1
2026-05-22 17:55:08,24,16,D020,1
2026-05-22 17:55:08,32,16,D003,1
2026-05-22 17:55:08,22,16,D015,1
2026-05-22 17:55:08,54,16,D007,3
2026-05-22 19:44:39,96,3,D001,2
2026-05-22 19:44:39,66,3,D004,3
2026-05-22 13:39:49,60,6,D014,3
2026-05-22 13:39:49,84,6,D005,2
2026-05-22 13:39:49,126,6,D005,3
2026-05-22 13:39:49,54,6,D007,3
2026-05-22 16:30:10,60,11,D014,3
2026-05-22 16:30:10,20,11,D014,1
2026-05-22 19:04:24,22,14,D015,1
2026-05-22 19:56:38,64,11,D018,2
2026-05-22 19:56:38,114,11,D002,3
2026-05-22 19:56:38,144,11,D001,3
2026-05-22 19:56:38,66,11,D004,3
2026-05-22 11:16:22,36,11,D007,2
2026-05-22 11:16:22,64,11,D018,2
2026-05-22 14:25:37,30,4,D013,2
2026-05-22 14:25:37,60,4,D014,3
2026-05-22 14:25:37,114,4,D002,3
2026-05-22 14:25:37,54,4,D007,3
2026-05-22 11:10:04,66,12,D004,3
2026-05-22 11:10:04,36,12,D010,3
2026-05-22 11:10:04,108,12,D006,3
2026-05-22 14:00:20,8,1,D016,1
2026-05-22 14:00:20,64,1,D018,2
2026-05-22 13:39:41,64,19,D018,2
2026-05-22 13:39:41,108,19,D006,3
2026-05-22 07:06:18,96,6,D001,2
2026-05-22 07:06:18,24,6,D011,1
2026-05-22 07:06:18,108,6,D006,3
2026-05-22 07:06:18,18,6,D007,1
2026-05-22 16:15:09,12,11,D010,1
2026-05-22 16:15:09,72,11,D020,3
2026-05-22 16:15:09,45,11,D013,3
2026-05-22 11:29:10,84,19,D005,2
2026-05-22 11:29:10,36,19,D010,3
2026-05-22 11:29:10,84,19,D005,2
2026-05-22 23:56:35,16,2,D016,2
2026-05-22 23:56:35,96,2,D003,3
2026-05-22 23:56:35,24,2,D010,2
2026-05-22 12:35:52,114,7,D002,3
2026-05-23 01:01:36,8,10,D016,1
2026-05-23 01:01:36,45,10,D013,3
2026-05-23 01:01:36,48,10,D011,2
2026-05-23 01:01:36,24,10,D016,3
2026-05-22 20:12:44,84,18,D005,2
2026-05-22 20:12:44,8,18,D016,1
2026-05-22 20:12:44,32,18,D003,1
2026-05-22 20:12:44,36,18,D010,3
2026-05-22 22:23:19,64,13,D018,2
2026-05-22 22:23:19,84,13,D008,3
2026-05-22 11:31:17,96,16,D001,2
2026-05-22 13:18:02,72,7,D012,2
2026-05-22 13:18:02,108,7,D006,3
2026-05-22 18:40:40,66,9,D015,3
2026-05-22 18:40:40,64,9,D003,2
2026-05-22 18:40:40,96,9,D003,3
2026-05-23 00:43:37,8,10,D016,1
2026-05-23 00:43:37,96,10,D018,3
2026-05-23 00:43:37,48,10,D020,2
2026-05-23 00:43:37,72,10,D011,3
2026-05-22 18:07:42,18,13,D007,1
2026-05-22 18:07:42,76,13,D002,2
2026-05-22 12:29:29,76,1,D002,2
2026-05-22 12:29:29,76,1,D002,2
2026-05-22 12:29:29,60,1,D014,3
2026-05-22 06:44:00,72,8,D006,2
2026-05-22 13:05:09,66,10,D004,3
2026-05-22 13:05:09,36,10,D006,1
2026-05-22 13:05:09,96,10,D003,3
2026-05-22 14:44:38,96,11,D018,3
2026-05-22 14:44:38,8,11,D016,1
2026-05-22 13:05:37,84,17,D008,3
2026-05-22 18:04:19,38,10,D002,1
2026-05-22 18:04:19,72,10,D006,2
2026-05-22 18:04:19,72,10,D006,2
2026-05-22 12:21:02,66,15,D004,3
2026-05-22 12:21:02,28,15,D008,1
2026-05-22 22:38:34,24,8,D020,1
2026-05-22 22:38:34,72,8,D012,2
2026-05-22 13:43:51,108,7,D012,3
2026-05-22 13:43:51,22,7,D015,1
2026-05-22 13:43:51,48,7,D001,1
2026-05-22 09:16:02,20,19,D014,1
2026-05-22 09:16:02,66,19,D015,3
2026-05-22 09:16:02,28,19,D008,1
2026-05-22 09:16:02,54,19,D007,3
2026-05-22 17:09:42,84,18,D005,2
2026-05-22 17:09:42,108,18,D006,3
2026-05-22 07:12:02,15,2,D013,1
2026-05-22 07:12:02,45,2,D013,3
2026-05-22 07:12:02,76,2,D002,2
2026-05-22 13:39:12,72,10,D011,3
2026-05-22 13:39:12,144,10,D001,3
2026-05-22 13:39:12,28,10,D008,1
2026-05-22 18:00:33,24,3,D011,1
2026-05-22 18:00:33,126,3,D005,3
2026-05-22 18:00:33,12,3,D010,1
2026-05-22 13:01:49,66,8,D015,3
2026-05-22 13:01:49,22,8,D004,1
2026-05-22 13:01:49,12,8,D010,1
2026-05-22 09:55:09,96,7,D003,3
2026-05-22 09:55:09,38,7,D002,1
2026-05-22 09:55:09,96,7,D001,2
2026-05-22 23:31:41,48,3,D020,2
2026-05-22 23:31:41,84,3,D005,2
2026-05-22 23:31:41,36,3,D006,1
2026-05-22 18:32:08,36,10,D007,2
2026-05-22 19:20:34,42,16,D005,1
2026-05-22 19:20:34,76,16,D002,2
2026-05-22 13:35:01,48,9,D001,1
2026-05-22 13:35:01,84,9,D008,3
2026-05-22 13:35:01,96,9,D003,3
2026-05-22 13:35:01,96,9,D018,3
2026-05-22 06:27:35,96,17,D003,3
2026-05-22 06:27:35,96,17,D003,3
2026-05-22 06:27:35,44,17,D015,2
2026-05-22 06:27:35,44,17,D004,2
2026-05-22 19:48:35,48,18,D001,1
2026-05-22 09:13:09,24,14,D010,2
2026-05-22 09:13:09,44,14,D004,2
2026-05-22 12:24:38,16,6,D009,1
2026-05-22 12:24:38,96,6,D001,2
2026-05-22 12:24:38,44,6,D015,2
2026-05-22 12:24:38,76,6,D002,2
2026-05-22 19:24:08,66,10,D004,3
2026-05-22 19:24:08,96,10,D001,2
2026-05-22 12:44:11,96,8,D001,2
2026-05-22 12:44:11,56,8,D008,2
2026-05-22 12:44:11,36,8,D007,2
2026-05-22 12:44:11,54,8,D007,3
2026-05-22 15:48:18,36,20,D012,1
2026-05-22 15:48:18,28,20,D017,1
2026-05-22 07:18:22,42,10,D005,1
2026-05-22 07:18:22,72,10,D006,2
2026-05-22 11:10:21,36,12,D007,2
2026-05-22 11:10:21,44,12,D004,2
2026-05-22 11:10:21,38,12,D002,1
2026-05-22 11:10:21,114,12,D002,3
2026-05-22 14:40:21,30,3,D013,2
2026-05-22 14:40:21,66,3,D004,3
2026-05-22 14:40:21,72,3,D020,3
2026-05-22 12:14:49,96,9,D001,2
2026-05-22 12:14:49,45,9,D013,3
2026-05-22 12:14:49,48,9,D001,1
2026-05-22 12:14:49,18,9,D007,1
2026-05-22 08:45:21,64,1,D003,2
2026-05-22 08:45:21,64,1,D003,2
2026-05-22 18:14:31,22,5,D004,1
2026-05-22 18:14:31,18,5,D007,1
2026-05-22 19:03:34,28,2,D017,1
2026-05-22 19:03:34,114,2,D002,3
2026-05-22 19:03:34,36,2,D007,2
2026-05-22 13:35:28,38,8,D002,1
2026-05-22 13:35:28,72,8,D012,2
2026-05-22 13:35:28,108,8,D006,3
2026-05-22 15:00:29,48,9,D009,3
2026-05-22 15:00:29,12,9,D010,1
2026-05-22 17:45:25,36,3,D006,1
2026-05-22 17:45:25,126,3,D005,3
2026-05-22 17:45:25,36,3,D007,2
2026-05-22 22:39:09,36,15,D007,2
2026-05-22 22:39:09,60,15,D014,3
2026-05-22 22:39:09,96,15,D001,2
2026-05-22 19:18:43,44,7,D004,2
2026-05-22 19:18:43,36,7,D007,2
2026-05-22 17:30:49,108,6,D012,3
2026-05-22 17:30:49,18,6,D007,1
2026-05-22 12:29:00,72,1,D006,2
2026-05-22 12:29:00,32,1,D003,1
2026-05-22 11:12:31,76,8,D002,2
2026-05-22 11:12:31,38,8,D002,1
2026-05-22 11:12:31,36,8,D010,3
2026-05-22 11:12:31,45,8,D013,3
2026-05-22 07:53:13,44,20,D004,2
2026-05-22 07:53:13,114,20,D002,3
2026-05-22 07:53:13,72,20,D006,2
2026-05-22 07:53:13,8,20,D016,1
2026-05-22 09:16:23,15,9,D013,1
2026-05-22 09:16:23,96,9,D003,3
2026-05-22 09:16:23,42,9,D005,1
2026-05-22 09:16:23,8,9,D016,1
2026-05-22 18:21:01,28,8,D008,1
2026-05-22 18:21:01,56,8,D008,2
2026-05-22 18:21:01,66,8,D004,3
2026-05-22 18:21:01,22,8,D004,1
2026-05-22 18:50:26,72,4,D020,3
2026-05-22 18:50:26,44,4,D004,2
2026-05-22 18:50:26,36,4,D007,2
2026-05-22 16:25:43,44,1,D015,2
2026-05-22 16:25:43,72,1,D012,2
2026-05-22 16:25:43,30,1,D013,2
2026-05-22 16:25:43,18,1,D019,1
2026-05-22 06:21:24,36,17,D006,1
2026-05-22 12:49:07,28,4,D008,1
2026-05-22 12:49:07,108,4,D006,3
2026-05-22 12:49:07,48,4,D001,1
2026-05-22 12:49:07,48,4,D001,1
2026-05-23 00:44:37,24,5,D020,1
2026-05-23 00:44:37,15,5,D013,1
2026-05-23 00:44:37,56,5,D008,2
2026-05-23 00:44:37,64,5,D003,2
2026-05-22 20:51:49,114,19,D002,3
2026-05-22 20:51:49,36,19,D006,1
2026-05-22 16:26:19,36,4,D012,1
2026-05-22 16:26:19,15,4,D013,1
2026-05-22 16:26:19,48,4,D009,3
2026-05-22 12:56:42,32,16,D003,1
2026-05-22 12:56:42,72,16,D006,2
2026-05-22 12:56:42,108,16,D006,3
2026-05-22 12:56:42,96,16,D001,2
2026-05-22 12:25:07,64,2,D003,2
2026-05-22 12:25:07,18,2,D019,1
2026-05-22 12:25:07,108,2,D006,3
2026-05-22 13:08:45,48,19,D011,2
2026-05-22 13:51:15,36,8,D012,1
2026-05-22 13:09:06,54,4,D007,3
2026-05-22 20:43:58,32,19,D009,2
2026-05-22 15:40:42,8,16,D016,1
2026-05-22 15:40:42,22,16,D015,1
2026-05-22 13:00:01,66,19,D015,3
2026-05-22 06:34:34,44,1,D004,2
2026-05-22 06:51:35,56,3,D008,2
2026-05-22 20:39:25,48,19,D001,1
2026-05-22 20:39:25,84,19,D008,3
2026-05-22 08:23:44,66,13,D015,3
2026-05-22 08:23:44,44,13,D015,2
2026-05-22 08:23:44,28,13,D008,1
2026-05-22 08:23:44,108,13,D006,3
2026-05-22 06:16:15,32,1,D003,1
2026-05-22 06:16:15,108,1,D012,3
2026-05-22 22:28:11,32,10,D009,2
2026-05-22 22:28:11,96,10,D001,2
2026-05-22 22:28:11,16,10,D009,1
2026-05-22 22:28:11,108,10,D012,3
2026-05-22 17:31:53,22,13,D004,1
2026-05-22 17:31:53,22,13,D004,1
2026-05-22 17:31:53,66,13,D004,3
2026-05-22 19:19:09,48,18,D009,3
2026-05-22 19:19:09,114,18,D002,3
2026-05-22 19:19:09,72,18,D011,3
2026-05-22 19:19:09,22,18,D015,1
2026-05-22 11:33:16,96,12,D001,2
2026-05-22 11:33:16,42,12,D005,1
2026-05-22 11:33:16,18,12,D007,1
2026-05-22 11:33:16,96,12,D001,2
2026-05-22 20:15:22,18,13,D019,1
2026-05-22 20:15:22,38,13,D002,1
2026-05-22 20:15:22,66,13,D004,3
2026-05-22 20:32:33,56,6,D008,2
2026-05-22 20:32:33,54,6,D007,3
2026-05-22 20:32:33,114,6,D002,3
2026-05-22 19:31:00,40,17,D014,2
2026-05-22 19:31:00,108,17,D012,3
2026-05-22 18:39:39,38,12,D002,1
2026-05-22 18:39:39,114,12,D002,3
2026-05-22 18:39:39,28,12,D008,1
2026-05-22 13:21:54,64,11,D018,2
2026-05-22 13:21:54,64,11,D003,2
2026-05-22 13:21:54,76,11,D002,2
2026-05-22 13:21:54,76,11,D002,2
2026-05-22 16:25:43,64,5,D018,2
2026-05-22 16:25:43,108,5,D012,3
2026-05-22 16:25:43,22,5,D015,1
2026-05-22 11:59:07,56,6,D008,2
2026-05-22 11:59:07,56,6,D008,2
2026-05-22 11:59:07,22,6,D004,1
2026-05-22 13:20:24,44,5,D004,2
2026-05-22 13:20:24,30,5,D013,2
2026-05-22 13:20:24,20,5,D014,1
2026-05-22 13:20:24,8,5,D016,1
2026-05-22 11:48:26,84,17,D008,3
2026-05-22 11:48:26,36,17,D007,2
2026-05-22 11:48:26,42,17,D005,1
2026-05-22 11:48:26,36,17,D007,2
2026-05-22 19:30:07,126,1,D005,3
2026-05-22 19:30:07,56,1,D008,2
2026-05-22 19:30:07,22,1,D004,1
2026-05-22 15:52:27,45,15,D013,3
2026-05-22 17:44:55,36,8,D006,1
2026-05-23 13:32:29,48,10,D001,1
2026-05-23 13:32:29,96,10,D003,3
2026-05-23 13:32:29,38,10,D002,1
2026-05-23 13:32:29,36,10,D007,2
2026-05-23 12:03:43,144,2,D001,3
2026-05-23 12:03:43,38,2,D002,1
2026-05-23 12:03:43,76,2,D002,2
2026-05-23 18:13:00,72,6,D020,3
2026-05-23 18:13:00,15,6,D013,1
2026-05-23 18:13:00,66,6,D015,3
2026-05-23 08:27:53,126,6,D005,3
2026-05-23 08:27:53,126,6,D005,3
2026-05-23 19:20:15,84,1,D005,2
2026-05-23 19:20:15,72,1,D012,2
2026-05-23 19:20:15,76,1,D002,2
2026-05-23 19:20:15,84,1,D008,3
2026-05-23 20:46:39,96,7,D003,3
2026-05-23 20:46:39,76,7,D002,2
2026-05-23 20:46:39,36,7,D007,2
2026-05-23 14:17:42,30,4,D013,2
2026-05-23 14:17:42,30,4,D013,2
2026-05-23 14:17:42,16,4,D016,2
2026-05-23 14:17:42,96,4,D018,3
2026-05-24 00:39:08,24,11,D010,2
2026-05-24 00:39:08,36,11,D010,3
2026-05-24 01:43:10,96,2,D003,3
2026-05-23 19:47:09,84,15,D008,3
2026-05-23 19:47:09,60,15,D014,3
2026-05-23 19:47:09,8,15,D016,1
2026-05-23 16:21:45,24,8,D011,1
2026-05-23 16:21:45,24,8,D016,3
2026-05-23 06:21:22,18,6,D007,1
2026-05-23 06:21:22,15,6,D013,1
2026-05-23 19:11:36,108,13,D006,3
2026-05-23 19:11:36,28,13,D017,1
2026-05-23 09:47:50,84,4,D008,3
2026-05-23 09:47:50,108,4,D006,3
2026-05-23 08:38:54,84,16,D008,3
2026-05-23 08:38:54,18,16,D007,1
2026-05-23 17:25:01,20,19,D014,1
2026-05-23 09:32:33,72,7,D006,2
2026-05-23 09:32:33,36,7,D006,1
2026-05-23 14:50:32,32,2,D009,2
2026-05-23 14:50:32,76,2,D002,2
2026-05-24 00:21:19,48,10,D009,3
2026-05-24 00:21:19,60,10,D014,3
2026-05-23 18:39:23,76,17,D002,2
2026-05-23 09:45:38,64,1,D003,2
2026-05-24 00:11:40,22,17,D004,1
2026-05-24 00:11:40,32,17,D009,2
2026-05-24 00:11:40,108,17,D006,3
2026-05-23 12:25:27,84,2,D008,3
2026-05-23 12:25:27,114,2,D002,3
2026-05-23 06:01:08,48,20,D011,2
2026-05-23 06:39:21,126,19,D005,3
2026-05-23 06:39:21,22,19,D004,1
2026-05-23 17:57:30,72,15,D006,2
2026-05-23 17:57:30,22,15,D004,1
2026-05-23 17:57:30,36,15,D007,2
2026-05-23 06:43:42,114,1,D002,3
2026-05-23 06:43:42,114,1,D002,3
2026-05-23 06:43:42,28,1,D008,1
2026-05-23 06:43:42,36,1,D007,2
2026-05-23 13:43:11,42,3,D005,1
2026-05-23 17:42:06,48,5,D001,1
2026-05-23 17:42:06,22,5,D015,1
2026-05-23 17:42:06,64,5,D003,2
2026-05-23 19:06:13,60,18,D014,3
2026-05-23 19:06:13,48,18,D009,3
2026-05-23 19:06:13,64,18,D003,2
2026-05-23 12:35:21,84,8,D005,2
2026-05-23 07:08:52,44,7,D004,2
2026-05-23 07:08:52,96,7,D003,3
2026-05-23 07:08:52,48,7,D001,1
2026-05-24 00:16:38,56,19,D008,2
2026-05-24 00:16:38,45,19,D013,3
2026-05-23 07:42:24,64,18,D003,2
2026-05-23 07:42:24,66,18,D015,3
2026-05-23 12:06:45,60,4,D014,3
2026-05-23 12:06:45,66,4,D004,3
2026-05-23 12:06:45,126,4,D005,3
2026-05-23 12:06:45,32,4,D003,1
2026-05-23 19:39:00,36,17,D007,2
2026-05-23 19:39:00,84,17,D005,2
2026-05-23 19:39:00,44,17,D004,2
2026-05-23 11:25:25,38,1,D002,1
2026-05-23 11:25:25,66,1,D004,3
2026-05-23 11:25:25,36,1,D006,1
2026-05-23 14:13:12,12,18,D010,1
2026-05-23 14:13:12,30,18,D013,2
2026-05-23 14:13:12,72,18,D011,3
2026-05-23 14:13:12,22,18,D015,1
2026-05-23 12:56:36,64,4,D003,2
2026-05-23 12:56:36,66,4,D004,3
2026-05-23 09:08:09,44,6,D004,2
2026-05-23 09:08:09,114,6,D002,3
2026-05-23 09:08:09,66,6,D015,3
2026-05-23 16:27:28,24,15,D016,3
2026-05-23 16:27:28,12,15,D010,1
2026-05-23 16:27:28,54,15,D019,3
2026-05-23 16:29:47,42,5,D005,1
2026-05-23 16:29:47,22,5,D015,1
2026-05-23 16:29:47,15,5,D013,1
2026-05-23 16:29:47,84,5,D017,3
2026-05-23 13:38:44,24,8,D016,3
2026-05-23 13:38:44,56,8,D008,2
2026-05-23 13:38:44,45,8,D013,3
2026-05-23 13:38:44,22,8,D004,1
2026-05-23 19:26:32,15,18,D013,1
2026-05-23 18:28:40,22,18,D015,1
2026-05-23 12:22:10,72,7,D006,2
2026-05-23 12:14:18,28,15,D008,1
2026-05-23 07:10:12,108,10,D012,3
2026-05-23 07:10:12,45,10,D013,3
2026-05-23 07:10:12,36,10,D006,1
2026-05-23 07:59:38,44,11,D004,2
2026-05-23 07:59:38,36,11,D007,2
2026-05-23 07:51:28,108,11,D012,3
2026-05-23 07:51:28,144,11,D001,3
2026-05-23 07:51:28,108,11,D006,3
2026-05-23 13:10:57,18,5,D007,1
2026-05-23 13:10:57,144,5,D001,3
2026-05-23 07:05:52,30,19,D013,2
2026-05-23 07:05:52,38,19,D002,1
2026-05-24 01:24:20,96,6,D001,2
2026-05-24 01:24:20,36,6,D010,3
2026-05-23 12:16:21,18,10,D007,1
2026-05-23 12:16:21,44,10,D004,2
2026-05-23 12:16:21,108,10,D006,3
2026-05-23 12:16:21,84,10,D008,3
2026-05-23 11:51:25,30,7,D013,2
2026-05-23 11:51:25,44,7,D015,2
2026-05-23 11:51:25,84,7,D005,2
2026-05-23 13:26:39,114,18,D002,3
2026-05-23 17:54:03,76,2,D002,2
2026-05-23 17:54:03,84,2,D008,3
2026-05-23 12:06:28,72,14,D006,2
2026-05-23 14:18:58,16,2,D009,1
2026-05-23 14:18:58,28,2,D017,1
2026-05-23 14:18:58,108,2,D012,3
2026-05-23 14:18:58,72,2,D020,3
2026-05-23 20:53:25,108,6,D006,3
2026-05-23 20:53:25,24,6,D011,1
2026-05-23 13:01:37,18,6,D019,1
2026-05-23 13:01:37,44,6,D004,2
2026-05-23 13:01:37,32,6,D003,1
2026-05-23 09:52:44,15,10,D013,1
2026-05-23 09:52:44,48,10,D011,2
2026-05-23 09:52:44,40,10,D014,2
2026-05-23 09:52:44,8,10,D016,1
2026-05-23 18:31:13,108,1,D012,3
2026-05-23 18:31:13,96,1,D001,2
2026-05-23 18:31:13,32,1,D018,1
2026-05-23 18:31:13,22,1,D015,1
2026-05-23 11:54:24,84,19,D008,3
2026-05-23 11:03:15,126,17,D005,3
2026-05-23 09:48:18,126,3,D005,3
2026-05-23 12:53:31,144,10,D001,3
2026-05-23 19:32:26,18,18,D007,1
2026-05-23 19:32:26,114,18,D002,3
2026-05-23 19:32:26,114,18,D002,3
2026-05-23 13:31:38,36,9,D007,2
2026-05-23 20:00:01,42,16,D005,1
2026-05-23 17:44:48,126,5,D005,3
2026-05-23 12:09:11,84,15,D008,3
2026-05-23 11:49:34,44,3,D015,2
2026-05-23 17:25:27,76,3,D002,2
2026-05-23 17:00:05,84,17,D005,2
2026-05-23 17:00:05,44,17,D004,2
2026-05-23 12:05:33,16,17,D016,2
2026-05-23 12:05:33,76,17,D002,2
2026-05-23 09:12:22,42,18,D005,1
2026-05-23 09:12:22,18,18,D007,1
2026-05-23 18:24:29,18,15,D007,1
2026-05-23 12:57:44,144,6,D001,3
2026-05-23 12:57:44,38,6,D002,1
2026-05-23 12:57:44,84,6,D008,3
2026-05-23 20:30:19,76,2,D002,2
2026-05-23 20:30:19,96,2,D003,3
2026-05-23 20:30:19,42,2,D005,1
2026-05-23 20:30:19,36,2,D007,2
2026-05-23 07:52:12,66,13,D004,3
2026-05-23 13:10:04,144,2,D001,3
2026-05-23 13:10:04,66,2,D004,3
2026-05-23 06:37:21,66,3,D015,3
2026-05-23 06:37:21,108,3,D006,3
2026-05-23 12:53:00,84,16,D008,3
2026-05-23 12:53:00,72,16,D011,3
2026-05-23 12:53:00,56,16,D008,2
2026-05-23 12:53:00,114,16,D002,3
2026-05-23 13:43:48,44,6,D015,2
2026-05-23 13:43:48,64,6,D003,2
2026-05-23 13:43:48,114,6,D002,3
2026-05-23 20:51:08,66,2,D015,3
2026-05-23 20:51:08,54,2,D007,3
2026-05-23 20:51:08,76,2,D002,2
2026-05-23 17:38:28,76,4,D002,2
2026-05-23 17:38:28,66,4,D004,3
2026-05-23 16:01:53,56,8,D017,2
2026-05-23 08:35:31,114,2,D002,3
2026-05-23 08:35:31,48,2,D011,2
2026-05-23 08:35:31,36,2,D007,2
2026-05-23 08:35:31,32,2,D003,1
2026-05-23 18:18:51,15,1,D013,1
2026-05-23 18:18:51,48,1,D001,1
2026-05-23 18:18:51,28,1,D008,1
2026-05-23 18:18:51,54,1,D019,3
2026-05-23 19:15:27,18,1,D007,1
2026-05-23 19:15:27,36,1,D006,1
2026-05-23 19:15:27,32,1,D018,1
2026-05-23 19:15:27,54,1,D019,3
2026-05-23 12:30:16,36,7,D007,2
2026-05-23 12:30:16,38,7,D002,1
2026-05-23 12:30:16,66,7,D004,3
2026-05-23 12:30:16,56,7,D008,2
2026-05-23 21:29:53,36,11,D019,2
2026-05-23 21:29:53,66,11,D015,3
2026-05-23 21:29:53,108,11,D006,3
2026-05-24 01:24:36,48,5,D011,2
2026-05-23 16:06:33,48,16,D020,2
2026-05-23 16:06:33,66,16,D015,3
2026-05-23 16:06:33,40,16,D014,2
2026-05-23 16:06:33,45,16,D013,3
2026-05-23 13:34:33,144,15,D001,3
2026-05-23 13:34:33,66,15,D015,3
2026-05-23 13:34:33,64,15,D018,2
2026-05-23 11:22:08,36,3,D006,1
2026-05-23 11:22:08,15,3,D013,1
2026-05-23 20:24:34,96,4,D003,3
2026-05-23 17:16:58,42,15,D005,1
2026-05-23 17:16:58,72,15,D006,2
2026-05-23 17:16:58,66,15,D004,3
2026-05-23 17:16:58,30,15,D013,2
2026-05-23 17:50:48,45,4,D013,3
2026-05-23 12:41:48,108,15,D006,3
2026-05-23 12:41:48,76,15,D002,2
2026-05-23 12:41:48,114,15,D002,3
2026-05-23 08:08:37,96,4,D001,2
2026-05-23 08:08:37,45,4,D013,3
2026-05-23 23:43:56,64,13,D003,2
2026-05-23 23:43:56,24,13,D011,1
2026-05-23 23:43:56,28,13,D017,1
2026-05-23 18:48:43,144,8,D001,3
2026-05-23 18:48:43,45,8,D013,3
2026-05-23 18:48:43,66,8,D015,3
2026-05-23 11:06:34,8,8,D016,1
2026-05-23 11:06:34,66,8,D015,3
2026-05-23 11:06:34,36,8,D006,1
2026-05-23 11:06:34,45,8,D013,3
2026-05-23 08:53:55,44,18,D004,2
2026-05-23 17:11:13,66,7,D015,3
2026-05-23 17:11:13,28,7,D008,1
2026-05-24 13:36:27,56,13,D008,2
2026-05-24 13:36:27,18,13,D007,1
2026-05-24 06:05:17,38,18,D002,1
2026-05-24 06:05:17,18,18,D007,1
2026-05-24 06:05:17,76,18,D002,2
2026-05-24 06:05:17,66,18,D004,3
2026-05-25 00:43:42,44,20,D015,2
2026-05-25 00:43:42,15,20,D013,1
2026-05-25 00:43:42,24,20,D011,1
2026-05-25 00:43:42,32,20,D003,1
2026-05-24 09:51:04,16,4,D009,1
2026-05-24 09:51:04,84,4,D005,2
2026-05-24 18:41:19,42,12,D005,1
2026-05-24 12:50:08,144,17,D001,3
2026-05-24 12:50:08,28,17,D008,1
2026-05-24 12:50:08,32,17,D003,1
2026-05-24 15:33:49,72,7,D011,3
2026-05-24 15:33:49,30,7,D013,2
2026-05-24 14:22:11,22,17,D015,1
2026-05-24 15:22:53,15,10,D013,1
2026-05-24 15:22:53,15,10,D013,1
2026-05-24 18:10:20,66,12,D004,3
2026-05-24 18:10:20,72,12,D006,2
2026-05-24 13:56:49,38,1,D002,1
2026-05-24 13:56:49,28,1,D008,1
2026-05-24 13:56:49,22,1,D004,1
2026-05-25 00:03:00,24,16,D010,2
2026-05-25 00:03:00,126,16,D005,3
2026-05-24 18:17:54,114,16,D002,3
2026-05-24 18:17:54,54,16,D007,3
2026-05-24 18:17:54,45,16,D013,3
2026-05-24 14:24:19,16,16,D009,1
2026-05-24 14:24:19,18,16,D019,1
2026-05-24 14:24:19,24,16,D020,1
2026-05-24 13:08:07,36,19,D007,2
2026-05-24 13:08:07,32,19,D003,1
2026-05-24 13:08:07,30,19,D013,2
2026-05-24 13:08:07,28,19,D008,1
2026-05-24 23:51:31,66,18,D015,3
2026-05-24 23:51:31,28,18,D017,1
2026-05-24 23:51:31,72,18,D020,3
2026-05-24 16:08:27,144,16,D001,3
2026-05-24 16:08:27,66,16,D015,3
2026-05-24 16:08:27,72,16,D012,2
2026-05-24 16:08:27,44,16,D015,2
2026-05-24 09:08:09,30,4,D013,2
2026-05-24 09:08:09,72,4,D011,3
2026-05-24 07:58:53,36,7,D006,1
2026-05-24 18:46:23,66,16,D004,3
2026-05-24 18:46:23,108,16,D006,3
2026-05-24 23:57:52,20,4,D014,1
2026-05-24 23:57:52,36,4,D012,1
2026-05-24 14:16:22,36,1,D012,1
2026-05-24 14:16:22,56,1,D017,2
2026-05-24 14:16:22,16,1,D016,2
2026-05-24 14:16:22,126,1,D005,3
2026-05-24 14:09:58,36,4,D019,2
2026-05-24 14:09:58,24,4,D010,2
2026-05-24 14:09:58,24,4,D016,3
2026-05-24 14:09:58,48,4,D009,3
2026-05-24 17:40:58,36,12,D007,2
2026-05-24 16:00:33,108,20,D012,3
2026-05-24 16:00:33,8,20,D016,1
2026-05-24 15:46:52,18,5,D007,1
2026-05-24 15:46:52,16,5,D016,2
2026-05-24 15:46:52,12,5,D010,1
2026-05-24 13:20:19,54,10,D007,3
2026-05-24 09:56:48,114,4,D002,3
2026-05-24 16:04:45,36,20,D007,2
2026-05-24 16:04:45,72,20,D012,2
2026-05-24 16:04:45,40,20,D014,2
2026-05-24 13:43:22,28,13,D008,1
2026-05-24 13:43:22,56,13,D008,2
2026-05-24 13:43:22,36,13,D012,1
2026-05-24 14:11:46,8,18,D016,1
2026-05-24 14:11:46,24,18,D016,3
2026-05-24 14:11:46,20,18,D014,1
2026-05-24 18:41:13,114,11,D002,3
2026-05-24 18:41:13,32,11,D018,1
2026-05-24 11:24:40,54,7,D007,3
2026-05-24 11:24:40,54,7,D007,3
2026-05-24 11:24:40,54,7,D007,3
2026-05-24 11:24:40,54,7,D007,3
2026-05-24 20:05:49,24,18,D016,3
2026-05-24 20:05:49,28,18,D008,1
2026-05-24 20:05:49,96,18,D001,2
2026-05-24 13:19:41,36,7,D006,1
2026-05-24 13:19:41,20,7,D014,1
2026-05-24 13:19:41,66,7,D004,3
2026-05-24 08:50:54,16,1,D016,2
2026-05-24 08:50:54,36,1,D007,2
2026-05-24 08:50:54,24,1,D011,1
2026-05-24 08:50:54,64,1,D003,2
2026-05-24 21:33:25,16,4,D016,2
2026-05-24 21:33:25,84,4,D005,2
2026-05-24 21:33:25,48,4,D001,1
2026-05-24 18:58:06,84,19,D008,3
2026-05-24 18:58:06,22,19,D004,1
2026-05-24 18:58:06,64,19,D018,2
2026-05-24 20:25:00,66,2,D004,3
2026-05-24 20:25:00,24,2,D011,1
2026-05-24 20:25:00,36,2,D006,1
2026-05-24 14:41:20,15,6,D013,1
2026-05-24 14:41:20,48,6,D009,3
2026-05-24 14:41:20,48,6,D011,2
2026-05-24 14:41:20,54,6,D019,3
2026-05-24 11:38:25,84,15,D005,2
2026-05-24 11:38:25,144,15,D001,3
2026-05-24 11:38:25,22,15,D015,1
2026-05-24 15:28:10,20,14,D014,1
2026-05-24 15:28:10,60,14,D014,3
2026-05-24 15:28:10,24,14,D016,3
2026-05-24 15:28:10,36,14,D012,1
2026-05-24 08:15:08,36,16,D010,3
2026-05-24 08:15:08,20,16,D014,1
2026-05-24 19:08:08,48,10,D001,1
2026-05-24 19:08:08,22,10,D004,1
2026-05-24 19:08:08,24,10,D020,1
2026-05-24 19:08:08,44,10,D004,2
2026-05-24 22:46:07,16,19,D009,1
2026-05-24 22:46:07,64,19,D018,2
2026-05-24 22:46:07,32,19,D009,2
2026-05-24 06:01:07,56,6,D008,2
2026-05-24 06:01:07,44,6,D004,2
2026-05-24 06:01:07,48,6,D001,1
2026-05-24 06:01:07,144,6,D001,3
2026-05-24 08:00:30,84,8,D005,2
2026-05-24 08:00:30,44,8,D004,2
2026-05-24 08:00:30,84,8,D008,3
2026-05-24 08:00:30,84,8,D005,2
2026-05-24 08:20:29,76,10,D002,2
2026-05-24 06:30:29,114,4,D002,3
2026-05-24 06:30:29,64,4,D003,2
2026-05-24 06:30:29,44,4,D004,2
2026-05-24 06:30:29,54,4,D007,3
2026-05-24 19:50:12,18,9,D019,1
2026-05-24 13:43:38,144,8,D001,3
2026-05-24 13:43:38,64,8,D003,2
2026-05-24 13:43:38,64,8,D003,2
2026-05-25 01:50:01,76,6,D002,2
2026-05-25 01:50:01,96,6,D001,2
2026-05-25 01:50:01,32,6,D003,1
2026-05-24 11:50:39,18,12,D007,1
2026-05-24 11:50:39,64,12,D003,2
2026-05-24 19:11:42,114,19,D002,3
2026-05-24 19:11:42,12,19,D010,1
2026-05-24 19:11:42,16,19,D016,2
2026-05-24 19:43:32,96,18,D001,2
2026-05-24 19:43:32,84,18,D005,2
2026-05-24 19:43:32,126,18,D005,3
2026-05-24 19:43:32,66,18,D004,3
2026-05-24 17:06:16,72,1,D006,2
2026-05-24 17:06:16,16,1,D016,2
2026-05-24 17:06:16,38,1,D002,1
2026-05-24 17:06:16,144,1,D001,3
2026-05-24 07:55:34,64,12,D003,2
2026-05-24 07:55:34,84,12,D008,3
2026-05-24 23:06:43,20,15,D014,1
2026-05-24 14:49:50,60,9,D014,3
2026-05-24 14:49:50,72,9,D020,3
2026-05-24 14:49:50,32,9,D018,1
2026-05-24 15:36:09,16,5,D009,1
2026-05-24 15:36:09,15,5,D013,1
2026-05-24 15:36:09,8,5,D016,1
2026-05-25 00:42:23,20,11,D014,1
2026-05-24 20:14:50,84,9,D008,3
2026-05-24 13:33:36,32,11,D003,1
2026-05-24 13:33:36,32,11,D003,1
2026-05-24 13:33:36,32,11,D003,1
2026-05-24 13:33:36,36,11,D007,2
2026-05-24 19:13:55,72,20,D006,2
2026-05-24 19:13:55,44,20,D004,2
2026-05-24 20:03:11,72,11,D006,2
2026-05-24 11:13:44,72,8,D020,3
2026-05-24 20:28:08,66,11,D015,3
2026-05-24 20:28:08,126,11,D005,3
2026-05-24 20:28:08,20,11,D014,1
2026-05-24 20:28:08,96,11,D003,3
2026-05-24 11:22:06,114,13,D002,3
2026-05-24 11:52:35,36,2,D006,1
2026-05-24 11:52:35,76,2,D002,2
2026-05-24 18:08:35,56,9,D008,2
2026-05-24 18:08:35,36,9,D019,2
2026-05-24 18:08:35,22,9,D015,1
2026-05-24 18:08:35,18,9,D019,1
2026-05-24 07:09:53,36,3,D010,3
2026-05-24 07:09:53,22,3,D015,1
2026-05-24 07:09:53,20,3,D014,1
2026-05-24 07:09:53,22,3,D004,1
2026-05-24 06:32:33,42,13,D005,1
2026-05-24 06:32:33,48,13,D011,2
2026-05-24 06:32:33,56,13,D008,2
2026-05-24 18:23:59,66,2,D004,3
2026-05-24 11:06:11,18,8,D007,1
2026-05-24 11:06:11,76,8,D002,2
2026-05-24 11:06:11,96,8,D003,3
2026-05-24 11:06:11,72,8,D006,2
2026-05-24 07:50:12,16,15,D016,2
2026-05-24 07:50:12,44,15,D004,2
2026-05-24 18:21:52,24,16,D010,2
2026-05-24 20:08:44,24,6,D011,1
2026-05-24 20:08:44,48,6,D001,1
2026-05-24 08:47:37,108,12,D006,3
2026-05-24 20:11:33,15,14,D013,1
2026-05-24 20:11:33,96,14,D003,3
2026-05-24 20:11:33,16,14,D016,2
2026-05-24 20:11:33,84,14,D005,2
2026-05-24 06:08:36,144,10,D001,3
2026-05-24 18:21:21,28,1,D008,1
2026-05-24 18:21:21,56,1,D017,2
2026-05-24 12:12:11,32,4,D009,2
2026-05-24 12:12:11,42,4,D005,1
2026-05-24 12:12:11,36,4,D006,1
2026-05-24 12:32:33,66,3,D004,3
2026-05-24 12:32:33,36,3,D007,2
2026-05-24 12:32:33,44,3,D004,2
2026-05-24 13:48:01,45,2,D013,3
2026-05-24 13:48:01,48,2,D001,1
2026-05-24 13:48:01,36,2,D010,3
2026-05-24 13:48:01,44,2,D004,2
2026-05-24 20:25:09,114,17,D002,3
2026-05-24 20:25:09,56,17,D008,2
2026-05-24 20:25:09,54,17,D019,3
2026-05-24 20:25:09,72,17,D006,2
2026-05-25 00:28:58,22,2,D015,1
2026-05-24 11:22:26,22,7,D004,1
2026-05-24 11:22:26,56,7,D008,2
2026-05-24 07:56:09,8,15,D016,1
2026-05-24 07:56:09,72,15,D006,2
2026-05-24 07:56:09,56,15,D008,2
2026-05-24 16:27:49,40,3,D014,2
2026-05-24 16:27:49,24,3,D011,1
2026-05-24 19:50:55,64,11,D003,2
2026-05-24 19:50:55,42,11,D005,1
2026-05-24 19:50:55,96,11,D001,2
2026-05-24 14:49:21,8,18,D016,1
2026-05-24 17:56:26,126,17,D005,3
2026-05-24 17:56:26,20,17,D014,1
2026-05-24 12:29:45,40,16,D014,2
2026-05-24 12:29:45,114,16,D002,3
2026-05-24 12:29:45,36,16,D006,1
2026-05-24 12:29:45,30,16,D013,2
2026-05-24 12:17:56,96,15,D003,3
2026-05-24 12:17:56,18,15,D007,1
2026-05-24 12:17:56,44,15,D004,2
2026-05-25 01:44:24,8,15,D016,1
2026-05-25 01:44:24,28,15,D017,1
2026-05-25 01:44:24,54,15,D007,3
2026-05-24 11:41:41,144,19,D001,3
2026-05-24 14:34:16,66,19,D004,3
2026-05-25 01:32:28,48,7,D011,2
2026-05-25 01:32:28,18,7,D019,1
2026-05-24 17:37:36,48,14,D009,3
2026-05-24 17:37:36,108,14,D006,3
2026-05-24 17:37:36,16,14,D016,2
2026-05-24 17:37:36,56,14,D008,2
2026-05-25 01:21:22,32,11,D009,2
2026-05-25 01:21:22,72,11,D020,3
2026-05-24 14:17:32,40,6,D014,2
2026-05-24 14:17:32,20,6,D014,1
2026-05-24 14:17:32,72,6,D011,3
2026-05-24 15:09:30,72,1,D011,3
2026-05-24 15:09:30,66,1,D015,3
2026-05-24 15:09:30,48,1,D011,2
2026-05-24 20:10:40,38,6,D002,1
2026-05-24 07:00:02,144,10,D001,3
2026-05-24 07:00:02,144,10,D001,3
2026-05-24 07:00:02,54,10,D007,3
2026-05-24 19:37:01,36,5,D007,2
2026-05-24 20:17:41,8,20,D016,1
2026-05-24 20:17:41,8,20,D016,1
2026-05-24 20:17:41,84,20,D008,3
2026-05-24 17:59:58,48,5,D001,1
2026-05-24 11:28:18,32,4,D009,2
2026-05-24 11:28:18,32,4,D009,2
2026-05-24 16:12:50,15,14,D013,1
2026-05-24 16:12:50,45,14,D013,3
2026-05-24 16:12:50,72,14,D011,3
2026-05-24 16:12:50,60,14,D014,3
2026-05-24 11:54:48,108,11,D006,3
2026-05-24 11:54:48,48,11,D001,1
2026-05-24 16:07:26,108,6,D006,3
2026-05-24 16:07:26,22,6,D015,1
2026-05-25 00:03:21,22,5,D004,1
2026-05-25 00:03:21,42,5,D005,1
2026-05-25 00:03:21,126,5,D005,3
2026-05-24 22:38:41,32,3,D009,2
2026-05-24 22:38:41,54,3,D019,3
2026-05-24 22:38:41,96,3,D001,2
2026-05-24 22:38:41,24,3,D010,2
2026-05-24 12:23:29,8,17,D016,1
2026-05-24 12:23:29,66,17,D004,3
2026-05-24 12:25:29,32,8,D009,2
2026-05-24 12:25:29,96,8,D003,3
2026-05-24 12:25:29,72,8,D011,3
2026-05-24 19:19:04,60,17,D014,3
2026-05-24 19:19:04,45,17,D013,3
2026-05-24 18:12:15,40,1,D014,2
2026-05-24 18:12:15,114,1,D002,3
2026-05-25 08:27:40,15,2,D013,1
2026-05-25 08:27:40,64,2,D003,2
2026-05-25 18:41:26,84,15,D008,3
2026-05-25 18:41:26,114,15,D002,3
2026-05-25 18:41:26,36,15,D006,1
2026-05-25 19:42:42,42,3,D005,1
2026-05-25 19:42:42,16,3,D016,2
2026-05-25 19:42:42,18,3,D007,1
2026-05-25 07:07:10,66,20,D004,3
2026-05-25 07:07:10,36,20,D007,2
2026-05-25 07:07:10,114,20,D002,3
2026-05-25 06:50:00,12,9,D010,1
2026-05-25 11:17:58,48,12,D011,2
2026-05-25 11:17:58,42,12,D005,1
2026-05-25 11:17:58,72,12,D006,2
2026-05-25 13:52:09,22,10,D004,1
2026-05-25 13:52:09,66,10,D004,3
2026-05-25 12:00:26,12,19,D010,1
2026-05-25 12:00:26,38,19,D002,1
2026-05-25 12:26:26,32,3,D018,1
2026-05-25 12:26:26,32,3,D003,1
2026-05-25 12:26:26,36,3,D006,1
2026-05-25 12:26:26,126,3,D005,3
2026-05-26 01:59:05,72,4,D011,3
2026-05-25 12:20:38,18,2,D007,1
2026-05-25 12:20:38,16,2,D009,1
2026-05-25 13:18:35,18,10,D007,1
2026-05-25 13:18:35,28,10,D008,1
2026-05-25 15:02:39,96,3,D018,3
2026-05-25 15:02:39,8,3,D016,1
2026-05-25 15:02:39,32,3,D009,2
2026-05-25 20:32:24,32,4,D003,1
2026-05-25 20:32:24,36,4,D007,2
2026-05-25 20:32:24,66,4,D015,3
2026-05-25 18:49:13,16,4,D016,2
2026-05-25 18:49:13,24,4,D020,1
2026-05-25 18:49:13,22,4,D004,1
2026-05-25 18:49:13,76,4,D002,2
2026-05-25 08:44:04,96,9,D003,3
2026-05-25 11:48:04,24,5,D011,1
2026-05-25 11:48:04,44,5,D004,2
2026-05-25 11:48:04,36,5,D006,1
2026-05-25 11:48:04,64,5,D003,2
2026-05-25 12:27:08,84,1,D005,2
2026-05-25 18:45:15,84,13,D005,2
2026-05-25 18:45:15,144,13,D001,3
2026-05-25 08:40:27,24,4,D011,1
2026-05-25 08:40:27,54,4,D007,3
2026-05-25 08:40:27,72,4,D011,3
2026-05-25 08:40:27,18,4,D007,1
2026-05-25 15:22:35,45,3,D013,3
2026-05-25 15:22:35,45,3,D013,3
2026-05-25 15:22:35,30,3,D013,2
2026-05-25 15:22:35,8,3,D016,1
2026-05-25 19:25:33,32,11,D003,1
2026-05-25 19:25:33,44,11,D004,2
2026-05-25 17:43:19,56,15,D008,2
2026-05-25 18:27:53,66,13,D004,3
2026-05-25 18:27:53,108,13,D006,3
2026-05-25 18:27:53,22,13,D015,1
2026-05-25 20:11:25,84,1,D008,3
2026-05-25 20:11:25,76,1,D002,2
2026-05-25 16:35:48,18,13,D019,1
2026-05-25 16:35:48,72,13,D012,2
2026-05-25 16:35:48,8,13,D016,1
2026-05-25 16:35:48,24,13,D011,1
2026-05-25 18:11:28,16,20,D009,1
2026-05-25 18:11:28,8,20,D016,1
2026-05-25 18:11:28,54,20,D007,3
2026-05-25 18:11:28,48,20,D001,1
2026-05-25 19:48:39,126,11,D005,3
2026-05-25 19:48:39,114,11,D002,3
2026-05-25 19:48:39,126,11,D005,3
2026-05-25 07:35:17,44,20,D004,2
2026-05-25 07:35:17,66,20,D015,3
2026-05-25 17:04:38,60,14,D014,3
2026-05-25 13:45:06,84,18,D008,3
2026-05-25 12:16:46,96,18,D001,2
2026-05-25 14:54:06,30,20,D013,2
2026-05-25 14:54:06,48,20,D001,1
2026-05-25 14:54:06,84,20,D017,3
2026-05-25 20:37:52,56,11,D008,2
2026-05-25 20:37:52,36,11,D006,1
2026-05-25 20:37:52,32,11,D018,1
2026-05-25 20:37:52,64,11,D003,2
2026-05-25 12:33:40,36,10,D007,2
2026-05-25 20:25:06,64,17,D003,2
2026-05-25 20:25:06,24,17,D016,3
2026-05-25 20:25:06,42,17,D005,1
2026-05-25 13:38:51,66,2,D004,3
2026-05-25 13:38:51,48,2,D011,2
2026-05-25 13:38:51,15,2,D013,1
2026-05-25 13:38:51,18,2,D007,1
2026-05-25 14:42:31,144,8,D001,3
2026-05-25 14:42:31,12,8,D010,1
2026-05-25 14:42:31,60,8,D014,3
2026-05-25 07:58:30,8,5,D016,1
2026-05-25 07:58:30,38,5,D002,1
2026-05-25 07:58:30,32,5,D009,2
2026-05-25 07:58:30,114,5,D002,3
2026-05-25 14:14:38,48,16,D020,2
2026-05-25 14:14:38,24,16,D011,1
2026-05-25 14:14:38,72,16,D012,2
2026-05-25 14:14:38,28,16,D017,1
2026-05-25 15:11:49,48,5,D020,2
2026-05-25 15:11:49,44,5,D015,2
2026-05-25 19:20:32,64,15,D003,2
2026-05-25 19:20:32,72,15,D006,2
2026-05-25 19:20:32,24,15,D020,1
2026-05-25 19:20:32,24,15,D010,2
2026-05-25 09:34:15,96,13,D003,3
2026-05-25 12:40:32,32,19,D003,1
2026-05-25 12:40:32,42,19,D005,1
2026-05-25 13:47:08,66,10,D004,3
2026-05-25 12:08:22,96,7,D003,3
2026-05-25 12:08:22,108,7,D012,3
2026-05-25 12:08:22,96,7,D001,2
2026-05-25 12:58:08,38,19,D002,1
2026-05-25 12:58:08,126,19,D005,3
2026-05-25 14:53:33,24,5,D010,2
2026-05-25 14:53:33,40,5,D014,2
2026-05-25 14:53:33,36,5,D012,1
2026-05-25 14:53:33,72,5,D011,3
2026-05-25 18:47:05,28,20,D008,1
2026-05-25 18:47:05,114,20,D002,3
2026-05-25 14:47:25,24,12,D011,1
2026-05-25 14:47:25,24,12,D016,3
2026-05-25 14:47:25,24,12,D016,3
2026-05-25 14:47:25,54,12,D007,3
2026-05-25 22:31:22,60,16,D014,3
2026-05-25 22:31:22,96,16,D001,2
2026-05-25 22:31:22,108,16,D012,3
2026-05-25 11:04:46,36,10,D006,1
2026-05-25 11:04:46,24,10,D016,3
2026-05-25 11:56:41,18,2,D007,1
2026-05-25 11:56:41,96,2,D001,2
2026-05-25 11:56:41,44,2,D004,2
2026-05-25 23:48:05,24,9,D010,2
2026-05-25 23:48:05,114,9,D002,3
2026-05-25 23:48:05,36,9,D012,1
2026-05-25 23:48:05,12,9,D010,1
2026-05-25 20:00:37,96,5,D001,2
2026-05-25 20:00:37,42,5,D005,1
2026-05-25 17:29:31,42,15,D005,1
2026-05-25 17:29:31,60,15,D014,3
2026-05-25 17:29:31,76,15,D002,2
2026-05-25 17:29:31,48,15,D011,2
2026-05-25 07:58:41,20,20,D014,1
2026-05-25 07:58:41,28,20,D008,1
2026-05-25 07:58:41,45,20,D013,3
2026-05-25 07:58:41,126,20,D005,3
2026-05-25 08:24:27,84,16,D005,2
2026-05-25 08:24:27,126,16,D005,3
2026-05-25 08:24:27,84,16,D008,3
2026-05-25 08:24:27,12,16,D010,1
2026-05-25 21:06:46,114,8,D002,3
2026-05-25 21:06:46,32,8,D009,2
2026-05-25 21:06:46,60,8,D014,3
2026-05-25 14:14:13,40,14,D014,2
2026-05-25 14:14:13,30,14,D013,2
2026-05-25 14:14:13,48,14,D009,3
2026-05-25 14:14:13,8,14,D016,1
2026-05-25 19:18:56,84,14,D005,2
2026-05-25 19:18:56,18,14,D007,1
2026-05-25 19:18:56,84,14,D005,2
2026-05-25 07:33:57,32,4,D003,1
2026-05-25 07:33:57,36,4,D006,1
2026-05-25 07:33:57,126,4,D005,3
2026-05-25 20:14:00,42,17,D005,1
2026-05-25 20:14:00,38,17,D002,1
2026-05-25 20:14:00,16,17,D016,2
2026-05-25 20:14:00,96,17,D003,3
2026-05-25 14:16:46,20,8,D014,1
2026-05-25 14:16:46,16,8,D016,2
2026-05-25 14:16:46,16,8,D016,2
2026-05-25 14:16:46,48,8,D011,2
2026-05-25 20:48:34,72,3,D006,2
2026-05-25 20:48:34,96,3,D001,2
2026-05-25 13:55:36,24,1,D011,1
2026-05-25 13:55:36,126,1,D005,3
2026-05-25 13:55:36,42,1,D005,1
2026-05-25 13:21:35,36,6,D007,2
2026-05-25 13:21:35,64,6,D003,2
2026-05-25 13:21:35,72,6,D011,3
2026-05-25 13:21:35,84,6,D005,2
2026-05-25 15:24:38,36,16,D012,1
2026-05-25 15:24:38,16,16,D016,2
2026-05-25 15:35:28,84,9,D017,3
2026-05-25 15:35:28,66,9,D015,3
2026-05-25 15:35:28,36,9,D010,3
2026-05-25 15:35:28,32,9,D018,1
2026-05-25 07:40:02,84,1,D005,2
2026-05-25 20:47:08,114,15,D002,3
2026-05-25 20:47:08,64,15,D003,2
2026-05-25 12:06:45,42,20,D005,1
2026-05-25 12:06:45,114,20,D002,3
2026-05-25 12:06:45,32,20,D003,1
2026-05-25 12:06:45,144,20,D001,3
2026-05-25 15:26:41,22,3,D015,1
2026-05-25 20:04:05,96,3,D001,2
2026-05-25 20:04:05,76,3,D002,2
2026-05-25 20:04:05,126,3,D005,3
2026-05-25 20:04:05,18,3,D019,1
2026-05-25 23:01:47,12,12,D010,1
2026-05-25 23:01:47,44,12,D004,2
2026-05-25 23:01:47,114,12,D002,3
2026-05-25 22:20:54,48,7,D009,3
2026-05-25 22:20:54,22,7,D015,1
2026-05-25 22:20:54,36,7,D010,3
2026-05-25 11:48:33,144,4,D001,3
2026-05-25 11:36:48,64,6,D003,2
2026-05-25 11:36:48,32,6,D009,2
2026-05-25 11:36:48,72,6,D012,2
2026-05-25 07:18:12,36,9,D007,2
2026-05-25 18:11:09,36,18,D010,3
2026-05-25 18:11:09,18,18,D019,1
2026-05-25 16:17:32,72,18,D012,2
2026-05-25 16:17:32,32,18,D009,2
2026-05-25 16:17:32,24,18,D011,1
2026-05-25 08:08:27,48,13,D009,3
2026-05-25 08:08:27,36,13,D006,1
2026-05-25 08:08:27,32,13,D003,1
2026-05-25 08:08:27,32,13,D003,1
2026-05-26 12:44:07,38,6,D002,1
2026-05-26 12:44:07,30,6,D013,2
2026-05-26 12:44:07,76,6,D002,2
2026-05-26 11:57:31,84,13,D008,3
2026-05-26 11:17:45,56,15,D008,2
2026-05-26 12:53:27,144,14,D001,3
2026-05-26 12:53:27,42,14,D005,1
2026-05-26 17:43:55,24,16,D020,1
2026-05-26 17:43:55,72,16,D011,3
2026-05-26 17:43:55,36,16,D007,2
2026-05-26 17:43:55,28,16,D008,1
2026-05-26 11:57:28,96,4,D001,2
2026-05-26 11:57:28,36,4,D007,2
2026-05-26 11:57:28,36,4,D012,1
2026-05-26 11:57:28,72,4,D011,3
2026-05-26 17:04:18,66,2,D004,3
2026-05-26 17:04:18,76,2,D002,2
2026-05-26 17:04:18,36,2,D006,1
2026-05-26 17:04:18,126,2,D005,3
2026-05-26 12:25:27,60,1,D014,3
2026-05-26 12:25:27,36,1,D007,2
2026-05-26 12:25:27,44,1,D015,2
2026-05-26 08:54:22,108,4,D012,3
2026-05-26 19:29:33,126,17,D005,3
2026-05-26 19:29:33,42,17,D005,1
2026-05-26 19:29:33,44,17,D015,2
2026-05-26 19:29:33,108,17,D012,3
2026-05-26 12:11:17,48,18,D009,3
2026-05-26 12:11:17,16,18,D016,2
2026-05-26 12:11:17,12,18,D010,1
2026-05-26 12:11:17,64,18,D003,2
2026-05-26 13:40:44,16,12,D009,1
2026-05-26 13:40:44,40,12,D014,2
2026-05-26 13:40:44,16,12,D009,1
2026-05-26 13:40:44,108,12,D006,3
2026-05-26 17:34:49,24,9,D016,3
2026-05-26 17:34:49,114,9,D002,3
2026-05-26 17:34:49,64,9,D003,2
2026-05-27 01:22:00,66,7,D015,3
2026-05-26 11:11:28,84,14,D008,3
2026-05-26 22:31:17,36,2,D012,1
2026-05-26 22:31:17,15,2,D013,1
2026-05-26 22:31:17,24,2,D016,3
2026-05-26 22:31:17,114,2,D002,3
2026-05-26 12:07:53,64,13,D003,2
2026-05-26 12:07:53,56,13,D008,2
2026-05-26 20:43:33,66,7,D004,3
2026-05-26 20:43:33,38,7,D002,1
2026-05-26 20:43:33,76,7,D002,2
2026-05-26 20:43:33,36,7,D006,1
2026-05-26 19:18:19,12,9,D010,1
2026-05-26 19:18:19,96,9,D001,2
2026-05-26 19:18:19,96,9,D001,2
2026-05-26 11:21:37,15,4,D013,1
2026-05-26 11:21:37,22,4,D004,1
2026-05-26 11:21:37,22,4,D015,1
2026-05-26 16:01:44,84,3,D005,2
2026-05-26 20:24:08,108,9,D006,3
2026-05-26 13:35:56,22,14,D004,1
2026-05-26 13:35:56,76,14,D002,2
2026-05-26 11:10:11,114,3,D002,3
2026-05-26 11:10:11,45,3,D013,3
2026-05-26 11:10:11,144,3,D001,3
2026-05-26 11:10:11,16,3,D016,2
2026-05-26 11:09:23,60,12,D014,3
2026-05-26 11:09:23,66,12,D004,3
2026-05-26 11:09:23,42,12,D005,1
2026-05-26 11:09:23,66,12,D015,3
2026-05-26 07:35:06,48,17,D001,1
2026-05-26 07:35:06,44,17,D004,2
2026-05-26 07:35:06,84,17,D005,2
2026-05-26 07:35:06,48,17,D011,2
2026-05-26 19:26:19,22,4,D004,1
2026-05-26 19:26:19,54,4,D007,3
2026-05-26 19:26:19,24,4,D011,1
2026-05-26 16:58:19,48,9,D020,2
2026-05-26 16:58:19,36,9,D019,2
2026-05-26 16:58:19,72,9,D012,2
2026-05-26 16:58:19,22,9,D015,1
2026-05-26 08:04:01,16,4,D009,1
2026-05-26 08:04:01,76,4,D002,2
2026-05-26 08:04:01,8,4,D016,1
2026-05-26 08:04:01,28,4,D008,1
2026-05-26 13:41:17,12,9,D010,1
2026-05-26 13:41:17,48,9,D011,2
2026-05-26 13:41:17,108,9,D012,3
2026-05-26 13:41:17,16,9,D009,1
2026-05-26 18:11:42,64,14,D003,2
2026-05-26 18:11:42,54,14,D007,3
2026-05-26 08:06:40,22,19,D004,1
2026-05-26 20:31:21,44,5,D004,2
2026-05-26 15:58:04,48,1,D009,3
2026-05-26 15:58:04,12,1,D010,1
2026-05-26 12:41:03,36,10,D007,2
2026-05-26 12:41:03,144,10,D001,3
2026-05-26 17:25:14,64,18,D018,2
2026-05-26 11:16:15,108,5,D006,3
2026-05-26 16:34:06,18,5,D019,1
2026-05-26 16:34:06,44,5,D004,2
2026-05-26 16:34:06,66,5,D015,3
2026-05-26 16:34:06,24,5,D016,3
2026-05-26 09:10:17,76,18,D002,2
2026-05-26 09:10:17,8,18,D016,1
2026-05-26 09:10:17,64,18,D003,2
2026-05-26 20:20:10,28,9,D008,1
2026-05-26 20:20:10,54,9,D007,3
2026-05-26 08:09:31,32,20,D003,1
2026-05-26 08:09:31,108,20,D006,3
2026-05-26 08:09:31,96,20,D003,3
2026-05-26 08:09:31,38,20,D002,1
2026-05-26 15:33:45,24,12,D010,2
2026-05-26 13:21:49,22,17,D004,1
2026-05-26 13:21:49,72,17,D011,3
2026-05-26 13:21:49,76,17,D002,2
2026-05-26 13:21:49,22,17,D004,1
2026-05-26 11:21:28,42,12,D005,1
2026-05-26 19:59:22,114,13,D002,3
2026-05-26 19:59:22,114,13,D002,3
2026-05-26 18:52:01,72,14,D011,3
2026-05-26 18:52:01,56,14,D008,2
2026-05-26 06:41:04,18,20,D007,1
2026-05-26 06:41:04,30,20,D013,2
2026-05-26 06:41:04,64,20,D003,2
2026-05-26 15:55:54,36,14,D010,3
2026-05-26 15:55:54,84,14,D017,3
2026-05-26 15:55:54,30,14,D013,2
2026-05-26 17:48:35,16,12,D009,1
2026-05-26 17:48:35,32,12,D003,1
2026-05-26 17:48:35,18,12,D007,1
2026-05-26 17:48:35,64,12,D003,2
2026-05-26 07:21:00,76,8,D002,2
2026-05-26 07:21:00,38,8,D002,1
2026-05-26 07:21:00,48,8,D001,1
2026-05-26 17:06:12,32,3,D003,1
2026-05-26 12:41:55,72,17,D011,3
2026-05-26 12:41:55,44,17,D004,2
2026-05-26 18:12:24,72,12,D020,3
2026-05-26 18:12:24,126,12,D005,3
2026-05-26 18:12:24,64,12,D018,2
2026-05-26 18:12:24,32,12,D003,1
2026-05-26 14:48:42,15,1,D013,1
2026-05-26 14:48:42,54,1,D019,3
2026-05-26 14:48:42,48,1,D020,2
2026-05-26 14:48:42,44,1,D015,2
2026-05-26 19:42:35,45,8,D013,3
2026-05-26 19:42:35,24,8,D020,1
2026-05-26 19:42:35,36,8,D007,2
2026-05-26 20:25:21,54,16,D007,3
2026-05-26 20:25:21,44,16,D004,2
2026-05-26 20:25:21,66,16,D015,3
2026-05-26 20:25:21,66,16,D004,3
2026-05-26 06:22:47,36,5,D007,2
2026-05-26 06:22:47,24,5,D016,3
2026-05-26 06:22:47,12,5,D010,1
2026-05-26 06:22:47,32,5,D009,2
2026-05-26 14:59:50,24,12,D010,2
2026-05-26 14:59:50,32,12,D018,1
2026-05-26 14:59:50,24,12,D020,1
2026-05-26 14:59:50,60,12,D014,3
2026-05-26 12:34:07,36,13,D019,2
2026-05-26 09:44:48,42,3,D005,1
2026-05-26 09:44:48,38,3,D002,1
2026-05-26 09:44:48,72,3,D011,3
2026-05-26 09:44:48,48,3,D011,2
2026-05-26 17:52:52,48,10,D001,1
2026-05-26 09:17:17,126,7,D005,3
2026-05-26 13:17:07,72,13,D006,2
2026-05-27 00:12:14,32,11,D009,2
2026-05-26 14:07:11,30,3,D013,2
2026-05-26 11:34:42,126,17,D005,3
2026-05-26 11:34:42,66,17,D015,3
2026-05-26 11:34:42,66,17,D004,3
2026-05-26 18:26:03,76,12,D002,2
2026-05-26 07:45:30,48,4,D001,1
2026-05-26 07:45:30,108,4,D006,3
2026-05-26 14:23:18,84,3,D017,3
2026-05-26 14:23:18,24,3,D020,1
2026-05-27 00:17:27,42,2,D005,1
2026-05-27 00:17:27,36,2,D006,1
2026-05-27 00:17:27,48,2,D001,1
2026-05-26 18:08:47,66,10,D004,3
2026-05-26 18:08:47,108,10,D006,3
2026-05-26 18:08:47,56,10,D017,2
2026-05-26 18:08:47,108,10,D006,3
2026-05-26 12:14:10,54,3,D007,3
2026-05-26 14:01:33,15,8,D013,1
2026-05-26 14:01:33,72,8,D011,3
2026-05-26 14:01:33,24,8,D011,1
2026-05-26 22:36:56,24,10,D016,3
2026-05-26 22:36:56,36,10,D010,3
2026-05-26 22:36:56,60,10,D014,3
2026-05-26 22:36:56,84,10,D008,3
2026-05-26 08:54:23,16,8,D009,1
2026-05-26 08:54:23,66,8,D004,3
2026-05-26 08:54:23,48,8,D009,3
2026-05-26 08:45:15,66,3,D004,3
2026-05-26 08:45:15,96,3,D001,2
2026-05-26 08:45:15,96,3,D001,2
2026-05-26 19:58:05,42,4,D005,1
2026-05-26 19:58:05,24,4,D020,1
2026-05-26 19:58:05,28,4,D008,1
2026-05-26 06:58:37,36,5,D006,1
2026-05-26 07:33:22,44,7,D004,2
2026-05-26 07:33:22,32,7,D003,1
2026-05-26 07:33:22,84,7,D008,3
2026-05-26 07:33:22,16,7,D016,2
2026-05-26 13:45:46,32,14,D009,2
2026-05-26 13:45:46,72,14,D011,3
2026-05-26 08:07:02,38,20,D002,1
2026-05-26 08:07:02,18,20,D007,1
2026-05-27 01:17:42,126,7,D005,3
2026-05-27 01:17:42,44,7,D015,2
2026-05-27 01:17:42,48,7,D009,3
2026-05-26 12:36:47,18,16,D007,1
2026-05-26 12:36:47,54,16,D007,3
2026-05-26 12:36:47,24,16,D016,3
2026-05-26 20:21:27,44,18,D004,2
2026-05-26 20:21:27,38,18,D002,1
2026-05-26 13:23:08,64,8,D003,2
2026-05-26 13:50:23,126,14,D005,3
2026-05-26 13:50:23,96,14,D001,2
2026-05-26 11:47:26,24,7,D010,2
2026-05-26 11:47:26,96,7,D001,2
2026-05-26 11:47:26,42,7,D005,1
2026-05-26 11:47:26,48,7,D001,1
2026-05-26 09:30:58,36,3,D007,2
2026-05-26 09:30:58,54,3,D007,3
2026-05-26 09:30:58,54,3,D007,3
2026-05-26 09:30:58,72,3,D006,2
2026-05-27 01:38:00,24,5,D011,1
2026-05-26 13:39:46,72,12,D006,2
2026-05-26 13:39:46,42,12,D005,1
2026-05-26 13:39:46,108,12,D012,3
2026-05-26 13:39:46,30,12,D013,2
2026-05-27 07:33:47,24,13,D011,1
2026-05-27 07:33:47,15,13,D013,1
2026-05-27 17:28:48,114,19,D002,3
2026-05-27 17:28:48,18,19,D007,1
2026-05-27 17:28:48,96,19,D003,3
2026-05-27 17:28:48,96,19,D001,2
2026-05-27 20:34:39,96,19,D001,2
2026-05-27 20:34:39,28,19,D008,1
2026-05-27 19:23:10,72,17,D006,2
2026-05-27 19:23:10,32,17,D003,1
2026-05-27 20:14:28,42,18,D005,1
2026-05-27 20:14:28,42,18,D005,1
2026-05-27 20:14:28,28,18,D008,1
2026-05-27 20:14:28,84,18,D005,2
2026-05-27 12:45:25,48,11,D009,3
2026-05-27 14:22:26,28,18,D008,1
2026-05-27 07:37:18,56,2,D008,2
2026-05-27 07:37:18,20,2,D014,1
2026-05-27 18:57:32,96,14,D003,3
2026-05-27 18:57:32,16,14,D009,1
2026-05-27 18:57:32,72,14,D006,2
2026-05-27 18:57:32,36,14,D012,1
2026-05-27 20:08:44,76,19,D002,2
2026-05-27 12:06:54,22,2,D004,1
2026-05-27 12:06:54,36,2,D006,1
2026-05-27 12:06:54,64,2,D003,2
2026-05-27 12:06:54,32,2,D009,2
2026-05-27 17:57:25,22,6,D004,1
2026-05-27 17:57:25,84,6,D005,2
2026-05-27 12:17:03,108,6,D006,3
2026-05-27 12:17:03,96,6,D001,2
2026-05-27 12:17:03,66,6,D004,3
2026-05-27 15:29:07,8,20,D016,1
2026-05-27 15:29:07,48,20,D001,1
2026-05-27 15:29:07,20,20,D014,1
2026-05-27 15:29:07,66,20,D004,3
2026-05-27 23:04:53,12,7,D010,1
2026-05-27 23:04:53,48,7,D011,2
2026-05-27 23:04:53,84,7,D017,3
2026-05-27 09:56:03,45,11,D013,3
2026-05-27 14:26:26,18,9,D019,1
2026-05-27 14:26:26,30,9,D013,2
2026-05-27 14:26:26,16,9,D016,2
2026-05-27 14:26:26,72,9,D011,3
2026-05-27 16:11:50,16,18,D009,1
2026-05-27 11:24:32,38,1,D002,1
2026-05-27 07:50:35,108,16,D006,3
2026-05-27 07:50:35,20,16,D014,1
2026-05-27 20:35:46,18,1,D019,1
2026-05-27 20:35:46,48,1,D001,1
2026-05-27 20:35:46,72,1,D006,2
2026-05-27 20:35:46,36,1,D012,1
2026-05-27 08:48:10,30,13,D013,2
2026-05-27 08:48:10,72,13,D006,2
2026-05-27 08:48:10,18,13,D007,1
2026-05-27 14:57:37,22,6,D015,1
2026-05-27 14:57:37,72,6,D012,2
2026-05-27 14:57:37,16,6,D016,2
2026-05-27 07:56:44,24,17,D011,1
2026-05-27 07:56:44,48,17,D001,1
2026-05-27 07:56:44,126,17,D005,3
2026-05-27 07:56:44,40,17,D014,2
2026-05-27 14:31:01,66,18,D015,3
2026-05-27 19:54:22,96,15,D018,3
2026-05-27 19:54:22,96,15,D018,3
2026-05-27 19:54:22,64,15,D003,2
2026-05-27 07:12:21,84,10,D005,2
2026-05-28 01:39:28,45,8,D013,3
2026-05-28 01:39:28,96,8,D018,3
2026-05-28 01:39:28,16,8,D016,2
2026-05-27 18:49:12,84,11,D008,3
2026-05-27 17:32:43,76,8,D002,2
2026-05-27 17:32:43,24,8,D011,1
2026-05-27 13:44:23,64,4,D003,2
2026-05-27 13:44:23,84,4,D008,3
2026-05-27 13:44:23,18,4,D007,1
2026-05-27 20:09:36,28,7,D017,1
2026-05-27 20:09:36,44,7,D004,2
2026-05-27 20:09:36,108,7,D006,3
2026-05-27 20:09:36,84,7,D008,3
2026-05-27 19:43:28,56,11,D008,2
2026-05-27 18:45:59,84,12,D017,3
2026-05-27 17:14:07,96,10,D018,3
2026-05-27 17:14:07,42,10,D005,1
2026-05-27 17:14:07,72,10,D020,3
2026-05-27 13:11:20,66,17,D004,3
2026-05-27 13:11:20,114,17,D002,3
2026-05-27 13:11:20,64,17,D003,2
2026-05-27 13:11:20,48,17,D020,2
2026-05-27 12:20:22,66,14,D004,3
2026-05-27 12:20:22,144,14,D001,3
2026-05-27 13:44:33,12,20,D010,1
2026-05-27 13:44:33,48,20,D011,2
2026-05-27 13:44:33,72,20,D006,2
2026-05-27 16:59:51,38,6,D002,1
2026-05-27 16:59:51,28,6,D008,1
2026-05-27 22:44:36,96,4,D001,2
2026-05-27 22:44:36,96,4,D003,3
2026-05-27 22:44:36,16,4,D016,2
2026-05-27 22:44:36,18,4,D007,1
2026-05-27 17:52:13,144,13,D001,3
2026-05-27 17:52:13,96,13,D018,3
2026-05-27 19:17:53,64,15,D003,2
2026-05-27 18:02:41,96,9,D018,3
2026-05-27 18:02:41,144,9,D001,3
2026-05-27 18:02:41,36,9,D007,2
2026-05-27 18:44:00,44,16,D004,2
2026-05-27 18:44:00,72,16,D011,3
2026-05-27 18:44:00,8,16,D016,1
2026-05-27 18:44:00,84,16,D008,3
2026-05-27 13:36:15,144,2,D001,3
2026-05-27 13:36:15,48,2,D001,1
2026-05-27 18:54:57,108,5,D006,3
2026-05-27 18:54:57,36,5,D006,1
2026-05-27 18:54:57,38,5,D002,1
2026-05-27 18:54:57,24,5,D011,1
2026-05-27 17:04:11,30,19,D013,2
2026-05-27 17:04:11,96,19,D001,2
2026-05-27 11:24:44,54,1,D007,3
2026-05-27 11:24:44,64,1,D003,2
2026-05-27 11:24:44,36,1,D006,1
2026-05-27 12:12:53,64,7,D003,2
2026-05-27 12:12:53,22,7,D015,1
2026-05-27 12:12:53,18,7,D007,1
2026-05-27 12:17:59,96,8,D001,2
2026-05-27 12:17:59,66,8,D004,3
2026-05-27 11:54:04,96,18,D003,3
2026-05-27 11:54:04,66,18,D004,3
2026-05-27 11:54:04,48,18,D020,2
2026-05-27 11:54:04,42,18,D005,1
2026-05-27 11:33:43,108,12,D006,3
2026-05-27 11:33:43,76,12,D002,2
2026-05-27 11:33:43,42,12,D005,1
2026-05-27 11:55:43,108,8,D006,3
2026-05-27 11:55:43,84,8,D008,3
2026-05-27 11:55:43,22,8,D004,1
2026-05-27 19:12:01,108,15,D006,3
2026-05-27 19:12:01,126,15,D005,3
2026-05-27 19:12:01,66,15,D004,3
2026-05-27 19:12:01,84,15,D008,3
2026-05-27 19:45:50,36,4,D010,3
2026-05-27 12:37:29,96,11,D003,3
2026-05-27 12:37:29,96,11,D003,3
2026-05-27 12:37:29,32,11,D003,1
2026-05-27 12:37:29,18,11,D007,1
2026-05-27 15:00:28,16,17,D009,1
2026-05-27 15:00:28,48,17,D011,2
2026-05-27 15:52:12,32,6,D018,1
2026-05-27 15:52:12,108,6,D012,3
2026-05-27 19:00:17,44,13,D004,2
2026-05-27 07:03:04,32,3,D003,1
2026-05-27 07:03:04,18,3,D007,1
2026-05-27 12:47:13,126,10,D005,3
2026-05-27 12:47:13,96,10,D001,2
2026-05-27 12:47:13,56,10,D008,2
2026-05-27 13:29:27,20,5,D014,1
2026-05-27 17:45:18,126,11,D005,3
2026-05-27 17:45:18,36,11,D006,1
2026-05-27 17:25:11,18,19,D007,1
2026-05-27 17:25:11,96,19,D001,2
2026-05-27 17:25:11,38,19,D002,1
2026-05-27 17:25:11,114,19,D002,3
2026-05-27 17:04:28,36,8,D019,2
2026-05-27 17:04:28,44,8,D004,2
2026-05-27 17:04:28,72,8,D006,2
2026-05-27 19:51:08,38,3,D002,1
2026-05-27 19:51:08,126,3,D005,3
2026-05-28 00:25:58,108,6,D012,3
2026-05-27 07:46:54,76,9,D002,2
2026-05-27 07:46:54,84,9,D008,3
2026-05-27 18:38:01,84,12,D017,3
2026-05-27 18:38:01,18,12,D019,1
2026-05-27 19:49:23,16,17,D016,2
2026-05-27 19:49:23,64,17,D003,2
2026-05-27 19:49:23,32,17,D003,1
2026-05-27 19:49:23,56,17,D008,2
2026-05-27 09:35:19,96,20,D003,3
2026-05-27 09:35:19,48,20,D009,3
2026-05-27 09:35:19,42,20,D005,1
2026-05-27 12:52:07,30,13,D013,2
2026-05-27 20:49:31,84,1,D008,3
2026-05-27 20:49:31,72,1,D011,3
2026-05-27 20:49:31,96,1,D018,3
2026-05-27 07:06:19,54,18,D007,3
2026-05-27 07:06:19,72,18,D006,2
2026-05-27 13:50:58,40,11,D014,2
2026-05-27 13:50:58,42,11,D005,1
2026-05-27 13:50:58,84,11,D005,2
2026-05-27 13:50:58,38,11,D002,1
2026-05-27 09:30:08,44,5,D004,2
2026-05-27 09:30:08,36,5,D010,3
2026-05-27 09:30:08,40,5,D014,2
2026-05-27 09:30:08,28,5,D008,1
2026-05-27 19:45:33,18,15,D007,1
2026-05-27 19:45:33,32,15,D009,2
2026-05-27 19:45:33,15,15,D013,1
2026-05-28 01:28:57,36,2,D019,2
2026-05-27 17:51:25,114,15,D002,3
2026-05-27 17:51:25,32,15,D003,1
2026-05-27 12:06:43,45,20,D013,3
2026-05-27 12:06:43,66,20,D004,3
2026-05-27 12:06:43,72,20,D006,2
2026-05-27 12:06:43,44,20,D004,2
2026-05-27 18:01:14,54,8,D007,3
2026-05-27 18:01:14,24,8,D016,3
2026-05-27 18:01:14,66,8,D004,3
2026-05-27 18:01:14,84,8,D008,3
2026-05-27 12:32:32,66,3,D015,3
2026-05-27 12:32:32,108,3,D006,3
2026-05-27 15:38:44,22,19,D015,1
2026-05-27 15:38:44,72,19,D012,2
2026-05-27 15:38:44,54,19,D019,3
2026-05-27 07:34:27,54,13,D007,3
2026-05-27 20:21:57,22,17,D004,1
2026-05-27 20:21:57,18,17,D007,1
2026-05-27 07:39:33,18,18,D007,1
2026-05-27 07:39:33,36,18,D006,1
2026-05-27 14:21:56,44,2,D004,2
2026-05-27 14:21:56,48,2,D011,2
2026-05-27 13:31:39,48,15,D011,2
2026-05-27 13:31:39,76,15,D002,2
2026-05-27 08:19:04,15,13,D013,1
2026-05-27 08:19:04,20,13,D014,1
2026-05-27 08:19:04,20,13,D014,1
2026-05-27 19:00:52,108,12,D006,3
2026-05-27 19:00:52,36,12,D006,1
2026-05-27 19:00:52,18,12,D019,1
2026-05-27 19:00:52,28,12,D008,1
2026-05-27 07:19:06,108,3,D006,3
2026-05-27 21:33:10,36,18,D006,1
2026-05-27 15:06:43,12,8,D010,1
2026-05-27 15:06:43,45,8,D013,3
2026-05-27 15:06:43,66,8,D015,3
2026-05-27 15:06:43,72,8,D020,3
2026-05-27 19:21:47,24,2,D011,1
2026-05-27 19:21:47,144,2,D001,3
2026-05-27 13:00:13,48,20,D001,1
2026-05-27 13:00:13,76,20,D002,2
2026-05-27 13:00:13,28,20,D008,1
2026-05-27 13:00:13,144,20,D001,3
2026-05-27 20:14:02,12,19,D010,1
2026-05-27 20:14:02,72,19,D006,2
2026-05-28 11:09:23,36,8,D010,3
2026-05-28 11:09:23,72,8,D006,2
2026-05-28 11:09:23,84,8,D005,2
2026-05-28 11:09:23,96,8,D003,3
2026-05-28 20:05:54,144,5,D001,3
2026-05-28 20:05:54,48,5,D011,2
2026-05-28 18:04:41,22,9,D004,1
2026-05-28 18:04:41,18,9,D007,1
2026-05-28 18:04:41,84,9,D008,3
2026-05-28 13:00:44,64,18,D003,2
2026-05-28 13:00:44,144,18,D001,3
2026-05-29 01:26:59,24,18,D011,1
2026-05-28 17:34:33,44,10,D015,2
2026-05-28 17:34:33,22,10,D004,1
2026-05-28 17:34:33,28,10,D017,1
2026-05-28 17:34:33,72,10,D006,2
2026-05-28 11:07:24,54,9,D007,3
2026-05-28 11:07:24,144,9,D001,3
2026-05-28 19:25:38,72,11,D011,3
2026-05-28 19:25:38,45,11,D013,3
2026-05-28 21:45:45,8,7,D016,1
2026-05-28 14:09:50,108,11,D012,3
2026-05-28 12:51:07,144,13,D001,3
2026-05-28 12:51:07,56,13,D008,2
2026-05-28 12:51:07,40,13,D014,2
2026-05-28 12:51:07,36,13,D006,1
2026-05-28 12:03:36,36,4,D007,2
2026-05-28 12:03:36,114,4,D002,3
2026-05-29 01:35:43,22,12,D004,1
2026-05-29 01:35:43,48,12,D009,3
2026-05-28 12:10:12,36,9,D007,2
2026-05-28 18:20:42,18,20,D007,1
2026-05-28 07:12:51,44,14,D004,2
2026-05-28 07:12:51,44,14,D004,2
2026-05-28 20:20:13,40,11,D014,2
2026-05-28 18:05:44,18,9,D007,1
2026-05-28 18:05:44,64,9,D003,2
2026-05-28 15:30:29,15,14,D013,1
2026-05-28 15:30:29,72,14,D020,3
2026-05-28 12:08:32,16,18,D009,1
2026-05-28 12:08:32,44,18,D004,2
2026-05-28 20:36:00,36,14,D007,2
2026-05-28 20:36:00,126,14,D005,3
2026-05-28 19:24:11,114,8,D002,3
2026-05-28 06:50:07,38,3,D002,1
2026-05-28 06:50:07,8,3,D016,1
2026-05-28 06:50:07,114,3,D002,3
2026-05-28 16:17:19,44,14,D015,2
2026-05-28 16:17:19,54,14,D007,3
2026-05-28 16:17:19,36,14,D010,3
2026-05-28 19:02:32,108,7,D006,3
2026-05-28 19:02:32,56,7,D017,2
2026-05-28 19:02:32,22,7,D004,1
2026-05-28 19:02:32,36,7,D007,2
2026-05-28 12:25:58,36,4,D007,2
2026-05-28 12:25:58,54,4,D007,3
2026-05-28 20:07:36,144,13,D001,3
2026-05-28 20:07:36,66,13,D004,3
2026-05-28 13:32:20,32,3,D009,2
2026-05-28 11:49:19,45,2,D013,3
2026-05-28 17:52:40,18,9,D019,1
2026-05-28 17:52:40,18,9,D007,1
2026-05-28 17:52:40,54,9,D007,3
2026-05-28 21:32:11,108,20,D006,3
2026-05-28 13:00:15,114,4,D002,3
2026-05-28 13:00:15,64,4,D003,2
2026-05-28 13:00:15,54,4,D019,3
2026-05-28 13:00:15,72,4,D006,2
2026-05-28 20:20:52,84,5,D005,2
2026-05-28 20:20:52,12,5,D010,1
2026-05-28 20:20:52,32,5,D018,1
2026-05-28 20:20:52,72,5,D011,3
2026-05-28 11:18:56,18,19,D007,1
2026-05-28 11:18:56,96,19,D001,2
2026-05-28 11:18:56,108,19,D006,3
2026-05-28 11:18:56,72,19,D006,2
2026-05-28 20:31:41,84,3,D005,2
2026-05-28 20:31:41,36,3,D012,1
2026-05-28 06:10:15,16,17,D009,1
2026-05-28 06:10:15,66,17,D004,3
2026-05-28 08:53:33,32,1,D009,2
2026-05-28 08:53:33,126,1,D005,3
2026-05-28 20:46:16,64,18,D003,2
2026-05-28 20:46:16,72,18,D012,2
2026-05-28 20:46:16,22,18,D004,1
2026-05-28 13:29:15,48,18,D001,1
2026-05-28 13:29:15,56,18,D008,2
2026-05-28 13:29:15,72,18,D006,2
2026-05-28 13:29:15,66,18,D004,3
2026-05-28 11:06:55,48,10,D009,3
2026-05-28 11:06:55,28,10,D008,1
2026-05-28 11:06:55,108,10,D006,3
2026-05-28 09:23:02,54,11,D007,3
2026-05-28 17:46:46,24,3,D016,3
2026-05-28 17:46:46,44,3,D015,2
2026-05-28 17:46:46,72,3,D006,2
2026-05-28 17:46:46,48,3,D020,2
2026-05-28 16:23:46,96,17,D018,3
2026-05-28 16:23:46,108,17,D012,3
2026-05-28 16:23:46,8,17,D016,1
2026-05-28 16:23:46,36,17,D007,2
2026-05-28 15:59:40,24,10,D020,1
2026-05-28 15:59:40,16,10,D009,1
2026-05-28 15:59:40,12,10,D010,1
2026-05-28 15:59:40,12,10,D010,1
2026-05-28 20:23:20,96,3,D003,3
2026-05-28 20:23:20,56,3,D008,2
2026-05-28 20:23:20,84,3,D008,3
2026-05-28 20:23:20,8,3,D016,1
2026-05-28 11:18:26,44,3,D004,2
2026-05-28 11:18:26,48,3,D011,2
2026-05-28 11:18:26,126,3,D005,3
2026-05-28 19:59:38,96,18,D003,3
2026-05-28 19:59:38,56,18,D008,2
2026-05-28 19:59:38,30,18,D013,2
2026-05-28 16:09:13,16,19,D016,2
2026-05-28 13:49:34,72,14,D006,2
2026-05-28 13:49:34,24,14,D010,2
2026-05-29 01:57:47,126,2,D005,3
2026-05-29 01:57:47,32,2,D009,2
2026-05-29 01:57:47,16,2,D009,1
2026-05-28 19:21:35,96,18,D001,2
2026-05-28 19:21:35,30,18,D013,2
2026-05-28 19:21:35,36,18,D012,1
2026-05-28 12:32:03,144,17,D001,3
2026-05-28 12:32:03,18,17,D019,1
2026-05-28 12:32:03,32,17,D003,1
2026-05-28 12:32:03,96,17,D003,3
2026-05-28 16:09:04,32,9,D009,2
2026-05-28 14:04:06,48,18,D009,3
2026-05-28 11:55:41,32,11,D003,1
2026-05-28 11:55:41,144,11,D001,3
2026-05-28 11:55:41,36,11,D006,1
2026-05-28 16:38:26,32,15,D009,2
2026-05-28 16:38:26,96,15,D003,3
2026-05-28 16:38:26,32,15,D009,2
2026-05-28 08:35:04,144,12,D001,3
2026-05-28 12:37:03,66,8,D004,3
2026-05-28 12:37:03,126,8,D005,3
2026-05-28 12:37:03,44,8,D015,2
2026-05-28 12:37:03,126,8,D005,3
2026-05-28 18:37:52,28,16,D008,1
2026-05-28 18:37:52,108,16,D006,3
2026-05-28 18:37:52,72,16,D012,2
2026-05-28 18:37:52,30,16,D013,2
2026-05-28 13:08:20,16,16,D009,1
2026-05-28 13:08:20,96,16,D003,3
2026-05-28 20:31:00,36,10,D007,2
2026-05-28 20:31:00,40,10,D014,2
2026-05-28 20:31:00,32,10,D018,1
2026-05-28 20:31:00,96,10,D018,3
2026-05-28 12:58:33,126,20,D005,3
2026-05-28 13:40:48,72,6,D006,2
2026-05-28 11:23:27,36,9,D007,2
2026-05-28 11:23:27,32,9,D003,1
2026-05-28 11:23:27,32,9,D009,2
2026-05-28 11:23:27,76,9,D002,2
2026-05-28 12:28:20,30,8,D013,2
2026-05-28 12:28:20,96,8,D003,3
2026-05-28 16:02:43,48,16,D011,2
2026-05-28 16:02:43,36,16,D019,2
2026-05-28 16:02:43,48,16,D001,1
2026-05-28 18:04:01,84,20,D005,2
2026-05-28 18:04:01,18,20,D007,1
2026-05-28 14:30:45,24,1,D020,1
2026-05-28 14:30:45,15,1,D013,1
2026-05-28 09:27:40,18,4,D007,1
2026-05-28 09:27:40,108,4,D006,3
2026-05-28 21:52:49,20,2,D014,1
2026-05-28 21:52:49,15,2,D013,1
2026-05-28 21:52:49,36,2,D012,1
2026-05-28 15:57:03,64,9,D018,2
2026-05-28 19:21:49,72,1,D006,2
2026-05-28 09:33:07,48,15,D011,2
2026-05-28 13:40:39,44,17,D004,2
2026-05-28 13:40:39,12,17,D010,1
2026-05-28 20:24:17,96,9,D018,3
2026-05-28 17:14:10,42,7,D005,1
2026-05-28 17:14:10,18,7,D019,1
2026-05-28 19:25:40,22,11,D004,1
2026-05-28 16:31:22,66,12,D015,3
2026-05-28 16:31:22,24,12,D020,1
2026-05-28 16:31:22,60,12,D014,3
2026-05-28 23:42:24,60,12,D014,3
2026-05-28 23:42:24,32,12,D009,2
2026-05-28 23:42:24,44,12,D015,2
2026-05-28 23:42:24,22,12,D015,1
2026-05-28 11:52:36,36,5,D006,1
2026-05-28 11:52:36,64,5,D003,2
2026-05-28 11:52:36,76,5,D002,2
2026-05-28 11:52:36,20,5,D014,1
2026-05-28 20:00:49,144,12,D001,3
2026-05-28 20:00:49,24,12,D011,1
2026-05-28 20:00:49,8,12,D016,1
2026-05-28 20:05:01,48,18,D001,1
2026-05-28 06:23:44,36,16,D010,3
2026-05-28 06:23:44,44,16,D004,2
2026-05-28 06:34:19,36,17,D007,2
2026-05-28 06:34:19,144,17,D001,3
2026-05-28 15:20:33,76,2,D002,2
2026-05-28 15:20:33,22,2,D015,1
2026-05-28 15:20:33,36,2,D010,3
2026-05-28 15:19:52,15,13,D013,1
2026-05-28 15:19:52,44,13,D004,2
2026-05-28 15:19:52,24,13,D010,2
2026-05-29 00:18:35,108,19,D012,3
2026-05-29 00:18:35,48,19,D011,2
2026-05-29 00:18:35,24,19,D010,2
2026-05-28 09:29:51,40,2,D014,2
2026-05-28 09:29:51,144,2,D001,3
2026-05-28 09:29:51,44,2,D004,2
2026-05-28 09:29:51,84,2,D005,2
2026-05-28 16:46:57,40,3,D014,2
2026-05-28 16:46:57,108,3,D012,3
2026-05-28 17:30:51,72,14,D011,3
2026-05-28 17:30:51,48,14,D011,2
2026-05-28 17:30:51,64,14,D003,2
2026-05-28 12:31:08,96,9,D001,2
2026-05-28 12:31:08,108,9,D006,3
2026-05-28 12:31:08,108,9,D006,3
2026-05-28 11:55:33,108,8,D006,3
2026-05-28 11:55:33,8,8,D016,1
2026-05-28 17:06:14,64,13,D003,2
2026-05-28 09:10:21,22,9,D015,1
2026-05-28 09:10:21,8,9,D016,1
2026-05-28 09:10:21,144,9,D001,3
2026-05-28 17:53:58,38,1,D002,1
2026-05-28 13:39:17,22,17,D004,1
2026-05-28 13:39:17,66,17,D004,3
2026-05-28 13:31:12,48,5,D001,1
2026-05-28 13:31:12,40,5,D014,2
2026-05-28 13:31:12,72,5,D006,2
2026-05-28 15:59:37,32,18,D009,2
2026-05-28 15:59:37,72,18,D020,3
2026-05-28 15:59:37,28,18,D017,1
2026-05-28 22:57:06,36,6,D012,1
2026-05-28 22:57:06,36,6,D010,3
2026-05-28 22:57:06,48,6,D011,2
2026-05-28 22:57:06,66,6,D015,3
2026-05-28 06:37:34,22,2,D004,1
2026-05-29 01:31:48,30,5,D013,2
2026-05-29 01:31:48,44,5,D015,2
2026-05-29 01:31:48,60,5,D014,3
2026-05-28 12:37:06,144,10,D001,3
2026-05-29 19:18:50,38,19,D002,1
2026-05-29 19:18:50,38,19,D002,1
2026-05-29 19:18:50,96,19,D001,2
2026-05-29 16:23:20,36,19,D012,1
2026-05-29 16:23:20,32,19,D009,2
2026-05-29 16:23:20,44,19,D015,2
2026-05-29 16:23:20,20,19,D014,1
2026-05-29 06:39:07,16,14,D016,2
2026-05-29 06:39:07,36,14,D007,2
2026-05-29 06:39:07,114,14,D002,3
2026-05-29 06:39:07,72,14,D006,2
2026-05-29 06:29:16,126,18,D005,3
2026-05-29 06:29:16,56,18,D008,2
2026-05-29 06:29:16,114,18,D002,3
2026-05-29 06:29:16,38,18,D002,1
2026-05-29 17:09:43,22,12,D015,1
2026-05-29 17:09:43,76,12,D002,2
2026-05-29 13:13:40,32,11,D003,1
2026-05-29 13:13:40,126,11,D005,3
2026-05-29 08:16:03,84,1,D008,3
2026-05-29 12:06:02,72,20,D012,2
2026-05-29 12:06:02,22,20,D004,1
2026-05-29 12:06:02,16,20,D016,2
2026-05-29 12:06:02,84,20,D008,3
2026-05-29 12:27:46,15,1,D013,1
2026-05-29 13:48:12,96,13,D001,2
2026-05-29 13:48:12,66,13,D004,3
2026-05-29 13:48:12,28,13,D008,1
2026-05-29 13:48:12,15,13,D013,1
2026-05-29 21:20:40,54,6,D007,3
2026-05-29 21:20:40,48,6,D009,3
2026-05-29 13:52:19,144,6,D001,3
2026-05-29 13:52:19,28,6,D008,1
2026-05-29 13:52:19,28,6,D008,1
2026-05-29 13:52:19,44,6,D004,2
2026-05-29 16:35:32,38,5,D002,1
2026-05-29 16:35:32,16,5,D009,1
2026-05-29 16:35:32,32,5,D009,2
2026-05-29 11:58:40,126,6,D005,3
2026-05-29 11:58:40,144,6,D001,3
2026-05-29 09:56:02,12,10,D010,1
2026-05-29 09:56:02,72,10,D012,2
2026-05-29 09:56:02,76,10,D002,2
2026-05-29 09:56:02,22,10,D004,1
2026-05-29 15:42:23,44,3,D015,2
2026-05-29 17:42:42,84,17,D005,2
2026-05-29 17:42:42,44,17,D004,2
2026-05-29 15:48:24,16,8,D009,1
2026-05-29 15:48:24,24,8,D016,3
2026-05-29 15:48:24,64,8,D018,2
2026-05-29 15:48:24,12,8,D010,1
2026-05-29 16:51:54,60,5,D014,3
2026-05-29 16:51:54,48,5,D001,1
2026-05-29 16:51:54,60,5,D014,3
2026-05-29 16:51:54,60,5,D014,3
2026-05-29 18:46:30,38,1,D002,1
2026-05-29 18:46:30,114,1,D002,3
2026-05-29 11:42:44,42,16,D005,1
2026-05-29 11:42:44,36,16,D010,3
2026-05-29 11:42:44,45,16,D013,3
2026-05-29 11:42:44,40,16,D014,2
2026-05-29 11:59:08,8,20,D016,1
2026-05-29 11:59:08,40,20,D014,2
2026-05-29 11:59:08,44,20,D004,2
2026-05-29 11:59:08,44,20,D004,2
2026-05-29 09:44:07,66,14,D004,3
2026-05-29 09:44:07,76,14,D002,2
2026-05-29 15:59:14,40,15,D014,2
2026-05-29 15:59:14,64,15,D003,2
2026-05-29 15:59:14,114,15,D002,3
2026-05-29 15:59:14,16,15,D009,1
2026-05-29 12:46:10,44,20,D004,2
2026-05-29 12:46:10,114,20,D002,3
2026-05-29 12:46:10,36,20,D007,2
2026-05-29 12:46:10,28,20,D008,1
2026-05-29 20:52:25,84,7,D017,3
2026-05-29 20:52:25,66,7,D015,3
2026-05-29 13:21:01,48,4,D001,1
2026-05-29 13:21:01,76,4,D002,2
2026-05-29 13:21:01,72,4,D011,3
2026-05-29 13:21:01,24,4,D016,3
2026-05-29 14:19:56,15,2,D013,1
2026-05-29 14:19:56,24,2,D016,3
2026-05-29 20:05:29,22,5,D015,1
2026-05-29 20:05:29,24,5,D010,2
2026-05-29 19:29:41,56,3,D008,2
2026-05-29 14:43:40,16,1,D016,2
2026-05-29 18:26:25,36,19,D010,3
2026-05-29 18:28:15,72,14,D011,3
2026-05-29 18:28:15,16,14,D009,1
2026-05-29 18:28:15,36,14,D007,2
2026-05-29 13:08:47,84,20,D005,2
2026-05-29 07:35:24,144,6,D001,3
2026-05-29 07:35:24,22,6,D004,1
2026-05-29 07:35:24,56,6,D008,2
2026-05-29 08:23:44,144,6,D001,3
2026-05-29 08:23:44,44,6,D004,2
2026-05-29 08:23:44,48,6,D001,1
2026-05-29 08:23:44,40,6,D014,2
2026-05-29 15:06:59,8,19,D016,1
2026-05-29 15:06:59,32,19,D018,1
2026-05-29 15:06:59,36,19,D012,1
2026-05-29 15:36:57,32,7,D018,1
2026-05-29 15:36:57,144,7,D001,3
2026-05-29 15:36:57,56,7,D017,2
2026-05-29 15:36:57,54,7,D019,3
2026-05-29 15:47:24,20,18,D014,1
2026-05-29 15:47:24,45,18,D013,3
2026-05-29 15:47:24,72,18,D011,3
2026-05-29 15:47:24,18,18,D019,1
2026-05-29 12:04:13,76,19,D002,2
2026-05-29 12:04:13,96,19,D001,2
2026-05-29 12:04:13,36,19,D012,1
2026-05-29 12:15:49,22,19,D015,1
2026-05-29 12:15:49,56,19,D008,2
2026-05-29 12:15:49,60,19,D014,3
2026-05-29 15:23:36,66,5,D015,3
2026-05-29 15:23:36,20,5,D014,1
2026-05-29 11:33:06,18,15,D007,1
2026-05-29 11:33:06,42,15,D005,1
2026-05-29 11:33:06,18,15,D007,1
2026-05-29 11:33:06,48,15,D001,1
2026-05-29 16:39:50,126,15,D005,3
2026-05-29 16:39:50,48,15,D020,2
2026-05-29 16:39:50,16,15,D009,1
2026-05-29 12:39:36,28,2,D008,1
2026-05-29 12:39:36,12,2,D010,1
2026-05-29 12:39:36,96,2,D003,3
2026-05-29 17:24:24,72,7,D006,2
2026-05-29 17:24:24,114,7,D002,3
2026-05-29 17:24:24,32,7,D003,1
2026-05-29 17:24:24,28,7,D008,1
2026-05-29 11:03:57,42,4,D005,1
2026-05-29 11:03:57,64,4,D003,2
2026-05-29 11:03:57,24,4,D011,1
2026-05-29 11:03:57,22,4,D004,1
2026-05-29 15:59:04,28,20,D017,1
2026-05-30 00:09:25,24,7,D011,1
2026-05-30 00:09:25,12,7,D010,1
2026-05-30 00:09:25,24,7,D011,1
2026-05-29 20:16:29,20,1,D014,1
2026-05-29 14:48:14,45,4,D013,3
2026-05-29 14:48:14,18,4,D019,1
2026-05-29 14:48:14,40,4,D014,2
2026-05-29 14:48:14,96,4,D018,3
2026-05-29 11:25:04,48,10,D020,2
2026-05-29 11:25:04,66,10,D004,3
2026-05-30 00:07:00,22,19,D004,1
2026-05-29 13:01:55,96,15,D001,2
2026-05-29 16:51:52,30,17,D013,2
2026-05-29 16:51:52,16,17,D009,1
2026-05-29 16:51:52,30,17,D013,2
2026-05-29 19:45:34,48,7,D009,3
2026-05-29 19:45:34,96,7,D001,2
2026-05-29 19:45:34,38,7,D002,1
2026-05-29 12:20:21,72,3,D006,2
2026-05-30 01:07:05,24,13,D010,2
2026-05-30 01:07:05,48,13,D001,1
2026-05-30 01:07:05,32,13,D009,2
2026-05-30 01:07:05,48,13,D009,3
2026-05-29 20:31:10,24,12,D020,1
2026-05-29 20:31:10,56,12,D008,2
2026-05-29 20:31:10,18,12,D019,1
2026-05-29 20:31:10,36,12,D019,2
2026-05-29 12:24:03,126,5,D005,3
2026-05-29 19:15:01,24,6,D011,1
2026-05-29 19:15:01,96,6,D018,3
2026-05-29 19:15:01,126,6,D005,3
2026-05-29 15:57:31,45,14,D013,3
2026-05-29 17:22:15,114,5,D002,3
2026-05-29 17:22:15,76,5,D002,2
2026-05-29 17:22:15,64,5,D018,2
2026-05-29 17:22:15,44,5,D004,2
2026-05-29 11:18:46,144,3,D001,3
2026-05-29 19:04:12,84,6,D008,3
2026-05-29 11:18:48,42,19,D005,1
2026-05-29 11:18:48,36,19,D007,2
2026-05-29 17:31:07,32,18,D003,1
2026-05-29 17:31:07,84,18,D005,2
2026-05-29 17:31:07,76,18,D002,2
2026-05-29 17:31:07,96,18,D003,3
2026-05-29 15:20:32,32,7,D009,2
2026-05-29 15:20:32,56,7,D008,2
2026-05-29 15:20:32,24,7,D011,1
2026-05-29 15:20:32,48,7,D020,2
2026-05-29 21:05:28,8,3,D016,1
2026-05-29 21:05:28,30,3,D013,2
2026-05-29 21:05:28,36,3,D012,1
2026-05-29 21:05:28,32,3,D003,1
2026-05-29 21:16:04,36,7,D010,3
2026-05-29 21:16:04,66,7,D015,3
2026-05-29 21:16:04,22,7,D015,1
2026-05-29 18:27:21,28,3,D008,1
2026-05-29 18:27:21,24,3,D010,2
2026-05-29 18:27:21,18,3,D007,1
2026-05-29 18:27:21,36,3,D019,2
2026-05-29 19:26:18,96,4,D001,2
2026-05-29 18:28:29,44,11,D004,2
2026-05-29 18:28:29,72,11,D006,2
2026-05-29 20:39:37,36,14,D006,1
2026-05-29 20:39:37,36,14,D006,1
2026-05-29 20:39:37,144,14,D001,3
2026-05-29 13:39:16,96,3,D018,3
2026-05-29 13:39:16,18,3,D007,1
2026-05-29 13:39:16,44,3,D004,2
2026-05-29 13:39:16,56,3,D017,2
2026-05-29 19:55:51,96,12,D003,3
2026-05-29 19:55:51,114,12,D002,3
2026-05-29 06:19:06,38,1,D002,1
2026-05-29 06:19:06,56,1,D008,2
2026-05-29 06:19:06,66,1,D015,3
2026-05-29 06:19:06,72,1,D012,2
2026-05-29 17:39:02,114,14,D002,3
2026-05-29 19:01:55,45,7,D013,3
2026-05-29 19:01:55,16,7,D016,2
2026-05-29 19:01:55,66,7,D004,3
2026-05-29 23:16:54,36,11,D012,1
2026-05-29 08:45:40,66,6,D004,3
2026-05-29 08:45:40,38,6,D002,1
2026-05-29 13:49:44,126,16,D005,3
2026-05-29 13:49:44,64,16,D018,2
2026-05-29 13:14:34,12,15,D010,1
2026-05-29 13:14:34,108,15,D012,3
2026-05-29 13:14:34,16,15,D016,2
2026-05-29 13:14:34,36,15,D006,1
2026-05-29 11:07:15,48,14,D009,3
2026-05-29 08:18:48,54,4,D007,3
2026-05-29 17:45:03,64,7,D003,2
2026-05-29 17:45:03,36,7,D006,1
2026-05-29 17:45:03,36,7,D019,2
2026-05-29 12:34:48,36,4,D006,1
2026-05-29 12:34:48,84,4,D008,3
2026-05-29 12:34:48,28,4,D008,1
2026-05-29 16:17:39,108,20,D012,3
2026-05-29 16:17:39,15,20,D013,1
2026-05-29 16:17:39,22,20,D015,1
2026-05-29 16:17:39,20,20,D014,1
2026-05-29 16:30:27,24,1,D010,2
2026-05-29 16:30:27,24,1,D010,2
2026-05-29 13:55:14,36,5,D006,1
2026-05-29 13:05:22,36,4,D007,2
2026-05-29 13:04:44,40,10,D014,2
2026-05-29 13:04:44,16,10,D009,1
2026-05-29 13:04:44,36,10,D007,2
2026-05-30 06:04:06,48,8,D001,1
2026-05-30 06:04:06,72,8,D011,3
2026-05-30 06:04:06,126,8,D005,3
2026-05-30 06:04:06,84,8,D005,2
2026-05-30 20:48:45,44,20,D004,2
2026-05-30 20:48:45,22,20,D004,1
2026-05-30 20:48:45,16,20,D009,1
2026-05-30 20:48:45,36,20,D007,2
2026-05-30 11:09:59,36,20,D007,2
2026-05-30 11:09:59,36,20,D007,2
2026-05-30 11:09:59,114,20,D002,3
2026-05-30 18:49:06,144,3,D001,3
2026-05-30 18:49:06,15,3,D013,1
2026-05-30 18:49:06,108,3,D006,3
2026-05-30 18:49:06,108,3,D012,3
2026-05-30 11:35:49,64,7,D003,2
2026-05-30 11:35:49,76,7,D002,2
2026-05-30 17:21:47,38,13,D002,1
2026-05-30 17:21:47,38,13,D002,1
2026-05-30 17:21:47,66,13,D015,3
2026-05-30 17:21:47,12,13,D010,1
2026-05-30 23:21:05,54,8,D019,3
2026-05-30 23:21:05,22,8,D015,1
2026-05-30 23:21:05,12,8,D010,1
2026-05-30 11:20:47,96,20,D003,3
2026-05-30 11:20:47,96,20,D001,2
2026-05-30 15:41:38,30,10,D013,2
2026-05-30 15:41:38,45,10,D013,3
2026-05-30 15:41:38,66,10,D015,3
2026-05-30 15:41:38,32,10,D009,2
2026-05-30 07:17:30,12,9,D010,1
2026-05-30 07:17:30,24,9,D010,2
2026-05-30 11:38:41,48,7,D001,1
2026-05-30 13:03:13,48,17,D001,1
2026-05-31 01:23:10,32,14,D009,2
2026-05-31 01:23:10,12,14,D010,1
2026-05-31 01:23:10,44,14,D004,2
2026-05-31 01:23:10,72,14,D011,3
2026-05-30 18:16:35,56,12,D008,2
2026-05-30 18:16:35,114,12,D002,3
2026-05-30 12:04:53,38,18,D002,1
2026-05-30 12:04:53,45,18,D013,3
2026-05-30 17:40:09,28,7,D017,1
2026-05-30 17:40:09,66,7,D015,3
2026-05-30 17:40:09,84,7,D005,2
2026-05-30 12:45:06,84,13,D008,3
2026-05-30 12:45:06,96,13,D001,2
2026-05-30 12:45:06,56,13,D008,2
2026-05-30 14:53:04,44,12,D015,2
2026-05-30 14:53:04,72,12,D011,3
2026-05-30 14:53:04,72,12,D006,2
2026-05-30 06:57:16,28,16,D008,1
2026-05-30 06:57:16,48,16,D001,1
2026-05-30 06:10:35,56,8,D008,2
2026-05-30 17:28:54,32,3,D003,1
2026-05-30 17:28:54,66,3,D015,3
2026-05-30 17:45:03,84,2,D005,2
2026-05-30 17:45:03,66,2,D004,3
2026-05-30 17:45:03,114,2,D002,3
2026-05-30 12:18:09,32,2,D003,1
2026-05-30 12:18:09,45,2,D013,3
2026-05-30 12:18:09,84,2,D008,3
2026-05-30 12:18:09,54,2,D007,3
2026-05-30 19:48:46,108,12,D012,3
2026-05-30 19:48:46,96,12,D001,2
2026-05-30 19:48:46,84,12,D008,3
2026-05-30 12:16:59,84,18,D008,3
2026-05-30 12:16:59,38,18,D002,1
2026-05-30 12:16:59,42,18,D005,1
2026-05-30 12:16:59,76,18,D002,2
2026-05-30 12:37:45,54,9,D007,3
2026-05-30 12:37:45,48,9,D001,1
2026-05-30 12:37:45,96,9,D001,2
2026-05-30 19:57:54,76,18,D002,2
2026-05-30 19:57:54,24,18,D011,1
2026-05-30 06:45:23,36,1,D007,2
2026-05-30 06:45:23,16,1,D009,1
2026-05-30 06:45:23,48,1,D001,1
2026-05-30 06:45:23,54,1,D007,3
2026-05-30 13:38:30,64,8,D003,2
2026-05-30 13:38:30,8,8,D016,1
2026-05-30 06:49:57,66,13,D015,3
2026-05-30 06:49:57,76,13,D002,2
2026-05-30 06:49:57,66,13,D004,3
2026-05-30 09:00:03,22,7,D004,1
2026-05-30 09:00:03,96,7,D001,2
2026-05-30 09:00:03,45,7,D013,3
2026-05-30 17:09:05,16,7,D016,2
2026-05-30 08:38:21,36,19,D006,1
2026-05-30 08:38:21,18,19,D007,1
2026-05-30 08:38:21,38,19,D002,1
2026-05-30 08:38:21,64,19,D003,2
2026-05-30 20:44:20,108,6,D012,3
2026-05-30 20:44:20,36,6,D007,2
2026-05-30 20:44:20,8,6,D016,1
2026-05-30 13:50:48,108,2,D006,3
2026-05-30 13:50:48,24,2,D016,3
2026-05-30 23:13:03,20,4,D014,1
2026-05-30 23:13:03,24,4,D011,1
2026-05-30 23:13:03,32,4,D009,2
2026-05-30 16:53:35,15,5,D013,1
2026-05-30 16:53:35,60,5,D014,3
2026-05-30 16:53:35,8,5,D016,1
2026-05-30 16:53:35,56,5,D017,2
2026-05-31 00:54:37,66,6,D004,3
2026-05-30 06:09:33,20,10,D014,1
2026-05-30 06:09:33,22,10,D015,1
2026-05-30 06:09:33,108,10,D006,3
2026-05-30 07:14:55,84,3,D005,2
2026-05-30 19:57:49,42,5,D005,1
2026-05-30 19:57:49,76,5,D002,2
2026-05-30 19:57:49,44,5,D004,2
2026-05-30 19:57:49,44,5,D004,2
2026-05-30 14:24:25,36,10,D012,1
2026-05-30 14:24:25,24,10,D010,2
2026-05-30 14:24:25,24,10,D011,1
2026-05-30 14:24:25,45,10,D013,3
2026-05-30 18:18:54,44,3,D004,2
2026-05-30 18:18:54,108,3,D006,3
2026-05-30 11:47:03,96,9,D001,2
2026-05-30 11:47:03,24,9,D016,3
2026-05-30 11:47:03,42,9,D005,1
2026-05-30 13:51:22,84,5,D005,2
2026-05-30 13:51:22,96,5,D003,3
2026-05-30 13:37:07,36,5,D006,1
2026-05-30 13:37:07,45,5,D013,3
2026-05-30 06:32:59,84,5,D005,2
2026-05-30 06:32:59,44,5,D015,2
2026-05-30 06:32:59,56,5,D008,2
2026-05-30 06:32:59,66,5,D004,3
2026-05-30 13:26:23,15,5,D013,1
2026-05-30 13:26:23,114,5,D002,3
2026-05-30 13:07:56,60,13,D014,3
2026-05-30 13:07:56,38,13,D002,1
2026-05-30 13:07:56,84,13,D005,2
2026-05-30 06:47:32,84,3,D005,2
2026-05-30 06:47:32,144,3,D001,3
2026-05-30 06:47:32,36,3,D006,1
2026-05-30 06:47:32,24,3,D010,2
2026-05-30 12:35:45,144,7,D001,3
2026-05-30 12:35:45,96,7,D003,3
2026-05-30 19:17:00,126,8,D005,3
2026-05-30 19:17:00,76,8,D002,2
2026-05-30 19:17:00,56,8,D008,2
2026-05-30 19:17:00,44,8,D015,2
2026-05-30 12:54:53,84,9,D008,3
2026-05-30 12:54:53,72,9,D006,2
2026-05-30 12:54:53,36,9,D006,1
2026-05-30 20:47:26,56,14,D008,2
2026-05-30 20:47:26,28,14,D008,1
2026-05-30 20:47:26,36,14,D007,2
2026-05-30 20:47:26,66,14,D015,3
2026-05-30 23:46:03,72,16,D020,3
2026-05-30 06:43:05,30,17,D013,2
2026-05-30 18:25:09,44,14,D015,2
2026-05-30 15:00:48,76,18,D002,2
2026-05-30 16:31:48,72,11,D012,2
2026-05-30 11:41:24,64,7,D003,2
2026-05-30 11:41:24,48,7,D001,1
2026-05-30 11:41:24,36,7,D006,1
2026-05-30 11:41:24,60,7,D014,3
2026-05-30 17:15:26,24,9,D011,1
2026-05-30 17:15:26,96,9,D003,3
2026-05-30 20:12:39,72,17,D012,2
2026-05-30 20:12:39,144,17,D001,3
2026-05-30 20:12:39,32,17,D009,2
2026-05-30 20:12:39,22,17,D004,1
2026-05-30 15:49:52,72,16,D012,2
2026-05-30 15:49:52,16,16,D016,2
2026-05-30 15:49:52,44,16,D015,2
2026-05-30 15:49:52,48,16,D009,3
2026-05-30 14:04:40,32,5,D018,1
2026-05-30 14:04:40,24,5,D016,3
2026-05-30 14:04:40,54,5,D019,3
2026-05-30 14:04:40,60,5,D014,3
2026-05-30 12:06:39,144,18,D001,3
2026-05-30 18:11:37,72,12,D006,2
2026-05-30 18:11:37,96,12,D018,3
2026-05-30 12:23:17,18,1,D007,1
2026-05-30 12:23:17,20,1,D014,1
2026-05-30 12:23:17,30,1,D013,2
2026-05-30 12:23:17,96,1,D003,3
2026-05-31 00:50:56,48,10,D011,2
2026-05-30 17:23:03,38,6,D002,1
2026-05-30 17:23:03,96,6,D001,2
2026-05-30 17:23:03,36,6,D007,2
2026-05-30 15:19:39,66,18,D015,3
2026-05-30 15:19:39,22,18,D004,1
2026-05-30 15:19:39,66,18,D015,3
2026-05-30 14:12:38,56,8,D017,2
2026-05-30 14:12:38,48,8,D001,1
2026-05-30 14:12:38,72,8,D012,2
2026-05-30 14:12:38,30,8,D013,2
2026-05-30 18:27:34,66,10,D004,3
2026-05-30 18:27:34,76,10,D002,2
2026-05-30 18:27:34,38,10,D002,1
2026-05-30 18:27:34,72,10,D006,2
2026-05-30 17:07:21,36,13,D006,1
2026-05-30 17:07:21,28,13,D008,1
2026-05-30 09:52:36,45,12,D013,3
2026-05-30 09:52:36,48,12,D001,1
2026-05-30 09:05:25,24,14,D016,3
2026-05-30 09:05:25,66,14,D004,3
2026-05-30 09:05:25,114,14,D002,3
2026-05-30 20:05:38,44,6,D015,2
2026-05-30 20:05:38,18,6,D007,1
2026-05-30 20:05:38,8,6,D016,1
2026-05-30 20:05:38,8,6,D016,1
2026-05-30 12:25:54,66,8,D015,3
2026-05-30 19:26:21,48,3,D001,1
2026-05-30 19:26:21,76,3,D002,2
2026-05-30 06:27:20,56,11,D008,2
2026-05-30 06:27:20,44,11,D015,2
2026-05-30 06:27:20,114,11,D002,3
2026-05-30 12:44:22,72,9,D006,2
2026-05-30 19:22:47,36,8,D006,1
2026-05-30 16:15:03,36,16,D010,3
2026-05-30 16:15:03,48,16,D009,3
2026-05-30 16:15:03,8,16,D016,1
2026-05-30 16:15:03,44,16,D015,2
2026-05-30 07:13:12,108,12,D006,3
2026-05-30 13:35:14,44,7,D015,2
2026-05-30 17:40:32,66,13,D004,3
2026-05-30 17:40:32,76,13,D002,2
2026-05-30 17:40:32,126,13,D005,3
2026-05-30 07:03:29,30,17,D013,2
2026-05-30 07:03:29,36,17,D007,2
2026-05-30 20:48:36,84,13,D008,3
2026-05-30 20:48:36,30,13,D013,2
2026-05-30 20:48:36,22,13,D004,1
2026-05-30 20:48:36,114,13,D002,3
2026-05-31 01:11:25,48,12,D009,3
2026-05-31 01:11:25,16,12,D009,1
2026-05-31 01:11:25,54,12,D019,3
2026-05-31 01:11:25,42,12,D005,1
2026-05-30 16:38:38,72,1,D020,3
2026-05-30 16:38:38,72,1,D011,3
2026-05-30 16:38:38,24,1,D010,2
2026-05-30 16:38:38,20,1,D014,1
2026-05-30 09:10:02,66,18,D015,3
2026-05-30 09:10:02,84,18,D005,2
2026-05-30 09:10:02,60,18,D014,3
2026-05-30 09:10:02,42,18,D005,1
2026-05-30 15:04:50,72,9,D011,3
2026-05-30 09:16:19,44,8,D015,2
2026-05-30 09:16:19,36,8,D007,2
2026-05-30 09:16:19,108,8,D006,3
2026-05-30 08:25:56,44,13,D015,2
2026-05-30 16:25:44,66,7,D015,3
2026-05-30 16:25:44,48,7,D009,3
2026-05-30 21:49:40,16,15,D009,1
2026-05-30 21:49:40,22,15,D004,1
2026-05-30 18:21:32,18,19,D007,1
2026-05-30 18:21:32,72,19,D006,2
2026-05-30 17:50:43,48,17,D011,2
2026-05-30 15:16:05,30,3,D013,2
2026-05-30 15:16:05,24,3,D010,2
2026-05-30 15:16:05,36,3,D010,3
2026-05-30 15:16:05,22,3,D015,1
2026-05-30 13:58:06,22,15,D015,1
2026-05-30 07:15:05,96,8,D001,2
2026-05-30 07:15:05,66,8,D004,3
2026-05-30 06:00:10,48,3,D011,2
2026-05-30 12:29:30,42,2,D005,1
2026-05-30 12:29:30,96,2,D003,3
2026-05-31 00:33:56,22,15,D004,1
2026-05-31 00:33:56,36,15,D007,2
2026-05-31 00:33:56,54,15,D007,3
2026-05-31 00:33:56,60,15,D014,3
2026-05-30 13:57:43,56,17,D008,2
2026-05-30 13:57:43,12,17,D010,1
2026-05-30 13:57:43,84,17,D008,3
2026-05-30 13:57:43,48,17,D020,2
2026-05-30 17:26:43,114,9,D002,3
2026-05-30 17:26:43,36,9,D007,2
2026-05-30 17:26:43,96,9,D003,3
2026-05-30 23:40:14,24,5,D011,1
2026-05-30 23:40:14,45,5,D013,3
2026-05-30 23:40:14,60,5,D014,3
2026-05-30 23:40:14,54,5,D007,3
2026-05-30 12:47:41,32,19,D003,1
2026-05-30 11:31:33,76,19,D002,2
2026-05-30 11:31:33,44,19,D015,2
2026-05-30 11:02:16,48,20,D001,1
2026-05-30 11:02:16,76,20,D002,2
2026-05-30 11:02:16,36,20,D006,1
2026-05-30 13:45:39,48,5,D011,2
2026-05-30 13:45:39,18,5,D007,1
2026-05-30 08:28:55,56,11,D008,2
2026-05-30 08:28:55,84,11,D008,3
2026-05-30 08:28:55,66,11,D004,3
2026-05-30 15:03:42,22,19,D015,1
2026-05-30 13:31:18,72,11,D006,2
2026-05-30 16:34:27,48,2,D011,2
2026-05-30 16:34:27,32,2,D009,2
2026-05-30 15:20:23,40,4,D014,2
2026-05-30 15:20:23,48,4,D020,2
2026-05-30 18:16:31,54,16,D019,3
2026-05-30 18:47:12,32,3,D003,1
2026-05-30 18:47:12,96,3,D003,3
2026-05-30 18:47:12,22,3,D004,1
2026-05-30 18:47:12,32,3,D003,1
2026-05-30 22:19:52,8,7,D016,1
2026-05-30 22:19:52,18,7,D019,1
2026-05-30 11:26:21,22,16,D015,1
2026-05-30 11:26:21,66,16,D015,3
2026-05-30 23:59:51,66,11,D004,3
2026-05-30 23:59:51,18,11,D007,1
2026-05-30 13:43:31,64,18,D003,2
2026-05-30 13:43:31,108,18,D006,3
2026-05-30 11:38:35,96,3,D001,2
2026-05-30 11:38:35,48,3,D001,1
2026-05-30 11:38:35,66,3,D015,3
2026-05-30 13:49:14,30,15,D013,2
2026-05-30 13:49:14,64,15,D003,2
2026-05-30 13:49:14,42,15,D005,1
2026-05-30 11:17:09,114,18,D002,3
2026-05-30 11:17:09,66,18,D004,3
2026-05-30 20:00:39,38,6,D002,1
2026-05-30 14:07:22,66,3,D015,3
2026-05-30 14:07:22,108,3,D012,3
2026-05-30 14:07:22,45,3,D013,3
2026-05-30 20:19:41,36,3,D006,1
2026-05-30 20:19:41,16,3,D009,1
2026-05-30 20:19:41,38,3,D002,1
2026-05-30 20:19:41,72,3,D012,2
2026-05-30 16:04:14,40,12,D014,2
2026-05-30 16:04:14,96,12,D003,3
2026-05-30 18:49:55,56,20,D008,2
2026-05-30 18:49:55,42,20,D005,1
2026-05-30 09:32:48,44,19,D015,2
2026-05-30 09:32:48,22,19,D004,1
2026-05-30 09:32:48,36,19,D006,1
2026-05-30 20:32:15,108,13,D012,3
2026-05-30 20:32:15,96,13,D001,2
2026-05-30 12:51:56,36,2,D006,1
2026-05-30 07:59:25,38,10,D002,1
2026-05-30 07:59:25,84,10,D005,2
2026-05-31 01:28:38,48,5,D001,1
2026-05-31 01:28:38,22,5,D015,1
2026-05-30 12:07:59,96,10,D001,2
2026-05-30 11:49:52,44,12,D004,2
2026-05-30 11:49:52,126,12,D005,3
2026-05-30 11:49:52,24,12,D016,3
2026-05-30 11:49:52,44,12,D004,2
2026-05-30 17:13:01,15,7,D013,1
2026-05-30 17:13:01,36,7,D007,2
2026-05-30 17:13:01,32,7,D009,2
2026-05-30 11:04:42,22,17,D015,1
2026-05-30 11:04:42,32,17,D018,1
2026-05-30 11:04:42,72,17,D020,3
2026-05-30 11:04:42,42,17,D005,1
2026-05-30 19:12:09,54,20,D007,3
2026-05-30 19:12:09,144,20,D001,3
2026-05-30 19:12:09,54,20,D019,3
2026-05-30 19:12:09,114,20,D002,3
2026-05-30 12:18:44,48,5,D009,3
2026-05-30 12:18:44,8,5,D016,1
2026-05-30 20:07:12,48,3,D020,2
2026-05-30 20:07:12,45,3,D013,3
2026-05-30 19:45:14,126,15,D005,3
2026-05-30 19:45:14,96,15,D001,2
2026-05-30 19:45:14,144,15,D001,3
2026-05-30 19:45:14,48,15,D011,2
2026-05-30 15:32:54,36,19,D012,1
2026-05-30 15:32:54,36,19,D007,2
2026-05-30 15:32:54,64,19,D018,2
2026-05-30 15:32:54,24,19,D020,1
2026-05-30 11:10:11,38,1,D002,1
2026-05-30 11:10:11,24,1,D016,3
2026-05-30 16:46:25,60,15,D014,3
2026-05-30 16:46:25,28,15,D017,1
2026-05-31 00:02:39,96,17,D003,3
2026-05-31 00:02:39,36,17,D010,3
2026-05-31 00:02:39,8,17,D016,1
2026-05-30 19:42:26,38,18,D002,1
2026-05-30 19:42:26,48,18,D009,3
2026-05-30 19:42:26,44,18,D004,2
2026-05-30 19:42:26,22,18,D015,1
2026-05-30 15:49:24,56,11,D017,2
2026-05-30 12:55:08,18,19,D019,1
2026-05-30 12:55:08,24,19,D016,3
2026-05-30 12:55:08,36,19,D007,2
2026-05-30 12:55:08,54,19,D007,3
2026-05-30 14:30:43,66,16,D015,3
2026-05-30 14:30:43,76,16,D002,2
2026-05-30 07:51:10,15,7,D013,1
2026-05-30 07:51:10,84,7,D005,2
2026-05-30 07:51:10,44,7,D015,2
2026-05-30 07:51:10,38,7,D002,1
2026-05-30 23:55:02,36,11,D006,1
2026-05-31 16:12:14,16,6,D016,2
2026-05-31 16:12:14,16,6,D016,2
2026-05-31 16:12:14,20,6,D014,1
2026-05-31 16:12:14,66,6,D015,3
2026-05-31 20:31:03,38,4,D002,1
2026-05-31 20:31:03,36,4,D006,1
2026-05-31 20:31:03,15,4,D013,1
2026-05-31 20:31:03,56,4,D008,2
2026-05-31 20:35:21,56,18,D008,2
2026-05-31 20:35:21,56,18,D017,2
2026-05-31 20:50:22,40,12,D014,2
2026-05-31 20:50:22,64,12,D003,2
2026-05-31 20:50:22,42,12,D005,1
2026-05-31 20:50:22,72,12,D012,2
2026-05-31 18:25:19,96,14,D001,2
2026-05-31 13:18:49,44,4,D004,2
2026-05-31 13:18:49,76,4,D002,2
2026-05-31 20:14:49,84,6,D008,3
2026-05-31 20:33:36,84,13,D008,3
2026-05-31 12:42:09,114,11,D002,3
2026-05-31 12:42:09,24,11,D011,1
2026-05-31 12:42:09,18,11,D019,1
2026-05-31 09:59:01,44,16,D004,2
2026-05-31 09:59:01,18,16,D007,1
2026-05-31 09:59:01,72,16,D011,3
2026-05-31 07:31:47,54,4,D007,3
2026-05-31 07:31:47,66,4,D004,3
2026-05-31 07:31:47,54,4,D007,3
2026-05-31 07:31:47,72,4,D011,3
2026-05-31 08:05:57,28,6,D008,1
2026-05-31 08:05:57,96,6,D001,2
2026-05-31 18:05:39,54,19,D007,3
2026-05-31 18:05:39,20,19,D014,1
2026-05-31 20:14:41,24,11,D011,1
2026-05-31 11:07:04,144,11,D001,3
2026-05-31 11:07:04,76,11,D002,2
2026-05-31 11:07:04,72,11,D011,3
2026-05-31 20:28:32,96,15,D001,2
2026-05-31 20:28:32,18,15,D019,1
2026-05-31 20:28:32,108,15,D006,3
2026-05-31 12:56:57,66,9,D004,3
2026-05-31 07:45:10,48,1,D001,1
2026-05-31 07:45:10,32,1,D003,1
2026-05-31 07:45:10,72,1,D006,2
2026-05-31 07:45:10,28,1,D008,1
2026-05-31 19:00:35,84,3,D005,2
2026-05-31 19:00:35,114,3,D002,3
2026-05-31 19:00:35,42,3,D005,1
2026-05-31 12:24:14,108,6,D006,3
2026-05-31 12:24:14,84,6,D008,3
2026-05-31 12:24:14,24,6,D020,1
2026-05-31 17:02:16,38,10,D002,1
2026-05-31 17:02:16,56,10,D008,2
2026-05-31 13:48:17,44,4,D015,2
2026-05-31 13:48:17,30,4,D013,2
2026-05-31 13:48:17,28,4,D008,1
2026-05-31 19:42:46,36,6,D007,2
2026-05-31 19:42:46,108,6,D006,3
2026-05-31 19:42:46,108,6,D006,3
2026-05-31 23:46:03,24,7,D010,2
2026-05-31 16:21:38,12,4,D010,1
2026-05-31 16:21:38,72,4,D012,2
2026-05-31 06:03:10,28,13,D008,1
2026-05-31 06:03:10,22,13,D004,1
2026-05-31 06:03:10,18,13,D007,1
2026-05-31 13:19:15,56,8,D008,2
2026-05-31 13:19:15,44,8,D004,2
2026-05-31 13:19:15,18,8,D007,1
2026-05-31 09:45:53,12,13,D010,1
2026-05-31 09:45:53,114,13,D002,3
2026-05-31 08:22:13,48,3,D001,1
2026-05-31 08:22:13,22,3,D015,1
2026-05-31 08:22:13,45,3,D013,3
2026-05-31 18:28:01,32,13,D018,1
2026-05-31 18:50:18,108,5,D006,3
2026-05-31 18:50:18,108,5,D006,3
2026-05-31 18:50:18,48,5,D009,3
2026-05-31 12:06:46,22,18,D004,1
2026-05-31 12:06:46,22,18,D004,1
2026-05-31 12:06:46,66,18,D004,3
2026-05-31 12:50:47,84,3,D008,3
2026-05-31 11:43:14,40,12,D014,2
2026-05-31 11:43:14,64,12,D003,2
2026-05-31 11:43:14,76,12,D002,2
2026-05-31 11:43:14,38,12,D002,1
2026-05-31 13:52:16,96,14,D001,2
2026-05-31 13:52:16,56,14,D008,2
2026-05-31 13:52:16,108,14,D012,3
2026-05-31 13:52:16,42,14,D005,1
2026-05-31 22:14:25,44,20,D004,2
2026-05-31 22:14:25,36,20,D010,3
2026-05-31 22:14:25,48,20,D009,3
2026-05-31 15:36:49,30,2,D013,2
2026-05-31 15:36:49,96,2,D003,3
2026-05-31 15:36:49,84,2,D005,2
2026-05-31 15:36:49,8,2,D016,1
2026-05-31 14:46:31,44,6,D015,2
2026-05-31 11:22:31,114,1,D002,3
2026-05-31 17:39:00,36,3,D007,2
2026-05-31 17:39:00,54,3,D007,3
2026-05-31 19:06:14,126,3,D005,3
2026-06-01 01:34:32,144,5,D001,3
2026-06-01 01:34:32,108,5,D006,3
2026-06-01 01:34:32,36,5,D012,1
2026-05-31 06:20:09,96,11,D001,2
2026-05-31 06:20:09,38,11,D002,1
2026-05-31 08:07:32,22,7,D015,1
2026-05-31 13:19:34,22,13,D004,1
2026-05-31 13:19:34,18,13,D007,1
2026-05-31 13:19:34,16,13,D016,2
2026-05-31 13:19:34,84,13,D008,3
2026-05-31 09:39:58,28,5,D008,1
2026-05-31 09:39:58,48,5,D001,1
2026-05-31 11:04:58,22,9,D004,1
2026-05-31 11:04:58,42,9,D005,1
2026-05-31 11:04:58,32,9,D009,2
2026-05-31 11:04:58,15,9,D013,1
2026-05-31 09:56:21,22,2,D004,1
2026-05-31 09:56:21,144,2,D001,3
2026-05-31 09:56:21,108,2,D006,3
2026-05-31 09:56:21,84,2,D008,3
2026-05-31 13:21:44,42,4,D005,1
2026-05-31 20:08:32,84,2,D008,3
2026-05-31 20:08:32,45,2,D013,3
2026-05-31 20:08:32,18,2,D019,1
2026-05-31 07:04:57,44,1,D015,2
2026-05-31 07:04:57,66,1,D004,3
2026-05-31 09:53:37,66,11,D015,3
2026-05-31 09:53:37,126,11,D005,3
2026-05-31 19:33:25,24,5,D016,3
2026-05-31 19:33:25,72,5,D006,2
2026-05-31 14:42:24,24,10,D020,1
2026-05-31 22:07:31,48,16,D020,2
2026-05-31 17:11:08,84,10,D005,2
2026-05-31 17:11:08,18,10,D007,1
2026-05-31 17:11:08,144,10,D001,3
2026-05-31 11:35:48,16,14,D009,1
2026-05-31 11:35:48,36,14,D006,1
2026-05-31 11:35:48,16,14,D009,1
2026-05-31 11:35:48,84,14,D008,3
2026-05-31 13:12:12,16,3,D009,1
2026-05-31 13:00:41,36,13,D007,2
2026-05-31 13:00:41,44,13,D004,2
2026-05-31 13:00:41,22,13,D004,1
2026-05-31 13:00:41,56,13,D017,2
2026-05-31 13:59:00,38,14,D002,1
2026-05-31 14:36:31,48,17,D020,2
2026-05-31 17:12:16,126,18,D005,3
2026-05-31 17:12:16,22,18,D004,1
2026-05-31 19:14:44,42,12,D005,1
2026-05-31 19:14:44,22,12,D015,1
2026-05-31 19:14:44,64,12,D003,2
2026-05-31 19:14:44,56,12,D008,2
2026-05-31 14:56:45,144,11,D001,3
2026-05-31 14:56:45,20,11,D014,1
2026-05-31 14:56:45,56,11,D017,2
2026-05-31 14:56:45,44,11,D004,2
2026-05-31 12:20:38,32,2,D009,2
2026-05-31 12:20:38,42,2,D005,1
2026-05-31 12:20:38,54,2,D007,3
2026-05-31 17:22:45,48,16,D001,1
2026-05-31 17:22:45,18,16,D019,1
2026-05-31 17:22:45,96,16,D018,3
2026-05-31 13:53:33,72,5,D006,2
2026-05-31 13:53:33,72,5,D011,3
2026-05-31 13:53:33,72,5,D006,2
2026-05-31 06:40:10,48,6,D011,2
2026-05-31 06:40:10,66,6,D015,3
2026-05-31 13:56:45,40,20,D014,2
2026-05-31 11:42:03,72,18,D011,3
2026-05-31 11:54:20,36,9,D006,1
2026-05-31 11:54:20,15,9,D013,1
2026-05-31 11:54:20,72,9,D006,2
2026-05-31 21:13:33,32,20,D009,2
2026-05-31 21:13:33,36,20,D010,3
2026-05-31 11:17:05,144,17,D001,3
2026-05-31 11:17:05,36,17,D007,2
2026-05-31 20:20:13,84,15,D008,3
2026-05-31 12:09:39,96,12,D001,2
2026-05-31 12:09:39,48,12,D001,1
2026-05-31 15:17:53,20,11,D014,1
2026-05-31 15:17:53,44,11,D015,2
2026-05-31 15:17:53,48,11,D001,1
2026-05-31 17:19:01,45,3,D013,3
2026-05-31 17:19:01,36,3,D006,1
2026-05-31 17:19:01,84,3,D005,2
2026-05-31 07:22:06,144,3,D001,3
2026-05-31 12:47:22,32,15,D003,1
2026-05-31 12:47:22,48,15,D009,3
2026-05-31 12:47:22,96,15,D001,2
2026-05-31 12:47:22,44,15,D004,2
2026-05-31 16:44:41,8,15,D016,1
2026-05-31 16:44:41,64,15,D018,2
2026-05-31 17:14:38,22,13,D004,1
2026-05-31 17:14:38,22,13,D015,1
2026-05-31 17:14:38,108,13,D006,3
2026-05-31 17:14:38,42,13,D005,1
2026-05-31 13:15:43,144,9,D001,3
2026-05-31 13:15:43,114,9,D002,3
2026-05-31 13:15:43,84,9,D008,3
2026-05-31 15:35:39,96,4,D001,2
2026-05-31 15:35:39,30,4,D013,2
2026-05-31 15:35:39,45,4,D013,3
2026-05-31 15:35:39,60,4,D014,3
2026-05-31 16:48:05,28,7,D017,1
2026-05-31 16:48:05,32,7,D018,1
2026-05-31 13:37:25,66,12,D015,3
2026-05-31 13:37:25,126,12,D005,3
2026-05-31 13:37:25,22,12,D004,1
2026-05-31 13:37:25,72,12,D006,2
2026-05-31 17:10:01,144,11,D001,3
2026-05-31 17:10:01,48,11,D009,3
2026-05-31 17:10:01,44,11,D004,2
2026-05-31 17:10:01,32,11,D009,2
2026-05-31 12:49:51,84,15,D005,2
2026-05-31 12:49:51,44,15,D004,2
2026-05-31 12:49:51,54,15,D007,3
2026-05-31 12:49:51,108,15,D006,3
2026-05-31 09:59:53,114,11,D002,3
2026-05-31 09:59:53,36,11,D007,2
2026-05-31 09:59:53,24,11,D016,3
2026-05-31 21:52:56,15,8,D013,1
2026-05-31 20:27:22,18,3,D019,1
2026-05-31 20:27:22,48,3,D009,3
2026-05-31 20:27:22,22,3,D015,1
2026-05-31 20:27:22,96,3,D001,2
2026-05-31 06:14:33,56,15,D008,2
2026-05-31 06:14:33,24,15,D010,2
2026-06-01 00:34:29,84,4,D005,2
2026-06-01 00:34:29,30,4,D013,2
2026-06-01 00:34:29,42,4,D005,1
2026-06-01 00:34:29,48,4,D011,2
2026-05-31 09:23:01,15,7,D013,1
2026-05-31 09:23:01,66,7,D015,3
2026-05-31 09:23:01,38,7,D002,1
2026-05-31 09:23:01,96,7,D001,2
2026-05-31 11:14:23,36,19,D006,1
2026-05-31 11:14:23,48,19,D020,2
2026-05-31 17:37:23,144,6,D001,3
2026-05-31 17:37:23,36,6,D007,2
2026-05-31 19:48:29,44,10,D004,2
2026-05-31 19:48:29,22,10,D004,1
2026-05-31 19:48:29,48,10,D020,2
2026-05-31 19:48:29,32,10,D003,1
2026-05-31 13:41:10,36,11,D006,1
2026-05-31 13:41:10,76,11,D002,2
2026-05-31 13:41:10,144,11,D001,3
2026-05-31 18:34:52,8,15,D016,1
2026-05-31 18:34:52,54,15,D007,3
2026-05-31 18:34:52,84,15,D008,3
2026-05-31 19:41:51,22,19,D004,1
2026-05-31 19:41:51,72,19,D006,2
2026-06-01 00:36:09,38,12,D002,1
2026-06-01 00:36:09,12,12,D010,1
2026-06-01 00:36:09,108,12,D006,3
2026-05-31 08:22:28,126,20,D005,3
2026-05-31 08:22:28,126,20,D005,3
2026-05-31 08:22:28,24,20,D011,1
2026-05-31 08:22:28,38,20,D002,1
2026-05-31 11:47:38,36,4,D010,3
2026-05-31 11:47:38,24,4,D016,3
2026-05-31 11:47:38,108,4,D006,3
2026-05-31 11:47:38,66,4,D004,3
2026-05-31 17:30:56,40,4,D014,2
2026-05-31 17:30:56,64,4,D003,2
2026-05-31 11:55:38,64,12,D018,2
2026-05-31 12:52:21,48,14,D011,2
2026-05-31 12:52:21,66,14,D004,3
2026-05-31 09:57:41,22,16,D004,1
2026-05-31 09:57:41,56,16,D008,2
2026-05-31 09:57:41,48,16,D009,3
2026-05-31 09:57:41,20,16,D014,1
2026-05-31 14:01:40,8,2,D016,1
2026-05-31 14:01:40,36,2,D012,1
2026-05-31 17:28:56,72,8,D020,3
2026-05-31 11:19:15,24,5,D010,2
2026-05-31 18:48:11,126,18,D005,3
2026-05-31 18:48:11,66,18,D004,3
2026-05-31 18:48:11,24,18,D016,3
2026-05-31 18:48:11,24,18,D011,1
2026-05-31 11:26:13,36,19,D007,2
2026-05-31 11:26:13,72,19,D012,2
2026-05-31 11:26:13,60,19,D014,3
2026-05-31 12:10:29,22,20,D004,1
2026-05-31 12:10:29,36,20,D007,2
2026-05-31 12:10:29,22,20,D004,1
2026-05-31 19:04:52,18,18,D019,1
2026-05-31 19:04:52,18,18,D019,1
2026-05-31 19:04:52,66,18,D004,3
2026-05-31 20:46:39,36,15,D006,1
2026-05-31 19:29:52,76,17,D002,2
2026-05-31 19:29:52,45,17,D013,3
2026-05-31 22:10:41,38,13,D002,1
2026-05-31 22:10:41,38,13,D002,1
2026-05-31 18:03:47,44,9,D004,2
2026-05-31 13:09:07,30,19,D013,2
2026-05-31 13:09:07,22,19,D004,1
2026-05-31 13:09:07,38,19,D002,1
2026-05-31 16:46:32,44,12,D015,2
2026-05-31 11:29:25,48,7,D001,1
2026-05-31 11:29:25,66,7,D004,3
2026-05-31 11:29:25,36,7,D007,2
2026-05-31 20:31:36,28,9,D017,1
2026-05-31 14:58:05,45,10,D013,3
2026-05-31 14:58:05,56,10,D017,2
2026-05-31 13:57:14,36,17,D006,1
2026-05-31 13:57:14,66,17,D004,3
2026-05-31 13:57:14,96,17,D001,2
2026-05-31 14:42:32,36,17,D012,1
2026-05-31 14:42:32,64,17,D018,2
2026-05-31 08:59:51,24,5,D010,2
2026-05-31 08:59:51,28,5,D008,1
2026-05-31 08:59:51,84,5,D005,2
2026-05-31 12:36:16,66,14,D004,3
2026-05-31 12:36:16,12,14,D010,1
2026-05-31 17:09:44,54,12,D007,3
2026-05-31 07:44:29,54,4,D007,3
2026-05-31 07:44:29,48,4,D001,1
2026-05-31 07:44:29,28,4,D008,1
2026-05-31 11:58:30,64,10,D003,2
2026-05-31 07:00:21,108,19,D006,3
2026-05-31 07:00:21,84,19,D005,2
2026-05-31 07:00:21,114,19,D002,3
2026-05-31 08:19:46,16,11,D016,2
2026-05-31 06:28:01,48,20,D001,1
2026-05-31 09:48:29,54,11,D007,3
2026-05-31 09:48:29,38,11,D002,1
2026-05-31 09:48:29,126,11,D005,3
2026-06-01 12:42:39,42,15,D005,1
2026-06-01 12:42:39,84,15,D005,2
2026-06-01 12:42:39,28,15,D008,1
2026-06-01 16:19:14,18,12,D019,1
2026-06-01 16:19:14,48,12,D011,2
2026-06-01 16:19:14,15,12,D013,1
2026-06-01 19:21:53,15,11,D013,1
2026-06-01 19:21:53,64,11,D018,2
2026-06-01 08:47:34,18,10,D007,1
2026-06-01 08:47:34,36,10,D006,1
2026-06-01 08:47:34,30,10,D013,2
2026-06-02 00:42:20,45,14,D013,3
2026-06-02 00:42:20,54,14,D007,3
2026-06-02 00:42:20,24,14,D011,1
2026-06-02 00:42:20,54,14,D019,3
2026-06-02 00:53:18,108,14,D012,3
2026-06-02 00:53:18,36,14,D012,1
2026-06-02 00:53:18,38,14,D002,1
2026-06-02 00:53:18,16,14,D016,2
2026-06-01 12:21:09,28,13,D008,1
2026-06-01 14:42:57,108,7,D012,3
2026-06-01 14:42:57,18,7,D019,1
2026-06-01 12:21:12,20,11,D014,1
2026-06-01 06:39:41,30,10,D013,2
2026-06-01 06:39:41,32,10,D003,1
2026-06-01 06:39:41,12,10,D010,1
2026-06-01 09:36:03,84,13,D008,3
2026-06-01 09:36:03,126,13,D005,3
2026-06-01 09:36:03,48,13,D011,2
2026-06-01 09:36:03,44,13,D004,2
2026-06-01 06:17:16,60,9,D014,3
2026-06-01 06:17:16,72,9,D006,2
2026-06-01 06:17:16,64,9,D003,2
2026-06-01 06:17:16,96,9,D001,2
2026-06-02 00:23:03,66,9,D015,3
2026-06-02 00:23:03,36,9,D010,3
2026-06-02 00:23:03,36,9,D012,1
2026-06-02 00:23:03,24,9,D010,2
2026-06-01 13:05:10,24,5,D016,3
2026-06-01 13:05:10,22,5,D004,1
2026-06-01 11:55:04,72,13,D006,2
2026-06-01 11:55:04,22,13,D004,1
2026-06-01 11:55:04,36,13,D006,1
2026-06-01 13:23:41,44,6,D004,2
2026-06-01 13:23:41,84,6,D008,3
2026-06-01 13:23:41,48,6,D001,1
2026-06-01 14:56:17,32,8,D018,1
2026-06-01 18:51:16,32,18,D003,1
2026-06-01 18:51:16,126,18,D005,3
2026-06-01 18:51:16,66,18,D004,3
2026-06-01 18:51:16,16,18,D009,1
2026-06-01 12:33:28,36,17,D019,2
2026-06-01 12:33:28,16,17,D009,1
2026-06-01 13:08:08,44,3,D004,2
2026-06-01 13:08:08,96,3,D001,2
2026-06-01 19:56:06,72,6,D011,3
2026-06-01 08:01:53,36,2,D006,1
2026-06-01 08:01:53,44,2,D015,2
2026-06-01 08:01:53,44,2,D015,2
2026-06-01 08:01:53,18,2,D007,1
2026-06-01 12:48:53,45,1,D013,3
2026-06-01 12:48:53,36,1,D007,2
2026-06-01 12:48:53,56,1,D008,2
2026-06-01 12:48:53,38,1,D002,1
2026-06-01 17:38:32,42,13,D005,1
2026-06-01 19:33:29,60,18,D014,3
2026-06-01 19:33:29,72,18,D006,2
2026-06-01 11:11:51,108,10,D012,3
2026-06-01 11:11:51,56,10,D008,2
2026-06-01 11:33:52,114,4,D002,3
2026-06-01 11:33:52,108,4,D006,3
2026-06-02 00:41:50,24,8,D011,1
2026-06-02 00:41:50,56,8,D008,2
2026-06-01 20:32:22,84,5,D008,3
2026-06-01 20:32:22,72,5,D006,2
2026-06-01 20:32:22,48,5,D001,1
2026-06-01 20:48:13,84,13,D008,3
2026-06-01 20:48:13,84,13,D005,2
2026-06-01 20:48:13,48,13,D001,1
2026-06-01 20:48:13,64,13,D003,2
2026-06-01 20:31:10,24,15,D010,2
2026-06-01 20:31:10,24,15,D010,2
2026-06-01 20:31:10,38,15,D002,1
2026-06-01 12:33:38,30,6,D013,2
2026-06-01 13:21:50,108,7,D006,3
2026-06-01 13:21:50,64,7,D003,2
2026-06-01 13:21:50,44,7,D004,2
2026-06-01 13:21:50,36,7,D007,2
2026-06-01 16:33:22,60,20,D014,3
2026-06-01 21:23:44,32,7,D009,2
2026-06-01 21:23:44,56,7,D008,2
2026-06-01 21:23:44,96,7,D018,3
2026-06-01 21:23:44,48,7,D009,3
2026-06-01 12:51:15,22,16,D004,1
2026-06-01 12:51:15,84,16,D005,2
2026-06-01 12:51:15,76,16,D002,2
2026-06-01 12:51:15,48,16,D001,1
2026-06-01 19:53:19,42,19,D005,1
2026-06-01 19:53:19,42,19,D005,1
2026-06-01 11:28:28,144,17,D001,3
2026-06-01 11:10:48,40,4,D014,2
2026-06-01 11:10:48,66,4,D004,3
2026-06-01 11:10:48,18,4,D007,1
2026-06-01 11:21:32,24,3,D010,2
2026-06-01 11:21:32,84,3,D005,2
2026-06-01 12:22:44,66,4,D004,3
2026-06-01 12:15:46,48,18,D011,2
2026-06-01 12:15:46,56,18,D008,2
2026-06-01 12:15:46,22,18,D015,1
2026-06-01 12:15:46,42,18,D005,1
2026-06-01 09:02:13,108,9,D006,3
2026-06-01 09:02:13,72,9,D006,2
2026-06-01 11:54:10,84,2,D005,2
2026-06-01 11:54:10,64,2,D018,2
2026-06-01 11:54:10,32,2,D018,1
2026-06-01 12:43:40,22,16,D004,1
2026-06-01 12:43:40,36,16,D007,2
2026-06-01 12:43:40,40,16,D014,2
2026-06-01 12:43:40,48,16,D011,2
2026-06-01 17:45:54,44,16,D004,2
2026-06-01 17:45:54,64,16,D003,2
2026-06-01 17:45:54,56,16,D008,2
2026-06-01 06:31:19,18,7,D007,1
2026-06-01 06:31:19,18,7,D007,1
2026-06-01 06:31:19,66,7,D015,3
2026-06-01 06:36:47,36,10,D006,1
2026-06-01 06:36:47,108,10,D012,3
2026-06-01 06:36:47,28,10,D008,1
2026-06-01 06:36:47,56,10,D008,2
2026-06-01 19:26:55,32,14,D018,1
2026-06-01 19:26:55,28,14,D008,1
2026-06-01 19:26:55,96,14,D001,2
2026-06-01 19:26:55,84,14,D005,2
2026-06-01 19:43:33,108,6,D006,3
2026-06-01 19:43:33,28,6,D017,1
2026-06-01 12:49:54,84,4,D008,3
2026-06-01 12:49:54,84,4,D005,2
2026-06-01 12:49:54,28,4,D008,1
2026-06-01 12:49:54,38,4,D002,1
2026-06-01 18:02:17,36,14,D006,1
2026-06-01 13:35:32,8,9,D016,1
2026-06-01 13:35:32,22,9,D004,1
2026-06-01 13:35:32,66,9,D004,3
2026-06-01 13:35:32,76,9,D002,2
2026-06-01 08:20:49,24,3,D016,3
2026-06-01 08:20:49,60,3,D014,3
2026-06-01 20:46:52,42,2,D005,1
2026-06-01 11:24:22,44,3,D004,2
2026-06-01 11:24:22,56,3,D008,2
2026-06-01 11:24:22,76,3,D002,2
2026-06-01 11:24:22,114,3,D002,3
2026-06-01 11:53:33,16,10,D009,1
2026-06-01 11:53:33,56,10,D017,2
2026-06-01 11:53:33,96,10,D001,2
2026-06-01 14:56:53,84,14,D017,3
2026-06-01 23:12:52,72,11,D011,3
2026-06-01 23:12:52,15,11,D013,1
2026-06-01 23:12:52,96,11,D018,3
2026-06-01 23:12:52,96,11,D003,3
2026-06-01 13:15:40,24,2,D016,3
2026-06-01 13:17:08,32,8,D003,1
2026-06-01 13:17:08,44,8,D015,2
2026-06-01 07:02:04,108,15,D012,3
2026-06-01 07:02:04,32,15,D003,1
2026-06-01 07:02:04,96,15,D001,2
2026-06-01 07:02:04,72,15,D012,2
2026-06-01 07:54:48,36,16,D006,1
2026-06-01 09:08:27,96,1,D003,3
2026-06-01 09:08:27,84,1,D008,3
2026-06-01 09:08:27,114,1,D002,3
2026-06-01 09:08:27,18,1,D007,1
2026-06-01 18:39:36,15,7,D013,1
2026-06-01 18:55:57,36,19,D010,3
2026-06-01 18:55:57,144,19,D001,3
2026-06-01 18:55:57,76,19,D002,2
2026-06-01 18:55:57,45,19,D013,3
2026-06-01 17:12:35,28,15,D017,1
2026-06-01 17:12:35,114,15,D002,3
2026-06-01 17:12:35,36,15,D010,3
2026-06-01 19:57:46,15,7,D013,1
2026-06-01 19:57:46,22,7,D004,1
2026-06-01 17:52:57,42,14,D005,1
2026-06-01 17:52:57,66,14,D015,3
2026-06-01 17:52:57,96,14,D003,3
2026-06-01 17:52:57,16,14,D016,2
2026-06-01 17:11:43,44,6,D004,2
2026-06-01 17:11:43,36,6,D019,2
2026-06-01 17:11:43,36,6,D012,1
2026-06-01 17:11:43,56,6,D017,2
2026-06-01 13:11:33,72,1,D006,2
2026-06-01 13:11:33,24,1,D016,3
2026-06-02 00:58:59,54,13,D007,3
2026-06-02 00:58:59,16,13,D009,1
2026-06-02 00:58:59,66,13,D004,3
2026-06-02 00:58:59,38,13,D002,1
2026-06-01 15:18:20,16,1,D016,2
2026-06-01 19:14:12,56,17,D008,2
2026-06-01 19:14:12,40,17,D014,2
2026-06-01 07:35:18,36,15,D012,1
2026-06-01 19:21:14,114,9,D002,3
2026-06-01 19:21:14,96,9,D001,2
2026-06-01 19:21:14,76,9,D002,2
2026-06-02 00:24:02,22,20,D015,1
2026-06-02 00:24:02,36,20,D007,2
2026-06-02 00:24:02,96,20,D001,2
2026-06-02 00:24:02,72,20,D011,3
2026-06-01 20:46:02,108,12,D012,3
2026-06-01 20:46:02,18,12,D019,1
2026-06-01 12:51:04,108,17,D012,3
2026-06-01 12:51:04,72,17,D012,2
2026-06-01 12:51:04,114,17,D002,3
2026-06-01 12:51:04,72,17,D006,2
2026-06-01 08:47:06,36,17,D010,3
2026-06-01 08:47:06,108,17,D006,3
2026-06-01 08:47:06,30,17,D013,2
2026-06-01 08:47:06,54,17,D007,3
2026-06-01 08:18:09,36,2,D006,1
2026-06-01 08:18:09,54,2,D007,3
2026-06-01 08:18:09,114,2,D002,3
2026-06-01 13:26:24,84,9,D005,2
2026-06-01 13:26:24,72,9,D012,2
2026-06-01 13:26:24,42,9,D005,1
2026-06-01 17:48:56,38,20,D002,1
2026-06-01 17:48:56,32,20,D018,1
2026-06-01 12:37:50,84,12,D008,3
2026-06-01 12:37:50,66,12,D004,3
2026-06-01 12:37:50,108,12,D012,3
2026-06-01 09:54:22,48,18,D009,3
2026-06-01 09:54:22,36,18,D006,1
2026-06-01 15:35:23,12,14,D010,1
2026-06-01 14:11:53,24,9,D011,1
2026-06-01 14:11:53,30,9,D013,2
2026-06-01 14:11:53,32,9,D009,2
2026-06-01 23:02:53,48,20,D009,3
2026-06-01 23:02:53,36,20,D010,3
2026-06-01 13:05:03,38,16,D002,1
2026-06-01 13:05:03,44,16,D015,2
2026-06-01 15:12:29,56,9,D017,2
2026-06-01 15:12:29,45,9,D013,3
2026-06-01 18:50:37,108,18,D006,3
2026-06-02 20:00:57,12,2,D010,1
2026-06-02 20:00:57,114,2,D002,3
2026-06-02 12:44:56,126,17,D005,3
2026-06-02 12:44:56,84,17,D005,2
2026-06-02 12:44:56,38,17,D002,1
2026-06-02 12:44:56,15,17,D013,1
2026-06-02 14:03:54,40,6,D014,2
2026-06-02 14:03:54,20,6,D014,1
2026-06-02 14:03:54,66,6,D004,3
2026-06-02 20:08:45,44,18,D015,2
2026-06-02 20:08:45,48,18,D009,3
2026-06-02 20:08:45,108,18,D012,3
2026-06-02 14:29:26,66,17,D015,3
2026-06-02 12:55:28,44,11,D004,2
2026-06-02 12:55:28,48,11,D011,2
2026-06-02 12:55:28,126,11,D005,3
2026-06-02 12:55:28,18,11,D007,1
2026-06-02 14:29:37,30,1,D013,2
2026-06-02 14:29:37,60,1,D014,3
2026-06-02 20:28:31,28,16,D008,1
2026-06-02 20:28:31,28,16,D008,1
2026-06-02 20:28:31,84,16,D008,3
2026-06-02 20:28:31,72,16,D006,2
2026-06-02 13:28:25,64,5,D003,2
2026-06-02 13:28:25,16,5,D016,2
2026-06-02 09:54:19,44,6,D004,2
2026-06-02 09:54:19,44,6,D015,2
2026-06-02 09:54:19,96,6,D003,3
2026-06-02 09:54:19,108,6,D006,3
2026-06-02 09:10:08,56,8,D008,2
2026-06-02 18:19:16,24,2,D010,2
2026-06-02 18:19:16,32,2,D018,1
2026-06-02 15:54:13,48,4,D009,3
2026-06-02 15:54:13,45,4,D013,3
2026-06-02 15:54:13,72,4,D011,3
2026-06-02 06:46:22,24,9,D016,3
2026-06-02 06:46:22,114,9,D002,3
2026-06-02 06:46:22,18,9,D007,1
2026-06-02 06:46:22,96,9,D003,3
2026-06-02 09:36:32,84,20,D005,2
2026-06-02 09:36:32,66,20,D004,3
2026-06-02 12:00:17,126,14,D005,3
2026-06-02 12:00:17,76,14,D002,2
2026-06-02 13:20:53,48,18,D001,1
2026-06-02 06:34:55,22,3,D004,1
2026-06-02 06:34:55,32,3,D003,1
2026-06-02 08:10:52,44,18,D004,2
2026-06-02 08:10:52,32,18,D003,1
2026-06-02 08:10:52,38,18,D002,1
2026-06-02 18:47:12,28,5,D008,1
2026-06-02 18:47:12,32,5,D009,2
2026-06-02 18:47:12,28,5,D017,1
2026-06-02 12:48:26,22,8,D004,1
2026-06-02 12:48:26,42,8,D005,1
2026-06-02 12:36:21,66,20,D015,3
2026-06-02 12:20:16,44,5,D004,2
2026-06-02 12:20:16,64,5,D003,2
2026-06-02 12:20:16,8,5,D016,1
2026-06-02 12:20:16,24,5,D010,2
2026-06-02 20:05:49,28,9,D008,1
2026-06-02 20:05:49,24,9,D011,1
2026-06-02 14:21:43,28,2,D017,1
2026-06-02 08:12:40,36,18,D010,3
2026-06-02 08:12:40,72,18,D006,2
2026-06-02 08:12:40,64,18,D003,2
2026-06-02 11:40:09,48,6,D001,1
2026-06-02 11:40:09,44,6,D015,2
2026-06-02 11:40:09,66,6,D004,3
2026-06-02 11:40:09,8,6,D016,1
2026-06-02 17:43:47,44,8,D004,2
2026-06-02 17:43:47,96,8,D003,3
2026-06-02 13:33:56,108,11,D006,3
2026-06-02 13:33:56,36,11,D010,3
2026-06-02 19:16:03,30,8,D013,2
2026-06-02 19:16:03,32,8,D003,1
2026-06-02 19:16:03,22,8,D004,1
2026-06-02 19:16:03,42,8,D005,1
2026-06-02 13:21:06,72,3,D006,2
2026-06-02 13:21:06,38,3,D002,1
2026-06-02 11:13:06,48,4,D011,2
2026-06-02 11:13:06,38,4,D002,1
2026-06-02 11:13:06,28,4,D008,1
2026-06-02 11:13:06,108,4,D012,3
2026-06-02 22:48:50,36,16,D010,3
2026-06-02 22:48:50,84,16,D008,3
2026-06-02 22:48:50,96,16,D018,3
2026-06-02 22:48:50,48,16,D020,2
2026-06-02 13:17:17,44,8,D015,2
2026-06-02 13:32:28,36,6,D007,2
2026-06-02 13:32:28,76,6,D002,2
2026-06-02 13:32:28,36,6,D010,3
2026-06-02 13:42:07,66,10,D004,3
2026-06-02 13:42:07,126,10,D005,3
2026-06-02 13:42:07,48,10,D001,1
2026-06-02 16:44:33,28,4,D017,1
2026-06-02 16:44:33,22,4,D015,1
2026-06-02 19:13:47,96,9,D001,2
2026-06-03 01:35:52,16,8,D009,1
2026-06-03 01:35:52,15,8,D013,1
2026-06-03 01:35:52,72,8,D011,3
2026-06-02 07:05:31,84,17,D005,2
2026-06-02 07:05:31,36,17,D010,3
2026-06-02 07:05:31,12,17,D010,1
2026-06-02 15:40:27,40,14,D014,2
2026-06-02 15:40:27,36,14,D019,2
2026-06-02 15:40:27,45,14,D013,3
2026-06-02 15:40:27,84,14,D008,3
2026-06-02 12:41:11,30,16,D013,2
2026-06-02 12:41:11,36,16,D007,2
2026-06-02 12:41:11,84,16,D008,3
2026-06-02 12:41:11,28,16,D008,1
2026-06-02 12:01:31,64,14,D003,2
2026-06-02 12:01:31,36,14,D006,1
2026-06-02 12:38:12,114,2,D002,3
2026-06-02 12:38:12,22,2,D004,1
2026-06-02 12:38:12,108,2,D006,3
2026-06-02 12:38:12,96,2,D003,3
2026-06-03 00:58:43,16,9,D009,1
2026-06-02 18:38:08,84,17,D005,2
2026-06-02 18:38:08,96,17,D003,3
2026-06-02 18:38:08,114,17,D002,3
2026-06-02 13:30:21,144,3,D001,3
2026-06-02 13:30:21,64,3,D003,2
2026-06-02 20:01:44,56,9,D017,2
2026-06-02 20:01:44,84,9,D005,2
2026-06-02 11:55:09,22,6,D004,1
2026-06-02 11:55:09,28,6,D017,1
2026-06-02 11:55:09,66,6,D004,3
2026-06-02 11:55:09,66,6,D015,3
2026-06-02 15:02:13,8,3,D016,1
2026-06-02 23:50:41,56,4,D008,2
2026-06-02 23:50:41,20,4,D014,1
2026-06-02 23:50:41,18,4,D007,1
2026-06-02 23:50:41,48,4,D009,3
2026-06-02 06:42:40,84,10,D008,3
2026-06-02 12:24:50,64,20,D003,2
2026-06-02 12:24:50,66,20,D015,3
2026-06-02 21:35:18,54,4,D019,3
2026-06-02 21:35:18,126,4,D005,3
2026-06-02 21:35:18,18,4,D007,1
2026-06-02 21:35:18,28,4,D008,1
2026-06-02 19:39:39,22,8,D015,1
2026-06-02 19:39:39,40,8,D014,2
2026-06-02 13:35:24,32,4,D003,1
2026-06-02 12:50:48,32,5,D003,1
2026-06-02 12:50:48,36,5,D006,1
2026-06-02 12:50:48,48,5,D001,1
2026-06-02 09:21:57,44,13,D015,2
2026-06-02 09:21:57,66,13,D004,3
2026-06-02 09:21:57,84,13,D008,3
2026-06-02 09:21:57,28,13,D008,1
2026-06-02 19:57:57,72,20,D012,2
2026-06-02 19:57:57,16,20,D016,2
2026-06-02 15:21:29,44,7,D004,2
2026-06-02 15:21:29,16,7,D016,2
2026-06-02 15:21:29,44,7,D015,2
2026-06-02 21:06:35,30,3,D013,2
2026-06-02 21:06:35,15,3,D013,1
2026-06-02 15:50:47,32,7,D018,1
2026-06-02 18:56:46,44,2,D004,2
2026-06-02 18:56:46,40,2,D014,2
2026-06-02 20:08:44,28,1,D008,1
2026-06-02 13:21:18,72,17,D006,2
2026-06-02 13:21:18,12,17,D010,1
2026-06-02 13:01:02,72,5,D011,3
2026-06-02 13:01:02,8,5,D016,1
2026-06-02 13:01:02,76,5,D002,2
2026-06-02 08:05:30,36,11,D007,2
2026-06-02 08:05:30,38,11,D002,1
2026-06-02 08:05:30,20,11,D014,1
2026-06-02 09:35:30,30,18,D013,2
2026-06-02 09:35:30,56,18,D008,2
2026-06-02 09:35:30,48,18,D001,1
2026-06-02 09:35:30,24,18,D010,2
2026-06-02 15:39:56,24,4,D016,3
2026-06-02 15:39:56,24,4,D016,3
2026-06-02 15:39:56,30,4,D013,2
2026-06-02 15:39:56,16,4,D016,2
2026-06-02 11:37:36,48,18,D001,1
2026-06-02 11:37:36,96,18,D001,2
2026-06-02 11:37:36,114,18,D002,3
2026-06-02 11:37:36,84,18,D005,2
2026-06-02 11:45:42,36,1,D006,1
2026-06-02 12:54:37,38,3,D002,1
2026-06-02 12:54:37,56,3,D008,2
2026-06-02 12:54:37,40,3,D014,2
2026-06-02 14:59:39,30,8,D013,2
2026-06-02 14:59:39,30,8,D013,2
2026-06-02 14:59:39,72,8,D012,2
2026-06-02 14:59:39,60,8,D014,3
2026-06-02 11:17:59,8,6,D016,1
2026-06-02 11:17:59,54,6,D007,3
2026-06-02 11:17:59,54,6,D019,3
2026-06-02 11:17:59,66,6,D015,3
2026-06-02 20:51:28,54,7,D007,3
2026-06-02 20:51:28,96,7,D001,2
2026-06-02 08:59:26,36,20,D007,2
2026-06-02 08:59:26,144,20,D001,3
2026-06-02 08:59:26,76,20,D002,2
2026-06-02 08:59:26,66,20,D004,3
2026-06-02 08:55:38,32,11,D009,2
2026-06-02 08:55:38,144,11,D001,3
2026-06-02 08:55:38,36,11,D006,1
2026-06-02 08:55:38,45,11,D013,3
2026-06-02 20:08:38,96,2,D003,3
2026-06-02 20:08:38,42,2,D005,1
2026-06-02 20:08:38,64,2,D003,2
2026-06-02 13:39:56,96,7,D003,3
2026-06-02 18:14:58,144,1,D001,3
2026-06-02 18:14:58,108,1,D006,3
2026-06-02 18:14:58,84,1,D017,3
2026-06-02 18:14:58,108,1,D012,3
2026-06-02 12:42:30,42,15,D005,1
2026-06-02 12:42:30,48,15,D009,3
2026-06-02 12:42:30,18,15,D007,1
2026-06-02 12:42:30,108,15,D012,3
2026-06-02 11:07:35,22,13,D015,1
2026-06-02 11:07:35,24,13,D011,1
2026-06-02 13:27:10,56,10,D008,2
2026-06-02 13:27:10,96,10,D001,2
2026-06-02 13:48:40,126,3,D005,3
2026-06-02 13:48:40,72,3,D006,2
2026-06-02 17:01:55,32,14,D003,1
2026-06-02 17:01:55,15,14,D013,1
2026-06-03 00:49:55,108,16,D012,3
2026-06-03 00:49:55,144,16,D001,3
2026-06-03 00:49:55,15,16,D013,1
2026-06-03 00:49:55,84,16,D005,2
2026-06-02 18:05:51,54,1,D007,3
2026-06-02 18:05:51,84,1,D005,2
2026-06-02 15:02:09,24,1,D011,1
2026-06-02 15:02:09,48,1,D001,1
2026-06-02 15:02:09,72,1,D020,3
2026-06-02 16:43:07,24,5,D016,3
2026-06-02 16:43:07,36,5,D010,3
2026-06-02 11:21:52,48,10,D001,1
2026-06-02 14:18:34,66,4,D015,3
2026-06-02 13:41:26,144,14,D001,3
2026-06-02 13:41:26,84,14,D005,2
2026-06-02 13:41:26,126,14,D005,3
2026-06-02 13:41:26,66,14,D004,3
2026-06-03 17:45:24,64,2,D003,2
2026-06-03 15:29:09,24,4,D010,2
2026-06-03 15:29:09,126,4,D005,3
2026-06-03 15:29:09,30,4,D013,2
2026-06-03 13:21:43,42,10,D005,1
2026-06-03 19:26:22,144,7,D001,3
2026-06-03 15:48:44,16,10,D016,2
2026-06-03 15:48:44,48,10,D011,2
2026-06-03 15:48:44,18,10,D007,1
2026-06-03 15:48:44,48,10,D011,2
2026-06-03 19:37:22,72,8,D006,2
2026-06-03 19:37:22,76,8,D002,2
2026-06-03 19:37:22,48,8,D009,3
2026-06-03 16:56:02,22,5,D015,1
2026-06-03 16:56:02,18,5,D019,1
2026-06-03 16:56:02,108,5,D012,3
2026-06-03 19:54:19,32,11,D018,1
2026-06-03 14:40:55,72,14,D011,3
2026-06-03 22:16:46,28,1,D008,1
2026-06-03 06:52:36,38,14,D002,1
2026-06-03 06:52:36,16,14,D009,1
2026-06-03 18:45:38,22,15,D015,1
2026-06-03 18:45:38,96,15,D001,2
2026-06-03 18:45:38,15,15,D013,1
2026-06-03 13:19:25,8,12,D016,1
2026-06-03 13:19:25,72,12,D006,2
2026-06-03 19:12:43,42,15,D005,1
2026-06-03 19:12:43,66,15,D004,3
2026-06-03 19:12:43,96,15,D001,2
2026-06-03 19:12:43,36,15,D012,1
2026-06-03 17:32:47,72,6,D020,3
2026-06-03 17:32:47,36,6,D007,2
2026-06-03 17:32:47,22,6,D004,1
2026-06-03 17:32:47,114,6,D002,3
2026-06-03 23:20:40,24,15,D011,1
2026-06-03 23:20:40,60,15,D014,3
2026-06-03 23:20:40,32,15,D009,2
2026-06-03 23:20:40,24,15,D010,2
2026-06-03 17:34:18,96,9,D018,3
2026-06-03 17:34:18,72,9,D006,2
2026-06-03 17:34:18,76,9,D002,2
2026-06-03 07:41:16,56,2,D008,2
2026-06-03 07:41:16,44,2,D015,2
2026-06-03 20:22:52,28,19,D008,1
2026-06-03 20:22:52,38,19,D002,1
2026-06-03 13:05:56,30,10,D013,2
2026-06-03 13:05:56,84,10,D008,3
2026-06-03 07:28:24,56,4,D008,2
2026-06-03 07:28:24,38,4,D002,1
2026-06-03 07:28:24,60,4,D014,3
2026-06-03 13:10:36,38,18,D002,1
2026-06-03 13:10:36,22,18,D004,1
2026-06-03 06:04:25,24,11,D016,3
2026-06-03 06:04:25,36,11,D012,1
2026-06-03 06:04:25,44,11,D015,2
2026-06-03 06:04:25,32,11,D003,1
2026-06-03 14:40:51,32,14,D018,1
2026-06-03 18:19:41,96,6,D001,2
2026-06-03 18:19:41,44,6,D004,2
2026-06-03 18:19:41,76,6,D002,2
2026-06-03 11:31:03,72,4,D006,2
2026-06-03 11:31:03,44,4,D004,2
2026-06-03 14:34:53,15,16,D013,1
2026-06-03 14:34:53,12,16,D010,1
2026-06-03 14:34:53,8,16,D016,1
2026-06-03 12:53:08,114,2,D002,3
2026-06-03 12:53:08,36,2,D007,2
2026-06-03 12:53:08,44,2,D015,2
2026-06-03 08:47:03,45,7,D013,3
2026-06-03 08:47:03,108,7,D006,3
2026-06-03 08:47:03,38,7,D002,1
2026-06-03 08:47:03,48,7,D011,2
2026-06-03 18:55:09,84,17,D008,3
2026-06-03 18:55:09,48,17,D011,2
2026-06-03 14:41:58,16,7,D009,1
2026-06-03 14:41:58,48,7,D011,2
2026-06-03 14:41:58,48,7,D011,2
2026-06-03 06:14:48,22,12,D004,1
2026-06-03 06:14:48,84,12,D008,3
2026-06-03 06:14:48,18,12,D007,1
2026-06-03 06:14:48,28,12,D008,1
2026-06-03 16:56:54,32,15,D009,2
2026-06-03 14:16:03,36,5,D010,3
2026-06-03 14:16:03,32,5,D009,2
2026-06-03 18:03:45,32,6,D003,1
2026-06-03 18:03:45,32,6,D003,1
2026-06-03 12:58:33,36,14,D006,1
2026-06-03 12:58:33,36,14,D006,1
2026-06-03 12:58:33,60,14,D014,3
2026-06-03 12:58:33,36,14,D007,2
2026-06-03 17:50:29,66,9,D004,3
2026-06-03 12:08:21,56,9,D008,2
2026-06-03 12:08:21,36,9,D006,1
2026-06-03 12:08:21,96,9,D003,3
2026-06-03 20:53:46,126,9,D005,3
2026-06-03 20:53:46,32,9,D003,1
2026-06-03 18:50:12,42,7,D005,1
2026-06-03 18:50:12,56,7,D008,2
2026-06-03 18:50:12,64,7,D003,2
2026-06-03 17:13:25,48,13,D020,2
2026-06-03 17:13:25,36,13,D007,2
2026-06-03 17:13:25,18,13,D007,1
2026-06-03 15:11:06,40,2,D014,2
2026-06-03 15:11:06,60,2,D014,3
2026-06-03 15:11:06,24,2,D010,2
2026-06-03 15:11:06,48,2,D020,2
2026-06-03 13:18:02,32,19,D003,1
2026-06-03 13:18:02,64,19,D003,2
2026-06-03 13:18:02,44,19,D004,2
2026-06-03 12:59:31,22,12,D004,1
2026-06-03 12:59:31,48,12,D011,2
2026-06-03 12:59:31,45,12,D013,3
2026-06-03 12:49:13,44,17,D015,2
2026-06-03 12:49:13,66,17,D004,3
2026-06-03 12:49:13,108,17,D006,3
2026-06-03 13:19:54,20,6,D014,1
2026-06-03 13:19:54,60,6,D014,3
2026-06-03 13:19:54,22,6,D015,1
2026-06-03 13:19:54,38,6,D002,1
2026-06-03 18:32:39,18,15,D007,1
2026-06-03 18:32:39,22,15,D004,1
2026-06-03 18:32:39,126,15,D005,3
2026-06-03 18:32:39,72,15,D006,2
2026-06-03 16:54:26,24,13,D020,1
2026-06-03 16:54:26,66,13,D015,3
2026-06-03 14:55:06,40,4,D014,2
2026-06-03 14:55:06,72,4,D011,3
2026-06-03 14:55:06,8,4,D016,1
2026-06-03 07:53:26,36,3,D007,2
2026-06-03 09:24:43,24,20,D011,1
2026-06-03 11:39:31,96,19,D003,3
2026-06-03 11:39:31,32,19,D003,1
2026-06-03 11:39:31,72,19,D012,2
2026-06-03 11:39:31,16,19,D009,1
2026-06-03 07:12:41,84,3,D008,3
2026-06-03 07:12:41,96,3,D003,3
2026-06-03 11:29:10,36,16,D007,2
2026-06-03 11:29:10,44,16,D004,2
2026-06-03 11:29:10,24,16,D016,3
2026-06-03 11:29:10,64,16,D003,2
2026-06-03 12:48:12,48,5,D001,1
2026-06-03 12:48:12,96,5,D003,3
2026-06-03 12:48:12,108,5,D012,3
2026-06-03 12:48:12,36,5,D012,1
2026-06-04 00:03:25,16,14,D009,1
2026-06-04 00:03:25,32,14,D009,2
2026-06-04 00:03:25,56,14,D017,2
2026-06-04 00:03:25,40,14,D014,2
2026-06-03 16:35:37,32,13,D009,2
2026-06-03 16:35:37,22,13,D015,1
2026-06-03 21:18:57,44,17,D015,2
2026-06-03 20:59:23,64,9,D003,2
2026-06-03 20:59:23,72,9,D006,2
2026-06-03 20:59:23,30,9,D013,2
2026-06-03 20:48:01,108,19,D012,3
2026-06-03 20:48:01,72,19,D012,2
2026-06-03 17:51:25,66,4,D004,3
2026-06-03 17:51:25,12,4,D010,1
2026-06-03 19:52:26,126,2,D005,3
2026-06-03 19:52:26,126,2,D005,3
2026-06-03 16:42:58,48,1,D011,2
2026-06-03 07:25:48,48,11,D001,1
2026-06-03 07:25:48,54,11,D007,3
2026-06-03 07:25:48,36,11,D007,2
2026-06-03 07:25:48,15,11,D013,1
2026-06-03 12:43:02,32,9,D003,1
2026-06-03 12:43:02,12,9,D010,1
2026-06-03 12:43:02,36,9,D007,2
2026-06-03 07:28:44,76,13,D002,2
2026-06-03 07:28:44,36,13,D006,1
2026-06-03 07:28:44,96,13,D003,3
2026-06-03 20:36:09,18,11,D007,1
2026-06-03 16:37:40,40,13,D014,2
2026-06-03 16:37:40,36,13,D010,3
2026-06-03 07:31:04,66,8,D004,3
2026-06-03 07:31:04,22,8,D015,1
2026-06-03 07:31:04,44,8,D015,2
2026-06-03 16:42:40,72,3,D011,3
2026-06-03 16:42:40,20,3,D014,1
2026-06-03 14:29:02,72,4,D011,3
2026-06-03 17:00:13,18,15,D007,1
2026-06-03 17:00:13,108,15,D012,3
2026-06-03 17:00:13,114,15,D002,3
2026-06-03 17:00:13,24,15,D010,2
2026-06-03 17:19:18,48,2,D001,1
2026-06-03 18:12:51,18,12,D007,1
2026-06-03 18:12:51,32,12,D003,1
2026-06-03 18:12:51,56,12,D008,2
2026-06-03 18:12:51,16,12,D009,1
2026-06-03 16:20:16,24,19,D011,1
2026-06-03 16:20:16,66,19,D015,3
2026-06-03 16:20:16,40,19,D014,2
2026-06-03 16:20:16,32,19,D018,1
2026-06-03 20:40:09,66,19,D015,3
2026-06-03 20:40:09,66,19,D004,3
2026-06-03 09:50:35,24,13,D016,3
2026-06-03 09:50:35,22,13,D004,1
2026-06-03 09:50:35,84,13,D005,2
2026-06-03 09:50:35,96,13,D003,3
2026-06-03 08:56:25,22,16,D004,1
2026-06-03 08:56:25,84,16,D005,2
2026-06-03 08:56:25,108,16,D006,3
2026-06-03 08:56:25,36,16,D006,1
2026-06-04 00:52:27,32,6,D009,2
2026-06-03 19:46:03,108,6,D006,3
2026-06-03 19:46:03,36,6,D006,1
2026-06-03 19:46:03,36,6,D010,3
2026-06-03 19:46:03,28,6,D008,1
2026-06-03 17:38:03,108,13,D012,3
2026-06-03 17:38:03,38,13,D002,1
2026-06-04 00:54:23,36,8,D019,2
2026-06-04 00:54:23,126,8,D005,3
2026-06-03 13:17:40,60,11,D014,3
2026-06-03 06:19:14,22,15,D004,1
2026-06-03 06:19:14,96,15,D001,2
2026-06-03 06:05:33,84,4,D005,2
2026-06-03 17:29:39,48,6,D020,2
2026-06-03 17:29:39,84,6,D005,2
2026-06-03 17:29:39,44,6,D004,2
2026-06-03 14:54:56,20,18,D014,1
2026-06-03 14:54:56,16,18,D009,1
2026-06-03 14:54:56,54,18,D019,3
2026-06-03 19:37:15,36,14,D006,1
2026-06-03 19:37:15,32,14,D003,1
2026-06-03 19:37:15,8,14,D016,1
2026-06-03 12:01:24,84,7,D005,2
2026-06-03 12:01:24,36,7,D006,1
2026-06-03 12:01:24,114,7,D002,3
2026-06-03 12:01:24,12,7,D010,1
2026-06-03 11:11:01,44,18,D015,2
2026-06-03 11:11:01,32,18,D003,1
2026-06-03 11:11:01,56,18,D008,2
2026-06-03 11:11:01,96,18,D003,3
2026-06-03 17:24:56,36,17,D010,3
2026-06-03 17:24:56,72,17,D006,2
2026-06-03 17:24:56,30,17,D013,2
2026-06-03 17:24:56,66,17,D015,3
2026-06-03 15:24:03,24,3,D010,2
2026-06-03 15:24:03,48,3,D009,3
2026-06-03 15:24:03,22,3,D015,1
2026-06-03 15:24:03,30,3,D013,2
2026-06-03 09:58:13,64,20,D003,2
2026-06-03 09:58:13,45,20,D013,3
2026-06-03 15:20:59,48,2,D011,2
2026-06-03 15:20:59,60,2,D014,3
2026-06-03 17:25:02,66,3,D015,3
2026-06-03 17:25:02,18,3,D007,1
2026-06-03 17:25:02,30,3,D013,2
2026-06-03 16:54:45,12,4,D010,1
2026-06-03 16:54:45,96,4,D018,3
2026-06-03 16:54:45,8,4,D016,1
2026-06-03 06:59:58,22,14,D015,1
2026-06-03 06:59:58,8,14,D016,1
2026-06-03 06:59:58,144,14,D001,3
2026-06-03 06:59:58,96,14,D003,3
2026-06-03 13:14:25,32,14,D003,1
2026-06-03 13:14:25,24,14,D020,1
2026-06-03 13:14:25,84,14,D005,2
2026-06-03 13:14:25,16,14,D016,2
2026-06-03 07:25:30,66,12,D004,3
2026-06-03 07:25:30,36,12,D006,1
2026-06-03 07:25:30,16,12,D016,2
2026-06-03 22:00:35,144,16,D001,3
2026-06-03 22:00:35,12,16,D010,1
2026-06-03 22:00:35,24,16,D016,3
2026-06-03 13:47:15,36,20,D007,2
2026-06-03 13:47:15,36,20,D007,2
2026-06-03 13:47:15,40,20,D014,2
2026-06-03 18:21:06,48,5,D001,1
2026-06-03 18:21:06,24,5,D010,2
2026-06-03 18:21:06,60,5,D014,3
2026-06-03 12:08:11,20,2,D014,1
2026-06-03 12:08:11,54,2,D019,3
2026-06-03 12:08:11,76,2,D002,2
2026-06-03 12:08:11,144,2,D001,3
2026-06-03 11:38:36,84,1,D008,3
2026-06-03 11:38:36,36,1,D012,1
2026-06-03 11:38:36,48,1,D001,1
2026-06-03 11:38:36,96,1,D003,3
2026-06-03 18:57:20,84,13,D005,2
2026-06-03 18:57:20,16,13,D016,2
2026-06-03 15:41:15,56,4,D017,2
2026-06-03 15:41:15,36,4,D019,2
2026-06-03 15:41:15,15,4,D013,1
2026-06-03 15:41:15,15,4,D013,1
2026-06-03 14:55:37,24,3,D016,3
2026-06-03 20:32:31,18,19,D007,1
2026-06-03 19:16:54,108,7,D006,3
2026-06-03 19:16:54,30,7,D013,2
2026-06-03 19:16:54,24,7,D016,3
2026-06-04 12:40:23,114,20,D002,3
2026-06-04 12:40:23,64,20,D003,2
2026-06-04 12:40:23,48,20,D001,1
2026-06-04 14:07:11,48,14,D009,3
2026-06-04 14:07:11,72,14,D020,3
2026-06-04 14:07:11,45,14,D013,3
2026-06-04 14:07:11,24,14,D011,1
2026-06-04 11:30:57,96,13,D001,2
2026-06-04 11:30:57,40,13,D014,2
2026-06-04 14:41:45,20,13,D014,1
2026-06-04 14:41:45,84,13,D017,3
2026-06-04 15:32:50,22,7,D015,1
2026-06-04 15:32:50,48,7,D009,3
2026-06-04 13:48:00,22,17,D004,1
2026-06-04 13:48:00,108,17,D012,3
2026-06-04 17:32:16,42,6,D005,1
2026-06-04 17:32:16,108,6,D006,3
2026-06-05 00:06:05,28,16,D008,1
2026-06-04 12:11:29,32,1,D003,1
2026-06-04 11:13:27,144,10,D001,3
2026-06-04 11:13:27,36,10,D019,2
2026-06-04 11:13:27,30,10,D013,2
2026-06-04 13:46:13,36,14,D006,1
2026-06-04 12:42:46,32,14,D009,2
2026-06-04 12:42:46,32,14,D003,1
2026-06-04 12:42:46,54,14,D007,3
2026-06-04 18:49:27,36,20,D006,1
2026-06-04 18:49:27,28,20,D008,1
2026-06-04 18:49:27,48,20,D011,2
2026-06-04 13:35:16,96,3,D001,2
2026-06-04 13:35:16,36,3,D010,3
2026-06-04 13:35:16,54,3,D007,3
2026-06-04 13:17:07,64,2,D003,2
2026-06-04 13:17:07,56,2,D008,2
2026-06-04 13:17:07,60,2,D014,3
2026-06-04 20:25:36,126,19,D005,3
2026-06-04 20:25:36,84,19,D008,3
2026-06-04 20:25:36,96,19,D003,3
2026-06-04 20:25:36,114,19,D002,3
2026-06-04 14:04:23,30,12,D013,2
2026-06-04 07:02:18,54,18,D007,3
2026-06-04 07:02:18,15,18,D013,1
2026-06-04 07:02:18,48,18,D009,3
2026-06-04 07:02:18,48,18,D009,3
2026-06-05 01:33:18,108,3,D012,3
2026-06-05 01:33:18,60,3,D014,3
2026-06-04 17:15:53,48,7,D009,3
2026-06-04 17:15:53,72,7,D012,2
2026-06-04 17:15:53,66,7,D004,3
2026-06-04 17:13:59,66,5,D004,3
2026-06-04 17:13:59,144,5,D001,3
2026-06-04 17:13:59,64,5,D018,2
2026-06-04 17:13:59,24,5,D016,3
2026-06-04 09:38:14,48,2,D001,1
2026-06-04 09:38:14,20,2,D014,1
2026-06-04 09:38:14,24,2,D016,3
2026-06-04 09:38:14,24,2,D016,3
2026-06-04 17:09:03,54,10,D007,3
2026-06-04 17:09:03,24,10,D020,1
2026-06-04 17:09:03,15,10,D013,1
2026-06-04 17:09:03,96,10,D003,3
2026-06-04 13:34:32,84,6,D008,3
2026-06-04 13:34:32,96,6,D001,2
2026-06-04 23:02:06,36,7,D012,1
2026-06-04 23:02:06,22,7,D015,1
2026-06-04 23:02:06,22,7,D015,1
2026-06-04 13:31:23,72,16,D006,2
2026-06-04 13:31:23,114,16,D002,3
2026-06-04 13:31:23,42,16,D005,1
2026-06-04 13:31:23,84,16,D008,3
2026-06-04 18:07:22,16,17,D009,1
2026-06-04 18:07:22,72,17,D012,2
2026-06-04 18:07:22,24,17,D011,1
2026-06-04 18:07:22,16,17,D009,1
2026-06-04 11:00:55,108,6,D006,3
2026-06-04 11:00:55,72,6,D006,2
2026-06-04 20:48:47,18,1,D007,1
2026-06-04 20:48:47,64,1,D003,2
2026-06-04 20:48:47,66,1,D015,3
2026-06-04 20:48:47,15,1,D013,1
2026-06-04 09:29:17,15,11,D013,1
2026-06-04 09:29:17,28,11,D008,1
2026-06-04 09:29:17,20,11,D014,1
2026-06-04 07:15:01,36,17,D006,1
2026-06-04 07:15:01,66,17,D004,3
2026-06-04 07:15:01,32,17,D003,1
2026-06-04 17:54:57,32,2,D003,1
2026-06-04 14:45:12,24,10,D016,3
2026-06-04 14:45:12,72,10,D011,3
2026-06-04 14:45:12,30,10,D013,2
2026-06-04 15:41:33,108,6,D012,3
2026-06-04 15:41:33,66,6,D015,3
2026-06-04 15:41:33,60,6,D014,3
2026-06-04 12:23:06,32,13,D003,1
2026-06-04 12:23:06,48,13,D001,1
2026-06-04 11:23:47,108,18,D012,3
2026-06-04 11:23:47,126,18,D005,3
2026-06-04 13:19:28,48,7,D001,1
2026-06-04 13:19:28,44,7,D015,2
2026-06-04 13:19:28,18,7,D019,1
2026-06-04 13:19:28,126,7,D005,3
2026-06-04 15:23:06,42,4,D005,1
2026-06-04 15:23:06,45,4,D013,3
2026-06-04 15:23:06,60,4,D014,3
2026-06-04 12:22:48,32,14,D003,1
2026-06-04 12:36:38,36,1,D006,1
2026-06-04 12:36:38,144,1,D001,3
2026-06-04 12:55:57,96,12,D001,2
2026-06-04 08:37:56,24,18,D016,3
2026-06-04 08:37:56,38,18,D002,1
2026-06-04 08:37:56,48,18,D009,3
2026-06-04 08:37:56,108,18,D006,3
2026-06-04 11:41:22,36,3,D006,1
2026-06-04 11:41:22,56,3,D008,2
2026-06-04 13:01:48,108,18,D006,3
2026-06-04 13:01:48,24,18,D011,1
2026-06-04 13:01:48,22,18,D004,1
2026-06-04 13:40:28,108,20,D006,3
2026-06-04 12:35:11,18,9,D019,1
2026-06-04 12:35:11,54,9,D007,3
2026-06-04 12:35:11,48,9,D009,3
2026-06-04 15:24:12,22,18,D015,1
2026-06-04 15:24:12,36,18,D012,1
2026-06-04 20:07:06,36,2,D006,1
2026-06-04 09:37:02,15,19,D013,1
2026-06-04 09:37:02,54,19,D007,3
2026-06-04 18:34:02,72,20,D006,2
2026-06-04 18:34:02,54,20,D007,3
2026-06-04 18:34:02,56,20,D008,2
2026-06-04 18:34:02,18,20,D019,1
2026-06-04 12:48:01,36,13,D007,2
2026-06-04 12:48:01,8,13,D016,1
2026-06-04 12:48:01,36,13,D007,2
2026-06-04 08:23:50,66,6,D015,3
2026-06-04 08:23:50,72,6,D006,2
2026-06-04 08:23:50,44,6,D004,2
2026-06-04 08:23:50,44,6,D004,2
2026-06-04 13:39:58,16,7,D009,1
2026-06-04 13:39:58,18,7,D007,1
2026-06-04 13:39:58,8,7,D016,1
2026-06-04 13:39:58,36,7,D019,2
2026-06-04 13:59:05,54,10,D007,3
2026-06-04 13:59:05,66,10,D004,3
2026-06-04 13:59:05,28,10,D008,1
2026-06-04 13:59:05,44,10,D004,2
2026-06-04 21:26:49,108,18,D012,3
2026-06-04 21:26:49,66,18,D015,3
2026-06-04 21:26:49,16,18,D009,1
2026-06-04 21:26:49,48,18,D009,3
2026-06-04 18:31:05,45,15,D013,3
2026-06-04 18:31:05,15,15,D013,1
2026-06-04 18:31:05,44,15,D004,2
2026-06-04 18:31:05,16,15,D016,2
2026-06-05 00:14:09,36,4,D012,1
2026-06-04 21:50:36,126,20,D005,3
2026-06-04 11:54:34,66,17,D015,3
2026-06-04 11:54:34,64,17,D003,2
2026-06-04 11:54:34,36,17,D007,2
2026-06-04 11:54:34,36,17,D007,2
2026-06-04 19:46:34,66,1,D015,3
2026-06-04 19:46:34,126,1,D005,3
2026-06-04 19:46:34,108,1,D006,3
2026-06-04 19:46:34,36,1,D007,2
2026-06-04 12:30:42,72,8,D006,2
2026-06-04 12:30:42,38,8,D002,1
2026-06-04 12:30:42,76,8,D002,2
2026-06-04 12:30:42,48,8,D011,2
2026-06-04 17:53:02,24,6,D020,1
2026-06-04 20:11:33,84,8,D005,2
2026-06-04 20:30:52,44,17,D015,2
2026-06-04 20:30:52,114,17,D002,3
2026-06-04 20:30:52,48,17,D001,1
2026-06-04 11:41:16,72,17,D020,3
2026-06-04 11:41:16,28,17,D008,1
2026-06-04 17:26:09,15,9,D013,1
2026-06-04 18:41:41,96,20,D003,3
2026-06-04 18:41:41,96,20,D001,2
2026-06-04 18:41:41,32,20,D003,1
2026-06-04 18:41:41,144,20,D001,3
2026-06-05 00:21:52,15,17,D013,1
2026-06-05 00:21:52,108,17,D006,3
2026-06-04 17:03:01,28,10,D008,1
2026-06-04 17:03:01,24,10,D010,2
2026-06-04 17:03:01,28,10,D008,1
2026-06-04 19:38:39,48,11,D001,1
2026-06-04 19:38:39,96,11,D003,3
2026-06-04 19:38:39,28,11,D008,1
2026-06-04 16:24:23,66,17,D015,3
2026-06-04 16:24:23,108,17,D012,3
2026-06-05 01:57:40,38,9,D002,1
2026-06-05 01:57:40,84,9,D008,3
2026-06-05 01:57:40,36,9,D019,2
2026-06-04 15:31:38,36,6,D012,1
2026-06-04 15:31:38,72,6,D020,3
2026-06-04 23:23:04,45,12,D013,3
2026-06-04 23:23:04,28,12,D008,1
2026-06-04 16:55:41,24,11,D010,2
2026-06-04 19:14:23,72,8,D011,3
2026-06-04 20:01:03,96,3,D018,3
2026-06-04 20:01:03,22,3,D004,1
2026-06-04 20:01:03,36,3,D006,1
2026-06-04 20:01:03,64,3,D018,2
2026-06-04 14:41:05,24,5,D016,3
2026-06-04 14:41:05,66,5,D015,3
2026-06-04 14:41:05,24,5,D020,1
2026-06-04 15:14:00,16,8,D009,1
2026-06-05 01:56:41,42,6,D005,1
2026-06-05 01:56:41,36,6,D012,1
2026-06-05 01:56:41,42,6,D005,1
2026-06-05 01:56:41,66,6,D004,3
2026-06-04 14:49:34,12,15,D010,1
2026-06-04 16:23:28,12,13,D010,1
2026-06-04 16:23:28,48,13,D020,2
2026-06-04 13:14:15,44,9,D015,2
2026-06-04 13:14:15,36,9,D007,2
2026-06-04 13:14:15,48,9,D020,2
2026-06-04 13:14:15,8,9,D016,1
2026-06-04 20:46:55,44,16,D015,2
2026-06-04 20:46:55,30,16,D013,2
2026-06-04 08:56:04,24,15,D016,3
2026-06-04 19:28:15,28,20,D008,1
2026-06-04 12:52:22,76,17,D002,2
2026-06-04 12:52:22,60,17,D014,3
2026-06-04 12:52:22,56,17,D008,2
2026-06-04 13:02:00,16,17,D009,1
2026-06-04 13:02:00,48,17,D009,3
2026-06-04 11:26:43,96,13,D003,3
2026-06-04 11:26:43,28,13,D017,1
2026-06-04 11:26:43,18,13,D007,1
2026-06-04 11:26:43,24,13,D010,2
2026-06-04 06:00:15,8,10,D016,1
2026-06-04 06:00:15,48,10,D011,2
2026-06-04 06:00:15,48,10,D011,2
2026-06-04 06:00:15,24,10,D010,2
2026-06-04 16:44:58,30,8,D013,2
2026-06-04 16:44:58,24,8,D016,3
2026-06-04 16:36:29,32,8,D009,2
2026-06-04 11:57:14,72,12,D006,2
2026-06-04 11:57:14,60,12,D014,3
2026-06-04 11:57:14,38,12,D002,1
2026-06-04 11:57:14,84,12,D008,3
2026-06-04 22:20:49,36,3,D007,2
2026-06-04 22:20:49,72,3,D011,3
2026-06-04 18:58:22,66,1,D015,3
2026-06-04 18:58:22,28,1,D017,1
2026-06-04 18:58:22,48,1,D001,1
2026-06-04 18:58:22,36,1,D006,1
2026-06-04 19:36:55,114,5,D002,3
2026-06-04 19:36:55,24,5,D020,1
2026-06-04 19:23:55,8,11,D016,1
2026-06-04 19:23:55,54,11,D007,3
2026-06-04 19:23:55,54,11,D007,3
2026-06-04 19:23:55,44,11,D004,2
2026-06-04 07:13:46,66,6,D015,3
2026-06-04 18:45:34,44,16,D015,2
2026-06-04 18:45:34,44,16,D004,2
2026-06-04 18:45:34,126,16,D005,3
2026-06-04 15:14:34,72,19,D011,3
2026-06-04 12:39:05,84,14,D005,2
2026-06-04 12:39:05,15,14,D013,1
2026-06-04 15:49:20,96,8,D018,3
2026-06-04 15:49:20,48,8,D011,2
2026-06-04 15:49:20,48,8,D009,3
2026-06-04 15:49:20,15,8,D013,1
2026-06-04 18:17:20,96,12,D003,3
2026-06-04 18:17:20,64,12,D003,2
2026-06-04 18:17:20,114,12,D002,3
2026-06-04 18:17:20,72,12,D020,3
2026-06-04 23:09:46,36,5,D010,3
2026-06-04 23:09:46,72,5,D012,2
2026-06-04 17:23:55,126,4,D005,3
2026-06-04 17:23:55,96,4,D003,3
2026-06-04 17:23:55,54,4,D007,3
2026-06-04 17:23:55,54,4,D007,3
2026-06-04 11:38:19,36,5,D012,1
2026-06-04 14:01:50,64,18,D003,2
2026-06-04 14:01:50,44,18,D015,2
2026-06-04 14:01:50,108,18,D012,3
2026-06-04 14:36:05,30,8,D013,2
2026-06-04 14:36:05,24,8,D016,3
2026-06-04 14:36:05,36,8,D012,1
2026-06-04 14:36:05,12,8,D010,1
2026-06-04 11:09:08,96,4,D003,3
2026-06-04 11:09:08,30,4,D013,2
2026-06-04 11:09:08,48,4,D001,1
2026-06-04 17:47:02,54,12,D007,3
2026-06-04 17:47:02,45,12,D013,3
2026-06-04 17:47:02,96,12,D003,3
2026-06-04 17:47:02,96,12,D003,3
2026-06-04 20:09:24,66,5,D004,3
2026-06-04 13:25:40,144,11,D001,3
2026-06-04 13:25:40,114,11,D002,3
2026-06-04 13:25:40,54,11,D007,3
2026-06-04 13:25:40,84,11,D008,3
2026-06-04 17:54:04,42,20,D005,1
2026-06-04 17:54:04,15,20,D013,1
2026-06-05 07:40:45,76,11,D002,2
2026-06-05 07:40:45,60,11,D014,3
2026-06-05 13:42:01,38,10,D002,1
2026-06-05 13:20:13,48,5,D001,1
2026-06-05 13:20:13,44,5,D015,2
2026-06-05 07:10:36,40,14,D014,2
2026-06-05 07:10:36,18,14,D007,1
2026-06-05 08:37:35,54,14,D007,3
2026-06-05 14:04:30,64,18,D018,2
2026-06-05 06:09:46,76,11,D002,2
2026-06-05 22:28:04,22,6,D004,1
2026-06-05 22:28:04,44,6,D004,2
2026-06-05 22:28:04,24,6,D010,2
2026-06-05 22:28:04,38,6,D002,1
2026-06-05 17:44:10,108,10,D006,3
2026-06-05 17:44:10,108,10,D006,3
2026-06-05 08:10:40,36,6,D012,1
2026-06-05 18:46:36,32,12,D003,1
2026-06-05 18:46:36,42,12,D005,1
2026-06-05 18:46:36,24,12,D010,2
2026-06-05 18:46:36,42,12,D005,1
2026-06-05 12:27:53,36,5,D006,1
2026-06-05 12:27:53,22,5,D004,1
2026-06-05 08:13:06,42,1,D005,1
2026-06-05 08:13:06,126,1,D005,3
2026-06-05 08:13:06,144,1,D001,3
2026-06-05 23:10:08,28,4,D017,1
2026-06-05 17:49:34,32,4,D003,1
2026-06-05 17:49:34,22,4,D015,1
2026-06-05 17:49:34,66,4,D015,3
2026-06-05 13:18:21,144,18,D001,3
2026-06-05 13:18:21,22,18,D004,1
2026-06-05 13:18:21,72,18,D006,2
2026-06-05 16:48:28,15,5,D013,1
2026-06-05 07:56:58,72,10,D012,2
2026-06-05 07:56:58,30,10,D013,2
2026-06-05 07:56:58,64,10,D003,2
2026-06-05 18:19:50,44,20,D004,2
2026-06-05 18:19:50,16,20,D009,1
2026-06-05 18:19:50,44,20,D004,2
2026-06-05 15:21:13,60,18,D014,3
2026-06-05 15:20:36,72,17,D020,3
2026-06-05 15:20:36,16,17,D009,1
2026-06-05 13:52:28,108,7,D006,3
2026-06-05 13:52:28,42,7,D005,1
2026-06-05 13:52:28,114,7,D002,3
2026-06-05 13:18:09,28,3,D008,1
2026-06-05 13:18:09,72,3,D012,2
2026-06-05 13:18:09,84,3,D005,2
2026-06-05 18:32:45,96,1,D001,2
2026-06-05 18:32:45,22,1,D015,1
2026-06-05 18:32:45,60,1,D014,3
2026-06-05 18:32:45,126,1,D005,3
2026-06-05 18:54:39,20,6,D014,1
2026-06-05 18:54:39,8,6,D016,1
2026-06-05 18:54:39,84,6,D008,3
2026-06-05 18:54:39,76,6,D002,2
2026-06-05 07:26:57,144,13,D001,3
2026-06-05 13:23:50,36,1,D007,2
2026-06-05 13:23:50,76,1,D002,2
2026-06-05 14:12:32,114,18,D002,3
2026-06-05 08:07:29,36,7,D007,2
2026-06-05 08:07:29,96,7,D001,2
2026-06-05 08:07:29,76,7,D002,2
2026-06-05 14:15:42,32,2,D009,2
2026-06-05 14:15:42,32,2,D009,2
2026-06-05 14:15:42,60,2,D014,3
2026-06-05 18:16:27,64,2,D018,2
2026-06-05 13:31:37,38,3,D002,1
2026-06-05 18:32:54,44,3,D015,2
2026-06-05 18:32:54,54,3,D019,3
2026-06-05 18:32:54,16,3,D016,2
2026-06-05 18:32:54,15,3,D013,1
2026-06-05 15:36:29,18,3,D007,1
2026-06-05 15:36:29,16,3,D009,1
2026-06-05 15:36:29,30,3,D013,2
2026-06-05 15:36:29,48,3,D009,3
2026-06-05 18:12:33,84,14,D008,3
2026-06-05 16:25:43,45,2,D013,3
2026-06-05 16:56:22,22,2,D015,1
2026-06-05 16:56:22,24,2,D016,3
2026-06-05 20:35:58,64,1,D003,2
2026-06-05 20:35:58,44,1,D004,2
2026-06-05 14:57:28,54,8,D019,3
2026-06-05 14:57:28,24,8,D016,3
2026-06-05 14:57:28,108,8,D012,3
2026-06-05 14:57:28,45,8,D013,3
2026-06-05 19:54:29,15,11,D013,1
2026-06-05 19:54:29,48,11,D020,2
2026-06-05 19:54:29,36,11,D006,1
2026-06-05 19:54:29,64,11,D018,2
2026-06-05 21:07:14,32,19,D009,2
2026-06-05 21:07:14,24,19,D016,3
2026-06-05 21:07:14,114,19,D002,3
2026-06-05 21:07:14,48,19,D011,2
2026-06-05 13:19:17,54,4,D007,3
2026-06-05 13:19:17,66,4,D004,3
2026-06-05 13:19:17,144,4,D001,3
2026-06-05 18:13:31,126,9,D005,3
2026-06-05 18:13:31,48,9,D009,3
2026-06-05 18:13:31,32,9,D003,1
2026-06-05 18:13:31,45,9,D013,3
2026-06-05 17:49:27,44,11,D004,2
2026-06-05 17:49:27,28,11,D017,1
2026-06-05 17:49:27,114,11,D002,3
2026-06-05 13:23:25,64,12,D003,2
2026-06-05 13:23:25,28,12,D008,1
2026-06-05 13:23:25,56,12,D008,2
2026-06-05 13:23:25,108,12,D006,3
2026-06-05 11:46:29,66,13,D004,3
2026-06-05 11:46:29,72,13,D006,2
2026-06-05 11:46:29,36,13,D012,1
2026-06-05 11:46:29,45,13,D013,3
2026-06-05 08:35:13,84,6,D005,2
2026-06-05 13:11:08,126,17,D005,3
2026-06-05 13:11:08,28,17,D008,1
2026-06-05 13:11:08,126,17,D005,3
2026-06-05 06:49:51,16,8,D009,1
2026-06-06 01:00:47,66,4,D015,3
2026-06-06 01:00:47,16,4,D016,2
2026-06-06 01:00:47,24,4,D011,1
2026-06-05 13:29:07,108,3,D012,3
2026-06-05 13:29:07,72,3,D006,2
2026-06-05 13:29:07,84,3,D005,2
2026-06-05 13:29:07,28,3,D008,1
2026-06-05 11:02:59,38,19,D002,1
2026-06-05 11:02:59,54,19,D007,3
2026-06-05 13:44:23,144,19,D001,3
2026-06-05 13:44:23,42,19,D005,1
2026-06-05 13:44:23,36,19,D006,1
2026-06-05 12:17:35,42,6,D005,1
2026-06-05 11:41:59,28,3,D008,1
2026-06-05 11:41:59,16,3,D016,2
2026-06-05 07:37:42,45,4,D013,3
2026-06-05 07:37:42,36,4,D007,2
2026-06-05 07:37:42,76,4,D002,2
2026-06-05 07:37:42,54,4,D007,3
2026-06-05 13:45:27,48,11,D011,2
2026-06-05 13:45:27,48,11,D011,2
2026-06-05 20:20:16,44,12,D004,2
2026-06-05 13:52:00,96,19,D003,3
2026-06-05 13:52:00,22,19,D004,1
2026-06-05 13:52:00,36,19,D007,2
2026-06-05 13:52:00,48,19,D009,3
2026-06-05 19:51:42,144,4,D001,3
2026-06-05 19:51:42,42,4,D005,1
2026-06-05 19:51:42,24,4,D020,1
2026-06-05 12:56:08,8,3,D016,1
2026-06-05 12:56:08,72,3,D020,3
2026-06-05 12:56:08,22,3,D015,1
2026-06-05 18:09:58,72,13,D020,3
2026-06-05 18:09:58,44,13,D004,2
2026-06-05 06:27:11,36,20,D007,2
2026-06-05 17:45:45,38,15,D002,1
2026-06-05 17:45:45,48,15,D009,3
2026-06-05 17:45:45,108,15,D012,3
2026-06-05 17:45:45,22,15,D004,1
2026-06-05 17:05:08,36,14,D006,1
2026-06-05 17:05:08,96,14,D001,2
2026-06-05 19:34:53,48,6,D001,1
2026-06-05 19:34:53,22,6,D004,1
2026-06-05 19:34:53,114,6,D002,3
2026-06-05 18:44:19,96,13,D003,3
2026-06-05 18:44:19,40,13,D014,2
2026-06-05 09:01:38,54,18,D007,3
2026-06-05 09:01:38,44,18,D015,2
2026-06-05 06:44:39,30,4,D013,2
2026-06-05 06:44:39,36,4,D007,2
2026-06-05 06:44:39,96,4,D003,3
2026-06-05 16:09:38,24,15,D016,3
2026-06-05 16:09:38,24,15,D011,1
2026-06-05 16:09:38,72,15,D012,2
2026-06-05 16:09:38,56,15,D008,2
2026-06-05 14:02:58,48,20,D011,2
2026-06-05 14:02:58,36,20,D019,2
2026-06-05 14:02:58,16,20,D009,1
2026-06-05 15:42:48,72,19,D011,3
2026-06-05 11:45:36,16,14,D016,2
2026-06-05 11:45:36,84,14,D008,3
2026-06-05 11:45:36,44,14,D004,2
2026-06-05 20:09:03,16,6,D009,1
2026-06-05 20:09:03,54,6,D019,3
2026-06-05 20:09:03,30,6,D013,2
2026-06-05 12:59:57,8,19,D016,1
2026-06-05 12:59:57,18,19,D007,1
2026-06-05 12:26:37,72,4,D006,2
2026-06-05 12:26:37,36,4,D010,3
2026-06-05 12:26:37,114,4,D002,3
2026-06-05 12:26:37,96,4,D001,2
2026-06-05 20:10:43,114,14,D002,3
2026-06-05 20:10:43,114,14,D002,3
2026-06-05 20:10:43,42,14,D005,1
2026-06-05 20:10:43,64,14,D018,2
2026-06-05 17:07:48,18,1,D007,1
2026-06-05 17:07:48,15,1,D013,1
2026-06-05 17:07:48,32,1,D009,2
2026-06-05 19:16:07,22,15,D015,1
2026-06-05 09:46:41,96,14,D003,3
2026-06-05 20:42:20,84,16,D005,2
2026-06-05 20:42:20,38,16,D002,1
2026-06-05 13:22:42,32,8,D009,2
2026-06-05 13:22:42,20,8,D014,1
2026-06-05 13:22:42,54,8,D007,3
2026-06-05 13:22:42,66,8,D015,3
2026-06-06 16:44:00,40,11,D014,2
2026-06-06 13:01:39,36,15,D010,3
2026-06-06 13:01:39,20,15,D014,1
2026-06-06 13:01:39,72,15,D006,2
2026-06-06 11:55:07,48,5,D011,2
2026-06-06 11:55:07,36,5,D007,2
2026-06-06 11:55:07,28,5,D008,1
2026-06-06 11:55:07,18,5,D007,1
2026-06-06 18:07:07,96,1,D003,3
2026-06-06 18:07:07,48,1,D001,1
2026-06-06 18:07:07,76,1,D002,2
2026-06-06 18:07:07,20,1,D014,1
2026-06-06 17:38:08,96,4,D001,2
2026-06-06 17:38:08,96,4,D003,3
2026-06-06 17:38:08,36,4,D006,1
2026-06-06 17:38:08,66,4,D015,3
2026-06-06 12:25:18,16,3,D016,2
2026-06-06 18:22:54,72,4,D006,2
2026-06-06 18:22:54,66,4,D004,3
2026-06-06 18:22:54,84,4,D005,2
2026-06-06 11:27:08,28,17,D017,1
2026-06-06 11:27:08,42,17,D005,1
2026-06-06 11:27:08,42,17,D005,1
2026-06-06 14:33:06,22,17,D015,1
2026-06-06 14:33:06,60,17,D014,3
2026-06-06 14:33:06,24,17,D011,1
2026-06-06 14:33:06,30,17,D013,2
2026-06-07 00:36:14,15,3,D013,1
2026-06-07 00:36:14,60,3,D014,3
2026-06-07 00:36:14,72,3,D011,3
2026-06-07 00:36:14,45,3,D013,3
2026-06-06 09:51:10,30,1,D013,2
2026-06-07 00:35:34,24,3,D016,3
2026-06-07 00:35:34,96,3,D018,3
2026-06-06 18:41:59,22,11,D015,1
2026-06-06 18:41:59,32,11,D018,1
2026-06-06 18:41:59,144,11,D001,3
2026-06-06 08:07:43,84,9,D005,2
2026-06-06 19:28:12,8,6,D016,1
2026-06-06 19:28:12,18,6,D007,1
2026-06-06 19:28:12,42,6,D005,1
2026-06-06 07:40:16,24,5,D010,2
2026-06-06 07:40:16,96,5,D001,2
2026-06-06 07:40:16,36,5,D012,1
2026-06-06 07:40:16,22,5,D004,1
2026-06-06 13:51:49,84,12,D005,2
2026-06-06 13:51:49,48,12,D001,1
2026-06-06 13:51:49,42,12,D005,1
2026-06-06 16:25:36,66,15,D015,3
2026-06-06 16:25:36,40,15,D014,2
2026-06-06 16:25:36,36,15,D010,3
2026-06-06 11:47:34,20,15,D014,1
2026-06-06 11:47:34,84,15,D005,2
2026-06-06 11:47:34,30,15,D013,2
2026-06-06 11:47:34,24,15,D016,3
2026-06-06 18:51:28,45,11,D013,3
2026-06-06 18:51:28,40,11,D014,2
2026-06-06 18:51:28,56,11,D008,2
2026-06-06 18:51:28,96,11,D003,3
2026-06-06 12:45:14,15,9,D013,1
2026-06-06 12:45:14,72,9,D006,2
2026-06-06 12:45:14,66,9,D004,3
2026-06-06 09:11:59,36,13,D006,1
2026-06-07 01:12:25,72,1,D011,3
2026-06-07 01:12:25,64,1,D018,2
2026-06-06 12:02:44,126,15,D005,3
2026-06-06 12:02:44,114,15,D002,3
2026-06-06 12:02:44,144,15,D001,3
2026-06-06 23:10:55,48,8,D001,1
2026-06-06 23:10:55,36,8,D012,1
2026-06-06 15:47:37,108,17,D012,3
2026-06-06 15:47:37,16,17,D009,1
2026-06-06 15:47:37,22,17,D015,1
2026-06-06 15:47:37,24,17,D011,1
2026-06-06 15:44:29,12,17,D010,1
2026-06-06 15:44:29,22,17,D015,1
2026-06-06 11:08:18,72,2,D012,2
2026-06-06 11:08:18,72,2,D006,2
2026-06-06 11:08:18,44,2,D004,2
2026-06-06 11:08:18,30,2,D013,2
2026-06-06 22:19:41,8,8,D016,1
2026-06-06 22:19:41,114,8,D002,3
2026-06-06 22:19:41,36,8,D010,3
2026-06-06 22:19:41,36,8,D019,2
2026-06-06 06:26:32,44,16,D004,2
2026-06-06 06:26:32,28,16,D008,1
2026-06-06 13:48:35,54,10,D007,3
2026-06-06 13:48:35,18,10,D019,1
2026-06-06 12:29:22,32,5,D003,1
2026-06-06 12:33:21,22,14,D004,1
2026-06-06 12:33:21,114,14,D002,3
2026-06-06 12:33:21,66,14,D004,3
2026-06-06 11:09:57,72,17,D006,2
2026-06-06 11:09:57,84,17,D017,3
2026-06-06 13:17:45,114,8,D002,3
2026-06-06 13:17:45,32,8,D003,1
2026-06-06 13:17:45,38,8,D002,1
2026-06-06 09:57:18,38,10,D002,1
2026-06-06 09:57:18,12,10,D010,1
2026-06-06 16:00:27,16,12,D016,2
2026-06-06 17:09:58,84,16,D017,3
2026-06-06 13:23:18,76,20,D002,2
2026-06-06 19:45:08,38,2,D002,1
2026-06-06 19:45:08,48,2,D001,1
2026-06-06 19:45:08,48,2,D020,2
2026-06-06 19:45:08,28,2,D008,1
2026-06-06 20:17:57,18,11,D007,1
2026-06-06 20:17:57,114,11,D002,3
2026-06-06 23:17:51,24,18,D011,1
2026-06-06 23:17:51,42,18,D005,1
2026-06-06 23:17:51,66,18,D004,3
2026-06-06 23:17:51,72,18,D020,3
2026-06-06 07:06:43,22,16,D015,1
2026-06-06 07:06:43,126,16,D005,3
2026-06-06 07:06:43,36,16,D006,1
2026-06-06 07:06:43,114,16,D002,3
2026-06-06 14:21:03,32,14,D018,1
2026-06-06 09:22:05,36,15,D010,3
2026-06-06 09:22:05,114,15,D002,3
2026-06-06 09:22:05,40,15,D014,2
2026-06-06 20:26:56,76,18,D002,2
2026-06-06 20:26:56,30,18,D013,2
2026-06-06 20:26:56,44,18,D015,2
2026-06-06 20:26:56,114,18,D002,3
2026-06-06 17:20:59,66,12,D004,3
2026-06-06 17:20:59,42,12,D005,1
2026-06-06 17:20:59,30,12,D013,2
2026-06-06 17:20:59,30,12,D013,2
2026-06-07 01:58:39,60,3,D014,3
2026-06-07 01:58:39,36,3,D012,1
2026-06-07 01:58:39,72,3,D012,2
2026-06-06 17:02:48,96,17,D001,2
2026-06-06 17:02:48,72,17,D012,2
2026-06-06 11:12:06,84,2,D005,2
2026-06-06 15:43:00,48,5,D011,2
2026-06-06 14:32:57,36,10,D010,3
2026-06-06 14:32:57,84,10,D017,3
2026-06-06 14:32:57,48,10,D009,3
2026-06-06 14:32:57,66,10,D015,3
2026-06-06 13:08:54,96,12,D001,2
2026-06-06 13:08:54,28,12,D008,1
2026-06-06 13:08:54,48,12,D001,1
2026-06-06 13:08:54,45,12,D013,3
2026-06-06 22:56:22,38,6,D002,1
2026-06-06 22:56:22,48,6,D001,1
2026-06-06 20:59:23,64,9,D003,2
2026-06-06 17:57:04,28,10,D008,1
2026-06-06 17:57:04,54,10,D007,3
2026-06-07 01:15:13,54,9,D019,3
2026-06-07 01:15:13,45,9,D013,3
2026-06-06 09:42:04,84,18,D008,3
2026-06-06 09:42:04,24,18,D010,2
2026-06-06 09:42:04,22,18,D004,1
2026-06-06 09:42:04,56,18,D008,2
2026-06-07 00:41:21,18,14,D019,1
2026-06-07 00:41:21,40,14,D014,2
2026-06-07 00:41:21,72,14,D012,2
2026-06-06 19:56:32,54,8,D007,3
2026-06-06 15:34:53,45,10,D013,3
2026-06-06 15:34:53,28,10,D017,1
2026-06-06 17:09:01,56,8,D008,2
2026-06-06 17:09:01,38,8,D002,1
2026-06-06 17:09:01,144,8,D001,3
2026-06-06 17:09:01,36,8,D006,1
2026-06-06 17:57:27,72,2,D020,3
2026-06-06 22:07:28,54,5,D019,3
2026-06-06 22:07:28,54,5,D007,3
2026-06-06 14:28:11,45,17,D013,3
2026-06-06 14:28:11,12,17,D010,1
2026-06-06 17:10:43,28,12,D008,1
2026-06-06 17:10:43,36,12,D006,1
2026-06-06 17:10:43,36,12,D007,2
2026-06-06 11:00:38,54,15,D007,3
2026-06-06 13:25:26,48,17,D011,2
2026-06-06 13:25:26,144,17,D001,3
2026-06-06 13:25:26,84,17,D008,3
2026-06-06 12:28:18,76,15,D002,2
2026-06-06 12:28:18,66,15,D004,3
2026-06-06 12:28:18,24,15,D020,1
2026-06-07 01:13:17,36,11,D010,3
2026-06-06 13:33:57,84,17,D008,3
2026-06-06 13:33:57,22,17,D004,1
2026-06-06 13:33:57,144,17,D001,3
2026-06-06 13:33:57,108,17,D006,3
2026-06-06 15:19:47,108,19,D012,3
2026-06-06 20:44:33,72,20,D006,2
2026-06-06 20:44:33,72,20,D012,2
2026-06-06 20:50:37,60,16,D014,3
2026-06-06 14:29:53,24,13,D010,2
2026-06-06 14:29:53,66,13,D015,3
2026-06-06 13:08:41,84,18,D008,3
2026-06-06 12:59:19,66,12,D015,3
2026-06-06 12:59:19,22,12,D004,1
2026-06-06 12:59:19,38,12,D002,1
2026-06-06 12:59:19,44,12,D015,2
2026-06-06 11:46:28,36,20,D019,2
2026-06-06 07:40:04,84,9,D005,2
2026-06-06 07:40:04,44,9,D004,2
2026-06-06 20:27:01,144,18,D001,3
2026-06-06 20:27:01,48,18,D001,1
2026-06-06 17:15:26,24,10,D020,1
2026-06-06 11:27:38,84,18,D008,3
2026-06-06 11:27:38,48,18,D001,1
2026-06-06 17:21:37,48,9,D009,3
2026-06-06 17:21:37,66,9,D004,3
2026-06-06 07:50:33,24,12,D016,3
2026-06-06 07:50:33,38,12,D002,1
2026-06-06 07:50:33,22,12,D004,1
2026-06-06 13:25:22,66,17,D004,3
2026-06-06 13:25:22,38,17,D002,1
2026-06-06 13:25:22,44,17,D004,2
2026-06-06 12:01:05,8,12,D016,1
2026-06-06 12:01:05,32,12,D003,1
2026-06-06 12:01:05,42,12,D005,1
2026-06-06 11:24:41,84,11,D005,2
2026-06-06 13:17:44,36,7,D010,3
2026-06-06 13:17:44,8,7,D016,1
2026-06-06 13:17:44,36,7,D012,1
2026-06-06 13:53:20,30,9,D013,2
2026-06-06 13:53:20,24,9,D010,2
2026-06-06 13:53:20,72,9,D012,2
2026-06-06 13:53:20,48,9,D009,3
2026-06-06 18:43:59,56,13,D008,2
2026-06-06 16:03:38,22,6,D015,1
2026-06-06 16:03:38,36,6,D010,3
2026-06-06 16:03:38,8,6,D016,1
2026-06-06 16:03:38,24,6,D010,2
2026-06-06 23:30:25,66,18,D015,3
2026-06-07 00:31:23,22,3,D015,1
2026-06-07 00:31:23,108,3,D012,3
2026-06-07 00:31:23,24,3,D010,2
2026-06-06 16:36:09,20,5,D014,1
2026-06-06 12:01:31,38,9,D002,1
2026-06-06 06:18:23,12,5,D010,1
2026-06-06 06:18:23,84,5,D008,3
2026-06-06 06:18:23,96,5,D001,2
2026-06-06 18:03:05,22,8,D004,1
2026-06-06 18:03:05,18,8,D019,1
2026-06-06 11:44:38,64,14,D003,2
2026-06-06 11:44:38,48,14,D020,2
2026-06-06 20:25:00,48,12,D011,2
2026-06-06 20:25:00,44,12,D004,2
2026-06-06 20:25:00,15,12,D013,1
2026-06-06 14:21:33,72,19,D012,2
2026-06-06 14:21:33,30,19,D013,2
2026-06-06 14:21:33,8,19,D016,1
2026-06-06 11:45:07,44,8,D004,2
2026-06-06 09:15:14,84,10,D008,3
2026-06-06 11:27:42,36,4,D006,1
2026-06-06 12:47:45,48,16,D001,1
2026-06-06 17:40:47,36,10,D019,2
2026-06-06 17:40:47,144,10,D001,3
2026-06-06 12:39:11,44,16,D015,2
2026-06-06 12:39:11,114,16,D002,3
2026-06-06 12:39:11,66,16,D004,3
2026-06-06 16:36:00,84,18,D005,2
2026-06-06 16:36:00,32,18,D018,1
2026-06-06 16:36:00,24,18,D016,3
2026-06-06 16:36:00,16,18,D016,2
2026-06-06 19:21:16,36,1,D007,2
2026-06-06 19:21:16,22,1,D004,1
2026-06-06 19:21:16,64,1,D003,2
2026-06-06 12:44:43,45,12,D013,3
2026-06-06 12:44:43,66,12,D015,3
2026-06-06 12:32:47,36,5,D007,2
2026-06-06 12:32:47,108,5,D012,3
2026-06-06 12:32:47,22,5,D004,1
2026-06-06 17:44:13,44,2,D004,2
2026-06-06 17:44:13,36,2,D006,1
2026-06-06 17:44:13,84,2,D008,3
2026-06-06 13:22:23,84,14,D005,2
2026-06-06 13:22:23,28,14,D008,1
2026-06-06 18:06:33,114,14,D002,3
2026-06-06 18:06:33,24,14,D016,3
2026-06-06 18:03:38,36,14,D010,3
2026-06-06 18:03:38,16,14,D016,2
2026-06-06 18:03:48,32,12,D018,1
2026-06-06 18:03:48,84,12,D008,3
2026-06-06 18:03:48,108,12,D006,3
2026-06-06 18:03:48,44,12,D004,2
2026-06-06 19:51:41,42,15,D005,1
2026-06-06 19:51:41,114,15,D002,3
2026-06-06 19:51:41,48,15,D011,2
2026-06-06 19:51:41,28,15,D008,1
2026-06-06 17:10:33,96,16,D001,2
2026-06-06 17:10:33,72,16,D011,3
2026-06-06 17:10:33,96,16,D003,3
2026-06-06 17:10:33,60,16,D014,3
2026-06-06 16:27:13,8,20,D016,1
2026-06-06 16:27:13,28,20,D017,1
2026-06-06 16:54:16,12,14,D010,1
2026-06-06 16:54:16,66,14,D015,3
2026-06-06 16:54:16,72,14,D011,3
2026-06-06 16:54:16,45,14,D013,3
2026-06-06 22:16:08,108,5,D012,3
2026-06-06 15:53:23,72,16,D011,3
2026-06-06 15:53:23,30,16,D013,2
2026-06-06 15:53:23,20,16,D014,1
2026-06-07 00:50:46,40,19,D014,2
2026-06-06 12:38:33,72,9,D006,2
2026-06-06 20:19:13,114,20,D002,3
2026-06-06 20:19:13,84,20,D005,2
2026-06-06 17:21:04,28,8,D008,1
2026-06-06 17:21:04,96,8,D001,2
2026-06-06 08:44:35,84,4,D008,3
2026-06-06 08:44:35,36,4,D006,1
2026-06-06 17:42:55,56,12,D008,2
2026-06-06 20:23:48,72,1,D006,2
2026-06-06 20:23:48,40,1,D014,2
2026-06-06 20:23:48,76,1,D002,2
2026-06-06 20:23:48,45,1,D013,3
2026-06-06 09:30:44,96,19,D003,3
2026-06-07 01:18:21,126,5,D005,3
2026-06-07 01:18:21,126,5,D005,3
2026-06-07 01:18:21,18,5,D019,1
2026-06-06 06:45:52,48,4,D009,3
2026-06-06 06:45:52,24,4,D016,3
2026-06-06 06:45:52,44,4,D004,2
2026-06-06 06:45:52,42,4,D005,1
2026-06-06 09:14:23,38,13,D002,1
2026-06-06 09:14:23,84,13,D005,2
2026-06-06 20:38:40,24,7,D016,3
2026-06-06 20:38:40,96,7,D001,2
2026-06-06 13:53:26,42,11,D005,1
2026-06-06 13:53:26,48,11,D001,1
2026-06-06 23:36:45,76,17,D002,2
2026-06-06 23:36:45,20,17,D014,1
2026-06-06 23:36:45,48,17,D020,2
2026-06-06 23:36:45,44,17,D015,2
2026-06-06 08:11:43,108,18,D012,3
2026-06-06 08:11:43,36,18,D006,1
2026-06-06 08:11:43,36,18,D006,1
2026-06-06 19:18:18,18,12,D007,1
2026-06-06 19:18:18,114,12,D002,3
2026-06-06 06:58:45,16,13,D016,2
2026-06-06 06:58:45,32,13,D009,2
2026-06-06 06:58:45,28,13,D008,1
2026-06-06 06:58:45,114,13,D002,3
2026-06-06 12:33:57,36,6,D007,2
2026-06-06 12:33:57,24,6,D011,1
2026-06-06 12:33:57,126,6,D005,3
2026-06-06 12:33:57,16,6,D009,1
2026-06-06 12:59:42,84,13,D005,2
2026-06-06 12:59:42,72,13,D020,3
2026-06-06 12:59:42,8,13,D016,1
2026-06-06 14:13:25,60,18,D014,3
2026-06-06 14:13:25,72,18,D012,2
2026-06-06 14:13:25,32,18,D003,1
2026-06-06 17:22:11,108,5,D006,3
2026-06-06 17:22:11,28,5,D008,1
2026-06-06 17:22:11,32,5,D018,1
2026-06-06 17:22:11,72,5,D020,3
2026-06-06 13:48:18,66,20,D004,3
2026-06-06 13:48:18,96,20,D001,2
2026-06-06 13:48:18,42,20,D005,1
2026-06-06 13:32:51,16,17,D009,1
2026-06-06 09:17:48,16,13,D009,1
2026-06-06 09:17:48,84,13,D005,2
2026-06-06 09:17:48,22,13,D004,1
2026-06-06 13:05:51,44,17,D015,2
2026-06-06 13:05:51,108,17,D012,3
2026-06-06 06:45:25,56,4,D008,2
2026-06-06 06:45:25,144,4,D001,3
2026-06-06 06:45:25,96,4,D003,3
2026-06-06 17:46:24,38,1,D002,1
2026-06-06 17:46:24,12,1,D010,1
2026-06-06 17:46:24,36,1,D006,1
2026-06-06 19:36:34,20,8,D014,1
2026-06-06 08:13:35,84,17,D008,3
2026-06-06 08:13:35,76,17,D002,2
2026-06-07 17:04:24,64,8,D003,2
2026-06-07 11:40:33,36,13,D007,2
2026-06-07 15:40:37,24,20,D011,1
2026-06-07 15:40:37,72,20,D011,3
2026-06-07 11:11:03,64,14,D003,2
2026-06-07 20:18:13,64,8,D003,2
2026-06-07 15:07:59,40,5,D014,2
2026-06-07 15:07:59,22,5,D015,1
2026-06-07 15:07:59,30,5,D013,2
2026-06-07 15:07:59,24,5,D020,1
2026-06-07 13:10:43,45,15,D013,3
2026-06-07 13:10:43,96,15,D003,3
2026-06-07 06:34:57,60,19,D014,3
2026-06-07 06:34:57,22,19,D004,1
2026-06-07 06:34:57,32,19,D003,1
2026-06-07 16:10:47,60,2,D014,3
2026-06-07 16:10:47,40,2,D014,2
2026-06-07 16:10:47,108,2,D012,3
2026-06-07 16:10:47,45,2,D013,3
2026-06-07 16:19:11,48,11,D009,3
2026-06-07 16:19:11,30,11,D013,2
2026-06-07 16:19:11,40,11,D014,2
2026-06-08 01:25:22,36,19,D010,3
2026-06-08 01:25:22,114,19,D002,3
2026-06-07 16:51:17,54,15,D019,3
2026-06-07 16:51:17,32,15,D009,2
2026-06-07 16:51:17,108,15,D012,3
2026-06-07 15:44:59,24,17,D016,3
2026-06-07 18:58:52,18,19,D007,1
2026-06-07 18:58:52,108,19,D006,3
2026-06-07 12:52:41,32,15,D009,2
2026-06-07 13:55:37,54,17,D007,3
2026-06-07 13:55:37,22,17,D004,1
2026-06-07 13:55:37,12,17,D010,1
2026-06-07 13:55:37,48,17,D001,1
2026-06-07 13:20:57,72,2,D006,2
2026-06-07 13:20:57,66,2,D004,3
2026-06-07 19:34:11,36,1,D006,1
2026-06-07 19:34:11,36,1,D007,2
2026-06-07 19:34:11,72,1,D020,3
2026-06-07 19:34:11,18,1,D007,1
2026-06-07 11:44:38,22,12,D004,1
2026-06-07 11:44:38,72,12,D012,2
2026-06-07 11:44:38,48,12,D001,1
2026-06-08 01:19:33,22,16,D015,1
2026-06-08 01:19:33,24,16,D011,1
2026-06-08 01:19:33,45,16,D013,3
2026-06-08 01:19:33,24,16,D011,1
2026-06-07 12:25:15,60,1,D014,3
2026-06-07 07:07:09,144,1,D001,3
2026-06-07 07:07:09,44,1,D004,2
2026-06-07 20:59:05,36,7,D006,1
2026-06-07 11:35:05,56,16,D008,2
2026-06-07 11:35:05,24,16,D011,1
2026-06-07 14:19:17,24,20,D020,1
2026-06-07 12:50:27,66,1,D015,3
2026-06-07 12:50:27,44,1,D004,2
2026-06-07 12:50:27,36,1,D007,2
2026-06-07 12:50:27,38,1,D002,1
2026-06-07 20:15:36,40,20,D014,2
2026-06-07 20:15:36,36,20,D010,3
2026-06-07 20:15:36,22,20,D004,1
2026-06-07 20:15:36,36,20,D006,1
2026-06-07 09:58:29,18,12,D007,1
2026-06-07 09:58:29,96,12,D003,3
2026-06-07 17:48:34,24,4,D016,3
2026-06-07 17:48:34,56,4,D008,2
2026-06-07 17:45:25,114,15,D002,3
2026-06-07 17:45:25,36,15,D010,3
2026-06-07 17:45:25,30,15,D013,2
2026-06-07 09:48:17,76,4,D002,2
2026-06-07 09:48:17,48,4,D001,1
2026-06-07 09:48:17,38,4,D002,1
2026-06-07 19:21:05,114,1,D002,3
2026-06-07 19:21:05,28,1,D017,1
2026-06-07 19:21:05,24,1,D010,2
2026-06-07 19:10:27,114,17,D002,3
2026-06-07 19:10:27,60,17,D014,3
2026-06-07 19:10:27,38,17,D002,1
2026-06-07 19:10:27,144,17,D001,3
2026-06-07 06:54:08,16,4,D016,2
2026-06-07 06:54:08,12,4,D010,1
2026-06-07 23:03:12,72,18,D006,2
2026-06-07 23:03:12,24,18,D016,3
2026-06-07 13:57:19,28,15,D008,1
2026-06-07 13:57:19,44,15,D004,2
2026-06-07 13:57:19,66,15,D015,3
2026-06-07 13:57:19,64,15,D018,2
2026-06-07 15:54:42,48,6,D020,2
2026-06-07 15:54:42,40,6,D014,2
2026-06-07 15:54:42,66,6,D015,3
2026-06-07 17:52:32,36,9,D010,3
2026-06-07 07:44:09,64,12,D003,2
2026-06-07 07:44:09,22,12,D004,1
2026-06-07 07:44:09,76,12,D002,2
2026-06-07 17:38:42,56,18,D017,2
2026-06-07 17:38:42,96,18,D001,2
2026-06-07 17:38:42,48,18,D009,3
2026-06-07 17:38:42,45,18,D013,3
2026-06-07 12:02:37,108,18,D012,3
2026-06-07 12:02:37,8,18,D016,1
2026-06-07 12:02:37,36,18,D006,1
2026-06-07 12:02:37,28,18,D008,1
2026-06-07 15:32:43,24,14,D016,3
2026-06-07 15:32:43,48,14,D020,2
2026-06-07 17:44:15,96,9,D001,2
2026-06-07 17:44:15,15,9,D013,1
2026-06-07 16:50:01,84,3,D017,3
2026-06-08 01:21:31,108,8,D012,3
2026-06-07 13:20:57,84,18,D008,3
2026-06-07 13:20:57,72,18,D006,2
2026-06-07 17:31:21,84,9,D005,2
2026-06-07 17:31:21,66,9,D004,3
2026-06-07 06:06:47,66,2,D004,3
2026-06-07 06:06:47,44,2,D004,2
2026-06-07 06:06:47,22,2,D004,1
2026-06-07 16:48:25,45,13,D013,3
2026-06-07 16:48:25,32,13,D018,1
2026-06-07 15:31:02,18,6,D019,1
2026-06-07 15:31:02,24,6,D011,1
2026-06-07 15:31:02,36,6,D019,2
2026-06-07 13:10:17,96,8,D003,3
2026-06-07 13:10:17,108,8,D006,3
2026-06-07 13:10:17,144,8,D001,3
2026-06-07 22:55:10,96,15,D001,2
2026-06-07 22:55:10,16,15,D016,2
2026-06-07 22:55:10,144,15,D001,3
2026-06-07 22:55:10,36,15,D010,3
2026-06-07 08:16:26,20,9,D014,1
2026-06-07 08:16:26,54,9,D007,3
2026-06-07 18:57:09,42,1,D005,1
2026-06-07 18:57:09,42,1,D005,1
2026-06-07 18:57:09,8,1,D016,1
2026-06-07 12:01:30,36,13,D006,1
2026-06-07 12:01:30,64,13,D003,2
2026-06-07 12:01:30,18,13,D007,1
2026-06-07 09:26:27,40,1,D014,2
2026-06-07 09:26:27,36,1,D007,2
2026-06-07 09:59:38,60,13,D014,3
2026-06-07 09:59:38,40,13,D014,2
2026-06-07 09:59:38,40,13,D014,2
2026-06-07 09:59:38,18,13,D007,1
2026-06-08 00:24:13,84,19,D008,3
2026-06-08 00:24:13,45,19,D013,3
2026-06-07 13:53:36,12,11,D010,1
2026-06-07 13:53:36,32,11,D003,1
2026-06-07 13:53:36,24,11,D016,3
2026-06-07 13:53:36,28,11,D008,1
2026-06-07 19:57:40,126,15,D005,3
2026-06-07 19:57:40,96,15,D001,2
2026-06-07 19:57:40,84,15,D005,2
2026-06-07 06:46:48,36,20,D006,1
2026-06-07 13:22:29,38,12,D002,1
2026-06-07 13:22:29,48,12,D011,2
2026-06-07 13:22:29,22,12,D015,1
2026-06-07 15:27:05,20,9,D014,1
2026-06-07 15:27:05,64,9,D018,2
2026-06-07 15:27:05,60,9,D014,3
2026-06-07 11:55:47,126,2,D005,3
2026-06-07 11:55:47,44,2,D004,2
2026-06-07 11:55:47,72,2,D011,3
2026-06-07 07:33:30,36,8,D006,1
2026-06-07 07:33:30,144,8,D001,3
2026-06-07 20:27:41,32,10,D003,1
2026-06-07 20:27:41,18,10,D007,1
2026-06-07 20:27:41,96,10,D001,2
2026-06-07 08:45:31,96,15,D001,2
2026-06-07 08:45:31,42,15,D005,1
2026-06-07 08:45:31,30,15,D013,2
2026-06-07 13:09:19,64,5,D003,2
2026-06-07 13:09:19,22,5,D004,1
2026-06-07 13:09:19,24,5,D011,1
2026-06-07 11:36:18,40,8,D014,2
2026-06-07 11:36:18,18,8,D007,1
2026-06-07 12:31:03,15,18,D013,1
2026-06-07 12:31:03,66,18,D004,3
2026-06-07 11:46:25,66,11,D004,3
2026-06-07 11:46:25,126,11,D005,3
2026-06-07 06:30:03,42,19,D005,1
2026-06-07 06:30:03,16,19,D016,2
2026-06-07 06:30:03,18,19,D007,1
2026-06-07 06:30:03,36,19,D012,1
2026-06-07 17:46:30,18,9,D007,1
2026-06-07 17:46:30,44,9,D004,2
2026-06-07 17:46:30,108,9,D006,3
2026-06-07 12:23:03,44,6,D004,2
2026-06-07 12:23:03,48,6,D009,3
2026-06-07 12:23:03,108,6,D012,3
2026-06-07 12:23:03,44,6,D015,2
2026-06-07 18:10:39,84,16,D008,3
2026-06-07 18:10:39,8,16,D016,1
2026-06-07 18:10:39,22,16,D004,1
2026-06-07 07:20:40,144,10,D001,3
2026-06-07 07:20:40,40,10,D014,2
2026-06-07 07:20:40,126,10,D005,3
2026-06-07 07:20:40,96,10,D003,3
2026-06-07 11:44:00,42,16,D005,1
2026-06-07 11:44:00,18,16,D007,1
2026-06-07 11:44:00,32,16,D003,1
2026-06-07 15:40:13,20,16,D014,1
2026-06-07 15:40:13,24,16,D011,1
2026-06-07 15:40:13,72,16,D020,3
2026-06-07 15:49:19,8,16,D016,1
2026-06-07 15:49:19,24,16,D020,1
2026-06-07 15:49:19,16,16,D016,2
2026-06-07 15:49:19,84,16,D017,3
2026-06-07 11:30:21,32,17,D003,1
2026-06-07 12:09:17,66,2,D004,3
2026-06-07 12:09:17,8,2,D016,1
2026-06-07 06:31:06,108,15,D006,3
2026-06-07 06:31:06,36,15,D010,3
2026-06-07 12:16:55,72,10,D006,2
2026-06-07 12:16:55,108,10,D006,3
2026-06-07 12:16:55,108,10,D006,3
2026-06-07 12:16:55,18,10,D019,1
2026-06-07 15:40:38,36,3,D012,1
2026-06-07 15:40:38,32,3,D009,2
2026-06-07 15:40:38,15,3,D013,1
2026-06-07 15:40:38,108,3,D006,3
2026-06-07 19:45:59,76,13,D002,2
2026-06-07 19:45:59,32,13,D003,1
2026-06-07 19:45:59,66,13,D004,3
2026-06-07 19:45:59,22,13,D015,1
2026-06-07 15:18:55,24,1,D010,2
2026-06-07 15:18:55,56,1,D017,2
2026-06-07 15:18:55,84,1,D017,3
2026-06-07 15:18:55,45,1,D013,3
2026-06-08 01:45:55,16,3,D009,1
2026-06-08 01:45:55,45,3,D013,3
2026-06-08 01:45:55,114,3,D002,3
2026-06-07 11:12:56,28,7,D008,1
2026-06-07 13:53:46,32,2,D003,1
2026-06-07 06:59:41,108,13,D006,3
2026-06-07 06:59:41,84,13,D005,2
2026-06-07 18:02:22,66,6,D004,3
2026-06-07 11:42:49,108,14,D006,3
2026-06-07 11:42:49,84,14,D005,2
2026-06-07 11:42:49,30,14,D013,2
2026-06-07 11:42:49,18,14,D007,1
2026-06-07 15:51:21,16,2,D009,1
2026-06-07 15:51:21,96,2,D018,3
2026-06-07 15:22:20,36,17,D019,2
2026-06-07 15:22:20,32,17,D018,1
2026-06-07 15:22:20,48,17,D011,2
2026-06-07 15:22:20,45,17,D013,3
2026-06-07 06:30:03,64,1,D003,2
2026-06-07 08:07:03,64,3,D003,2
2026-06-07 08:07:03,76,3,D002,2
2026-06-07 08:07:03,108,3,D006,3
2026-06-07 06:16:15,42,2,D005,1
2026-06-07 13:44:40,28,2,D008,1
2026-06-07 07:28:51,60,13,D014,3
2026-06-07 20:14:20,96,6,D018,3
2026-06-07 20:14:20,18,6,D007,1
2026-06-07 20:14:20,24,6,D010,2
2026-06-07 20:14:20,108,6,D012,3
2026-06-07 06:04:17,16,19,D016,2
2026-06-07 13:07:12,66,6,D004,3
2026-06-07 13:07:12,54,6,D007,3
2026-06-07 11:32:23,18,10,D007,1
2026-06-07 11:32:23,54,10,D007,3
2026-06-07 11:32:23,56,10,D008,2
2026-06-07 16:20:03,48,7,D020,2
2026-06-07 16:20:03,44,7,D015,2
2026-06-07 13:49:45,144,19,D001,3
2026-06-07 13:49:45,64,19,D003,2
2026-06-07 13:49:45,18,19,D007,1
2026-06-07 13:49:45,38,19,D002,1
2026-06-07 19:45:52,36,9,D007,2
2026-06-07 19:45:52,45,9,D013,3
2026-06-07 19:45:52,54,9,D007,3
2026-06-07 19:45:52,60,9,D014,3
2026-06-07 22:58:03,36,13,D019,2
2026-06-07 22:58:03,32,13,D009,2
2026-06-07 22:58:03,84,13,D008,3
2026-06-07 22:58:03,12,13,D010,1
2026-06-07 18:53:22,96,17,D001,2
2026-06-07 18:53:22,54,17,D007,3
2026-06-07 18:53:22,28,17,D008,1
2026-06-07 09:25:46,44,7,D004,2
2026-06-07 09:25:46,66,7,D015,3
2026-06-07 09:25:46,54,7,D007,3
2026-06-07 09:25:46,126,7,D005,3
2026-06-07 20:30:23,36,16,D007,2
2026-06-07 20:30:23,96,16,D003,3
2026-06-07 11:37:03,84,20,D008,3
2026-06-07 11:37:03,56,20,D008,2
2026-06-07 11:37:03,44,20,D004,2
2026-06-07 16:16:30,40,3,D014,2
2026-06-07 16:16:30,84,3,D017,3
2026-06-07 16:16:30,24,3,D016,3
2026-06-07 16:16:30,24,3,D020,1
2026-06-07 12:58:11,38,11,D002,1
2026-06-07 12:58:11,108,11,D006,3
2026-06-07 16:52:39,22,15,D015,1
2026-06-07 16:52:39,72,15,D011,3
2026-06-07 16:52:39,16,15,D009,1
2026-06-07 16:52:39,72,15,D011,3
2026-06-07 16:30:36,48,12,D009,3
2026-06-08 18:22:44,28,19,D008,1
2026-06-08 18:22:44,84,19,D005,2
2026-06-08 18:22:44,36,19,D019,2
2026-06-09 01:24:57,24,18,D016,3
2026-06-08 22:57:56,96,18,D003,3
2026-06-08 22:57:56,36,18,D010,3
2026-06-08 22:57:56,72,18,D012,2
2026-06-08 19:59:43,72,6,D006,2
2026-06-08 19:59:43,18,6,D019,1
2026-06-08 19:59:43,22,6,D015,1
2026-06-08 19:59:43,32,6,D003,1
2026-06-08 11:45:45,36,15,D007,2
2026-06-08 11:45:45,96,15,D001,2
2026-06-08 11:45:45,48,15,D001,1
2026-06-08 07:43:56,40,12,D014,2
2026-06-08 07:43:56,114,12,D002,3
2026-06-08 07:43:56,72,12,D006,2
2026-06-08 15:31:59,66,2,D015,3
2026-06-08 15:31:59,45,2,D013,3
2026-06-08 15:31:59,36,2,D010,3
2026-06-08 12:39:39,96,7,D003,3
2026-06-08 12:39:39,48,7,D001,1
2026-06-08 12:39:39,114,7,D002,3
2026-06-08 09:49:55,45,16,D013,3
2026-06-08 09:49:55,22,16,D004,1
2026-06-08 19:08:41,64,14,D003,2
2026-06-08 19:08:41,36,14,D007,2
2026-06-08 11:30:26,30,4,D013,2
2026-06-08 11:30:26,144,4,D001,3
2026-06-08 11:30:26,36,4,D007,2
2026-06-09 01:03:10,84,17,D017,3
2026-06-09 01:03:10,24,17,D010,2
2026-06-09 01:03:10,108,17,D012,3
2026-06-08 16:55:03,40,17,D014,2
2026-06-08 16:55:03,45,17,D013,3
2026-06-08 18:26:56,66,5,D004,3
2026-06-08 18:26:56,38,5,D002,1
2026-06-08 18:26:56,96,5,D003,3
2026-06-08 11:42:08,96,1,D003,3
2026-06-08 11:42:08,108,1,D012,3
2026-06-08 11:42:08,96,1,D003,3
2026-06-08 11:42:08,126,1,D005,3
2026-06-08 22:07:53,36,11,D006,1
2026-06-08 22:07:53,36,11,D010,3
2026-06-08 16:30:23,40,6,D014,2
2026-06-08 16:30:23,24,6,D016,3
2026-06-09 01:51:31,54,8,D019,3
2026-06-09 01:51:31,84,8,D005,2
2026-06-08 19:29:54,48,18,D001,1
2026-06-08 19:29:54,72,18,D020,3
2026-06-08 19:29:54,48,18,D009,3
2026-06-08 12:51:25,36,12,D007,2
2026-06-08 12:51:25,84,12,D008,3
2026-06-08 12:51:25,28,12,D008,1
2026-06-08 12:51:25,108,12,D006,3
2026-06-08 12:26:01,84,14,D005,2
2026-06-08 12:26:01,30,14,D013,2
2026-06-08 12:26:01,24,14,D016,3
2026-06-08 07:03:14,84,19,D008,3
2026-06-08 07:03:14,72,19,D011,3
2026-06-08 07:03:14,96,19,D001,2
2026-06-08 07:03:14,48,19,D009,3
2026-06-08 11:20:23,72,9,D006,2
2026-06-08 07:24:12,24,6,D010,2
2026-06-08 23:41:55,16,20,D016,2
2026-06-08 11:50:19,108,4,D006,3
2026-06-08 11:50:19,38,4,D002,1
2026-06-08 11:50:19,76,4,D002,2
2026-06-08 11:50:19,60,4,D014,3
2026-06-08 17:49:42,44,5,D004,2
2026-06-08 17:49:42,36,5,D006,1
2026-06-08 17:49:42,36,5,D006,1
2026-06-08 12:54:16,36,20,D007,2
2026-06-08 12:54:16,32,20,D009,2
2026-06-08 12:54:16,84,20,D008,3
2026-06-08 12:54:16,20,20,D014,1
2026-06-08 18:15:55,66,5,D015,3
2026-06-08 18:56:12,64,20,D003,2
2026-06-08 18:56:12,42,20,D005,1
2026-06-08 18:56:12,72,20,D006,2
2026-06-08 13:48:33,66,13,D004,3
2026-06-08 13:48:33,96,13,D001,2
2026-06-08 13:48:33,32,13,D009,2
2026-06-08 13:48:33,54,13,D007,3
2026-06-08 22:44:25,72,6,D012,2
2026-06-08 07:32:07,144,8,D001,3
2026-06-08 07:32:07,76,8,D002,2
2026-06-08 15:26:00,72,13,D020,3
2026-06-08 11:56:58,96,3,D001,2
2026-06-08 11:56:58,22,3,D004,1
2026-06-08 16:59:11,28,2,D017,1
2026-06-08 20:50:26,56,8,D017,2
2026-06-08 20:50:26,38,8,D002,1
2026-06-08 20:50:26,36,8,D007,2
2026-06-08 08:07:11,76,9,D002,2
2026-06-08 08:07:11,84,9,D005,2
2026-06-08 08:07:11,66,9,D015,3
2026-06-08 08:07:11,114,9,D002,3
2026-06-08 09:29:29,108,14,D006,3
2026-06-08 09:29:29,84,14,D005,2
2026-06-08 09:29:29,126,14,D005,3
2026-06-08 09:29:29,42,14,D005,1
2026-06-08 09:40:17,44,10,D004,2
2026-06-08 09:40:17,22,10,D004,1
2026-06-08 09:40:17,96,10,D001,2
2026-06-08 18:37:34,24,15,D010,2
2026-06-08 18:37:34,72,15,D006,2
2026-06-08 18:37:34,66,15,D004,3
2026-06-08 18:37:34,36,15,D007,2
2026-06-08 20:57:10,60,13,D014,3
2026-06-08 20:57:10,48,13,D001,1
2026-06-08 20:57:10,16,13,D016,2
2026-06-08 20:57:10,48,13,D001,1
2026-06-08 20:11:26,8,15,D016,1
2026-06-08 20:11:26,72,15,D020,3
2026-06-08 20:11:26,36,15,D010,3
2026-06-08 11:34:53,72,15,D020,3
2026-06-08 11:34:53,22,15,D004,1
2026-06-08 20:52:56,60,18,D014,3
2026-06-08 20:52:56,32,18,D003,1
2026-06-08 20:52:56,108,18,D006,3
2026-06-08 22:22:03,108,19,D012,3
2026-06-08 22:22:03,18,19,D007,1
2026-06-08 22:22:03,64,19,D018,2
2026-06-08 22:22:03,36,19,D019,2
2026-06-08 09:39:13,32,3,D009,2
2026-06-08 09:39:13,56,3,D008,2
2026-06-08 09:39:13,96,3,D001,2
2026-06-08 09:39:13,38,3,D002,1
2026-06-08 20:40:40,28,8,D008,1
2026-06-08 12:35:07,24,16,D010,2
2026-06-08 21:29:17,48,14,D011,2
2026-06-08 21:29:17,24,14,D011,1
2026-06-08 21:29:17,66,14,D015,3
2026-06-08 21:29:17,48,14,D011,2
2026-06-08 18:39:01,15,17,D013,1
2026-06-08 15:07:26,48,6,D009,3
2026-06-08 15:07:26,36,6,D012,1
2026-06-08 15:07:26,18,6,D019,1
2026-06-08 11:38:28,8,16,D016,1
2026-06-08 11:38:28,38,16,D002,1
2026-06-08 13:50:42,96,20,D003,3
2026-06-08 13:50:42,40,20,D014,2
2026-06-08 23:18:27,64,18,D018,2
2026-06-08 07:07:58,144,9,D001,3
2026-06-08 13:22:37,36,13,D006,1
2026-06-08 13:22:37,84,13,D005,2
2026-06-08 08:22:31,36,4,D007,2
2026-06-08 20:53:08,30,5,D013,2
2026-06-08 20:53:08,54,5,D007,3
2026-06-08 13:09:33,114,18,D002,3
2026-06-08 13:09:33,114,18,D002,3
2026-06-08 13:43:28,38,18,D002,1
2026-06-08 13:43:28,48,18,D011,2
2026-06-08 14:27:58,28,9,D008,1
2026-06-08 14:27:58,24,9,D016,3
2026-06-08 13:44:22,56,15,D008,2
2026-06-08 07:20:15,32,2,D003,1
2026-06-08 07:20:15,8,2,D016,1
2026-06-08 13:23:08,108,3,D006,3
2026-06-08 13:23:08,72,3,D020,3
2026-06-08 13:23:08,64,3,D003,2
2026-06-08 17:28:00,84,4,D008,3
2026-06-08 17:28:00,36,4,D006,1
2026-06-08 17:28:00,72,4,D006,2
2026-06-08 17:28:00,96,4,D003,3
2026-06-08 17:52:40,40,10,D014,2
2026-06-08 21:25:37,72,3,D020,3
2026-06-08 21:25:37,16,3,D009,1
2026-06-08 12:17:40,18,4,D007,1
2026-06-08 20:53:13,20,10,D014,1
2026-06-08 23:53:04,36,14,D012,1
2026-06-08 23:53:04,72,14,D012,2
2026-06-08 17:17:06,38,5,D002,1
2026-06-08 17:17:06,54,5,D007,3
2026-06-08 17:17:06,32,5,D003,1
2026-06-08 17:17:06,60,5,D014,3
2026-06-08 15:44:10,54,17,D007,3
2026-06-08 08:09:31,126,12,D005,3
2026-06-08 11:36:45,15,15,D013,1
2026-06-08 11:36:45,108,15,D006,3
2026-06-08 11:36:45,30,15,D013,2
2026-06-08 11:47:54,72,15,D011,3
2026-06-08 11:47:54,36,15,D012,1
2026-06-08 13:48:02,42,13,D005,1
2026-06-08 13:48:02,96,13,D001,2
2026-06-08 18:56:39,36,17,D006,1
2026-06-08 18:56:39,24,17,D020,1
2026-06-08 18:56:39,64,17,D003,2
2026-06-08 18:56:39,144,17,D001,3
2026-06-08 18:40:05,54,10,D007,3
2026-06-08 12:07:16,64,14,D003,2
2026-06-08 12:07:16,108,14,D006,3
2026-06-08 12:07:16,24,14,D020,1
2026-06-08 12:07:16,64,14,D003,2
2026-06-08 16:20:48,30,17,D013,2
2026-06-08 16:20:48,12,17,D010,1
2026-06-08 19:20:18,24,6,D010,2
2026-06-08 19:20:18,64,6,D003,2
2026-06-08 19:20:18,42,6,D005,1
2026-06-08 19:20:18,32,6,D003,1
2026-06-08 13:10:02,24,16,D011,1
2026-06-08 13:10:02,72,16,D012,2
2026-06-08 13:10:02,18,16,D007,1
2026-06-08 13:10:02,96,16,D003,3
2026-06-08 13:30:35,72,12,D006,2
2026-06-08 13:30:35,66,12,D015,3
2026-06-08 23:20:10,126,2,D005,3
2026-06-08 23:20:10,48,2,D009,3
2026-06-08 23:20:10,66,2,D015,3
2026-06-08 19:46:58,48,4,D001,1
2026-06-08 19:46:58,12,4,D010,1
2026-06-08 19:46:58,20,4,D014,1
2026-06-08 06:33:47,66,8,D004,3
2026-06-08 08:01:35,28,10,D008,1
2026-06-08 19:22:59,24,8,D010,2
2026-06-08 15:07:29,84,18,D017,3
2026-06-08 15:07:29,32,18,D018,1
2026-06-08 14:23:11,84,18,D017,3
2026-06-08 14:23:11,24,18,D011,1
2026-06-08 14:23:11,15,18,D013,1
2026-06-08 14:23:11,24,18,D011,1
2026-06-08 14:22:17,108,5,D012,3
2026-06-08 14:22:17,36,5,D012,1
2026-06-08 14:22:17,44,5,D015,2
2026-06-08 14:22:17,8,5,D016,1
2026-06-08 20:10:44,36,11,D006,1
2026-06-08 20:10:44,96,11,D018,3
2026-06-08 20:10:44,72,11,D020,3
