pickup_datetime,dropoff_datetime,pickup_region,dropoff_region,fare_amount,trip_distance
2024-06-28 18:33:43,2024-06-28 18:44:43,石景山区,东城区,32.9,9.6
2024-06-16 16:41:12,2024-06-16 17:10:12,朝阳区,朝阳区,40.4,14.1
2024-06-10 07:47:07,2024-06-10 07:53:07,昌平区,顺义区,18.6,3.3
2024-06-04 11:43:18,2024-06-04 11:53:18,大兴区,大兴区,24.6,6.8
2024-06-24 16:09:05,2024-06-24 16:35:05,丰台区,顺义区,46.1,16.4
2024-06-30 09:42:10,2024-06-30 10:24:10,通州区,门头沟区,42.9,14.1
2024-06-30 19:54:34,2024-06-30 20:05:34,大兴区,门头沟区,19.8,5.4
2024-06-02 18:14:46,2024-06-02 18:57:46,丰台区,房山区,27.2,7.1
2024-06-06 12:47:11,2024-06-06 12:57:11,顺义区,西城区,20.9,6.3
2024-06-06 16:46:20,2024-06-06 16:49:20,大兴区,石景山区,13.6,1.0
2024-06-05 09:31:10,2024-06-05 09:45:10,朝阳区,朝阳区,27.1,7.8
2024-07-01 17:54:29,2024-07-01 18:05:29,朝阳区,东城区,22.2,6.4
2024-06-25 19:59:27,2024-06-25 20:14:27,海淀区,石景山区,30.5,10.2
2024-06-21 14:57:45,2024-06-21 15:11:45,丰台区,门头沟区,29.6,9.0
2024-06-12 13:54:59,2024-06-12 14:07:59,通州区,大兴区,18.6,4.8
2024-06-10 18:49:24,2024-06-10 19:06:24,东城区,通州区,28.1,8.1
2024-06-28 10:36:41,2024-06-28 11:06:41,门头沟区,海淀区,48.3,16.8
2024-06-21 05:22:27,2024-06-21 05:35:27,东城区,海淀区,21.0,4.8
2024-06-20 09:16:49,2024-06-20 09:39:49,丰台区,西城区,35.3,11.1
2024-06-18 16:04:25,2024-06-18 16:11:25,海淀区,房山区,20.5,5.0
2024-06-16 17:29:13,2024-06-16 17:48:13,东城区,顺义区,22.2,6.0
2024-06-29 11:24:29,2024-06-29 11:54:29,朝阳区,门头沟区,25.4,6.4
2024-06-05 13:43:37,2024-06-05 14:03:37,海淀区,东城区,27.0,7.9
2024-06-05 08:33:42,2024-06-05 08:56:42,门头沟区,石景山区,36.9,12.3
2024-06-10 18:23:07,2024-06-10 18:46:07,通州区,通州区,31.3,9.8
2024-06-18 16:04:50,2024-06-18 16:24:50,顺义区,东城区,41.5,13.5
2024-06-14 16:09:09,2024-06-14 17:09:09,顺义区,门头沟区,49.6,17.4
2024-06-22 13:25:19,2024-06-22 13:30:19,东城区,顺义区,17.0,2.0
2024-06-11 08:14:22,2024-06-11 08:24:22,东城区,大兴区,23.4,6.3
2024-06-04 18:54:38,2024-06-04 19:08:38,大兴区,大兴区,29.4,8.9
2024-06-09 11:50:56,2024-06-09 12:00:56,丰台区,海淀区,18.3,4.4
2024-06-27 18:28:33,2024-06-27 18:41:33,海淀区,海淀区,28.9,7.8
2024-06-29 18:41:08,2024-06-29 19:08:08,朝阳区,大兴区,36.3,11.3
2024-06-24 19:57:16,2024-06-24 20:20:16,海淀区,通州区,39.2,12.9
2024-06-19 14:32:40,2024-06-19 14:42:40,丰台区,昌平区,15.2,1.7
2024-06-27 13:05:45,2024-06-27 13:33:45,海淀区,门头沟区,28.4,9.4
2024-06-06 09:37:37,2024-06-06 09:43:37,房山区,东城区,13.9,3.4
2024-06-17 22:38:31,2024-06-17 22:45:31,丰台区,丰台区,18.6,5.2
2024-06-01 16:00:13,2024-06-01 16:18:13,昌平区,门头沟区,21.7,5.2
2024-06-13 12:37:08,2024-06-13 12:43:08,朝阳区,东城区,20.0,4.0
2024-06-05 00:02:39,2024-06-05 00:18:39,海淀区,石景山区,25.0,7.3
2024-07-01 12:04:13,2024-07-01 12:07:13,海淀区,东城区,15.0,1.3
2024-06-29 09:30:03,2024-06-29 09:33:03,丰台区,门头沟区,16.3,1.0
2024-06-08 13:27:18,2024-06-08 13:49:18,海淀区,通州区,38.9,13.3
2024-06-01 12:44:30,2024-06-01 13:02:30,海淀区,丰台区,33.0,10.1
2024-06-30 18:21:24,2024-06-30 18:29:24,西城区,丰台区,18.8,4.6
2024-06-12 10:01:52,2024-06-12 10:10:52,石景山区,石景山区,27.4,8.1
2024-06-16 17:37:02,2024-06-16 17:40:02,大兴区,西城区,14.1,1.8
2024-06-22 13:21:56,2024-06-22 13:24:56,海淀区,东城区,17.0,1.0
2024-06-13 11:26:56,2024-06-13 11:37:56,顺义区,西城区,22.5,5.9
2024-06-07 12:13:59,2024-06-07 12:29:59,房山区,丰台区,26.0,8.0
2024-06-09 11:01:15,2024-06-09 11:12:15,大兴区,通州区,28.6,7.7
2024-06-20 07:01:27,2024-06-20 07:45:27,大兴区,大兴区,42.2,14.3
2024-06-08 12:31:12,2024-06-08 13:00:12,海淀区,通州区,25.5,6.4
2024-06-06 23:37:10,2024-06-06 23:40:10,大兴区,西城区,13.1,1.0
2024-06-06 09:20:37,2024-06-06 09:27:37,东城区,石景山区,14.9,3.8
2024-06-25 11:14:30,2024-06-25 11:17:30,西城区,西城区,17.7,1.0
2024-06-25 14:31:40,2024-06-25 14:37:40,门头沟区,西城区,19.8,3.8
2024-06-01 13:39:33,2024-06-01 13:42:33,房山区,西城区,14.3,1.0
2024-06-20 14:57:38,2024-06-20 15:28:38,丰台区,房山区,41.7,15.0
2024-06-30 08:08:25,2024-06-30 08:35:25,朝阳区,房山区,37.8,13.7
2024-06-06 18:17:34,2024-06-06 18:43:34,石景山区,石景山区,44.0,15.3
2024-06-11 09:55:20,2024-06-11 10:07:20,朝阳区,房山区,21.6,5.2
2024-06-16 10:07:12,2024-06-16 10:30:12,丰台区,石景山区,25.1,7.5
2024-06-26 13:28:55,2024-06-26 13:31:55,朝阳区,西城区,17.8,2.0
2024-06-23 11:15:50,2024-06-23 11:26:50,西城区,通州区,26.2,7.0
2024-06-26 08:41:35,2024-06-26 08:48:35,昌平区,昌平区,13.7,2.6
2024-06-16 17:23:33,2024-06-16 17:35:33,丰台区,西城区,25.8,6.7
2024-06-20 18:15:37,2024-06-20 18:28:37,海淀区,门头沟区,22.2,6.8
2024-06-18 13:08:29,2024-06-18 13:15:29,东城区,朝阳区,20.0,4.0
2024-06-26 23:36:22,2024-06-27 00:26:22,海淀区,房山区,39.7,14.4
2024-06-10 12:08:28,2024-06-10 13:17:28,东城区,海淀区,48.8,16.8
2024-06-12 17:31:57,2024-06-12 17:34:57,东城区,石景山区,13.1,1.0
2024-06-25 23:02:24,2024-06-25 23:32:24,通州区,石景山区,34.1,11.6
2024-06-08 09:09:38,2024-06-08 09:17:38,顺义区,丰台区,15.6,3.2
2024-06-17 23:31:19,2024-06-17 23:57:19,朝阳区,丰台区,39.7,12.9
2024-06-26 12:40:04,2024-06-26 13:22:04,大兴区,海淀区,38.9,12.8
2024-06-21 14:40:28,2024-06-21 14:53:28,东城区,东城区,26.5,8.0
2024-06-23 08:18:00,2024-06-23 08:48:00,顺义区,昌平区,38.5,12.3
2024-06-24 19:01:00,2024-06-24 19:04:00,西城区,石景山区,14.4,1.0
2024-06-18 17:29:28,2024-06-18 17:37:28,顺义区,海淀区,18.4,3.8
2024-06-24 13:51:01,2024-06-24 13:58:01,东城区,大兴区,13.2,2.3
2024-06-10 09:22:00,2024-06-10 09:44:00,东城区,朝阳区,40.3,14.6
2024-06-26 09:44:29,2024-06-26 09:50:29,西城区,东城区,16.6,3.6
2024-06-27 09:25:12,2024-06-27 09:46:12,昌平区,西城区,32.9,10.9
2024-07-01 19:43:35,2024-07-01 19:56:35,东城区,东城区,19.2,5.4
2024-06-11 21:40:02,2024-06-11 21:44:02,东城区,东城区,13.4,2.2
2024-06-07 19:14:16,2024-06-07 19:25:16,丰台区,海淀区,20.1,4.3
2024-06-09 13:52:03,2024-06-09 13:55:03,西城区,通州区,16.6,1.0
2024-06-01 12:57:07,2024-06-01 13:10:07,大兴区,丰台区,19.9,5.3
2024-06-24 05:30:53,2024-06-24 05:39:53,西城区,朝阳区,18.4,5.1
2024-06-23 21:24:45,2024-06-23 21:27:45,西城区,朝阳区,18.0,1.0
2024-06-10 18:57:42,2024-06-10 19:12:42,通州区,海淀区,23.7,7.3
2024-06-28 18:58:02,2024-06-28 19:22:02,昌平区,门头沟区,38.6,12.7
2024-06-13 18:38:40,2024-06-13 18:47:40,昌平区,丰台区,25.4,6.5
2024-06-09 19:38:45,2024-06-09 19:48:45,东城区,西城区,21.0,6.2
2024-06-11 07:30:53,2024-06-11 07:42:53,昌平区,顺义区,29.4,8.7
2024-06-13 11:16:06,2024-06-13 11:32:06,西城区,石景山区,31.9,10.3
2024-06-03 14:17:25,2024-06-03 14:42:25,海淀区,丰台区,29.6,9.3
2024-06-19 10:32:07,2024-06-19 10:43:07,西城区,石景山区,19.2,4.4
2024-06-14 09:00:50,2024-06-14 09:05:50,丰台区,石景山区,15.9,1.0
2024-06-15 23:50:46,2024-06-16 00:19:46,门头沟区,房山区,47.8,16.7
2024-06-06 13:28:20,2024-06-06 13:48:20,西城区,顺义区,31.1,10.0
2024-06-03 12:59:54,2024-06-03 13:48:54,朝阳区,门头沟区,43.0,14.7
2024-06-18 07:46:33,2024-06-18 08:16:33,东城区,大兴区,26.7,8.4
2024-06-27 15:56:35,2024-06-27 16:19:35,昌平区,朝阳区,43.7,14.6
2024-06-08 11:11:58,2024-06-08 11:41:58,东城区,丰台区,42.8,14.2
2024-06-29 14:22:55,2024-06-29 14:25:55,昌平区,门头沟区,13.5,1.8
2024-06-24 19:59:58,2024-06-24 20:12:58,朝阳区,通州区,27.5,7.2
2024-06-05 13:27:31,2024-06-05 13:39:31,昌平区,石景山区,19.6,4.8
2024-06-19 10:15:44,2024-06-19 11:08:44,门头沟区,东城区,26.9,8.9
2024-06-13 16:17:15,2024-06-13 17:00:15,房山区,顺义区,28.6,9.2
2024-06-04 07:43:21,2024-06-04 07:51:21,西城区,海淀区,14.7,3.7
2024-06-16 12:16:50,2024-06-16 12:47:50,石景山区,顺义区,44.3,14.7
2024-06-03 13:23:38,2024-06-03 13:58:38,顺义区,门头沟区,51.4,18.9
2024-06-08 07:04:53,2024-06-08 07:23:53,西城区,昌平区,28.3,8.3
2024-06-03 12:14:56,2024-06-03 12:40:56,西城区,丰台区,53.9,20.1
2024-06-01 09:57:35,2024-06-01 10:21:35,海淀区,通州区,33.4,10.4
2024-06-28 17:46:28,2024-06-28 17:52:28,通州区,海淀区,18.8,3.6
2024-06-09 09:07:29,2024-06-09 09:21:29,海淀区,房山区,24.9,6.7
2024-06-19 08:43:39,2024-06-19 09:01:39,昌平区,门头沟区,34.3,11.9
2024-06-27 07:30:49,2024-06-27 07:33:49,朝阳区,顺义区,14.4,1.0
2024-06-07 17:34:11,2024-06-07 17:43:11,朝阳区,房山区,24.0,7.3
2024-06-25 20:16:12,2024-06-25 20:39:12,朝阳区,东城区,34.8,10.9
2024-06-18 19:20:34,2024-06-18 19:25:34,丰台区,房山区,17.2,2.9
2024-06-26 08:25:50,2024-06-26 08:28:50,西城区,西城区,13.6,1.2
2024-06-28 15:39:06,2024-06-28 16:03:06,东城区,东城区,33.0,11.3
2024-06-04 19:49:27,2024-06-04 20:11:27,海淀区,石景山区,27.0,8.2
2024-06-18 11:29:18,2024-06-18 11:45:18,朝阳区,东城区,29.9,9.3
2024-06-18 12:41:19,2024-06-18 13:00:19,海淀区,丰台区,22.7,5.6
2024-06-17 18:21:01,2024-06-17 18:49:01,海淀区,东城区,39.4,13.5
2024-06-03 09:49:30,2024-06-03 10:02:30,朝阳区,门头沟区,26.1,7.4
2024-06-27 12:28:26,2024-06-27 13:00:26,东城区,西城区,42.2,15.1
2024-06-12 20:14:53,2024-06-12 20:48:53,朝阳区,通州区,38.2,12.7
2024-06-23 07:56:01,2024-06-23 08:20:01,朝阳区,石景山区,29.1,10.0
2024-06-27 17:28:09,2024-06-27 17:31:09,东城区,石景山区,13.4,1.0
2024-06-14 11:39:53,2024-06-14 12:05:53,房山区,顺义区,40.5,14.8
2024-06-30 17:22:20,2024-06-30 17:31:20,丰台区,西城区,25.9,6.5
2024-06-29 23:46:16,2024-06-30 00:00:16,朝阳区,通州区,30.4,8.5
2024-06-25 07:59:12,2024-06-25 08:10:12,海淀区,东城区,20.4,6.2
2024-06-13 12:59:35,2024-06-13 13:09:35,通州区,门头沟区,22.6,5.8
2024-06-27 18:04:48,2024-06-27 19:31:48,大兴区,东城区,52.7,19.4
2024-06-04 13:57:11,2024-06-04 14:04:11,丰台区,通州区,18.2,4.0
2024-06-05 18:08:54,2024-06-05 18:24:54,石景山区,门头沟区,25.5,8.4
2024-06-14 14:06:20,2024-06-14 14:19:20,通州区,大兴区,21.3,5.5
2024-06-13 13:39:59,2024-06-13 13:50:59,朝阳区,石景山区,26.8,8.1
2024-06-28 18:20:09,2024-06-28 18:41:09,大兴区,大兴区,32.9,10.6
2024-06-12 12:00:12,2024-06-12 12:05:12,东城区,顺义区,14.8,2.0
2024-06-04 17:56:45,2024-06-04 17:59:45,通州区,通州区,14.8,1.1
2024-06-11 07:20:57,2024-06-11 07:41:57,顺义区,昌平区,28.0,8.0
2024-06-07 09:12:23,2024-06-07 10:26:23,房山区,丰台区,49.7,18.9
2024-06-04 19:46:52,2024-06-04 20:11:52,丰台区,东城区,45.4,15.2
2024-06-23 07:22:29,2024-06-23 07:51:29,朝阳区,门头沟区,33.7,11.3
2024-06-20 08:41:23,2024-06-20 08:58:23,朝阳区,通州区,36.8,11.4
2024-06-16 12:38:46,2024-06-16 13:37:46,大兴区,房山区,56.3,19.9
2024-06-11 13:12:13,2024-06-11 13:15:13,朝阳区,西城区,13.1,1.0
2024-06-12 18:29:25,2024-06-12 18:47:25,通州区,门头沟区,23.0,5.6
2024-06-19 07:44:16,2024-06-19 07:58:16,海淀区,大兴区,27.1,8.4
2024-06-10 15:59:24,2024-06-10 16:12:24,海淀区,昌平区,24.1,6.7
2024-06-30 09:55:05,2024-06-30 10:06:05,石景山区,海淀区,25.7,6.5
2024-06-15 23:59:04,2024-06-16 00:06:04,西城区,门头沟区,20.8,5.5
2024-06-28 09:29:07,2024-06-28 10:12:07,东城区,大兴区,42.8,15.5
2024-06-26 09:02:29,2024-06-26 09:27:29,顺义区,顺义区,32.8,10.0
2024-06-26 10:32:04,2024-06-26 10:47:04,石景山区,大兴区,30.8,10.5
2024-06-13 13:50:56,2024-06-13 14:05:56,东城区,海淀区,29.4,9.7
2024-06-12 07:45:32,2024-06-12 08:33:32,东城区,丰台区,46.8,15.6
2024-06-04 09:16:22,2024-06-04 09:22:22,昌平区,海淀区,15.4,2.5
2024-06-25 13:31:36,2024-06-25 13:42:36,朝阳区,门头沟区,18.1,4.4
2024-06-02 16:09:45,2024-06-02 16:23:45,大兴区,丰台区,24.4,6.4
2024-06-04 10:46:43,2024-06-04 10:51:43,门头沟区,大兴区,16.6,3.3
2024-06-18 13:16:21,2024-06-18 13:27:21,通州区,昌平区,27.9,8.3
2024-06-03 19:40:32,2024-06-03 19:53:32,海淀区,门头沟区,21.2,6.5
2024-06-24 08:38:48,2024-06-24 08:55:48,西城区,门头沟区,31.9,10.7
2024-06-22 13:52:18,2024-06-22 14:16:18,朝阳区,昌平区,40.7,14.0
2024-06-16 23:31:50,2024-06-16 23:42:50,石景山区,顺义区,22.1,5.9
2024-06-03 14:15:19,2024-06-03 14:37:19,顺义区,丰台区,36.2,11.2
2024-06-02 18:13:58,2024-06-02 18:27:58,房山区,通州区,30.8,9.5
2024-06-14 17:34:41,2024-06-14 17:54:41,大兴区,通州区,33.4,10.7
2024-07-01 17:27:41,2024-07-01 17:49:41,朝阳区,房山区,31.1,10.4
2024-06-27 13:25:07,2024-06-27 13:37:07,通州区,大兴区,18.9,5.1
2024-06-22 05:26:34,2024-06-22 05:36:34,朝阳区,西城区,17.0,4.2
2024-06-15 20:00:11,2024-06-15 20:32:11,西城区,昌平区,26.8,8.2
2024-06-28 23:33:26,2024-06-29 00:01:26,昌平区,大兴区,25.6,7.5
2024-06-24 19:46:08,2024-06-24 19:55:08,石景山区,房山区,22.0,6.1
2024-07-01 18:07:17,2024-07-01 18:30:17,石景山区,西城区,38.1,12.0
2024-06-12 10:24:03,2024-06-12 10:44:03,朝阳区,昌平区,24.6,7.9
2024-06-18 09:02:42,2024-06-18 09:23:42,西城区,顺义区,30.8,9.4
2024-06-05 21:06:24,2024-06-05 21:13:24,海淀区,丰台区,15.9,3.4
2024-06-10 08:00:52,2024-06-10 08:10:52,海淀区,朝阳区,21.0,5.0
2024-07-01 13:36:40,2024-07-01 13:40:40,海淀区,大兴区,16.4,1.0
2024-06-11 13:38:47,2024-06-11 13:59:47,大兴区,门头沟区,18.5,5.2
2024-06-22 20:49:22,2024-06-22 21:19:22,东城区,海淀区,37.2,12.5
2024-06-30 10:53:54,2024-06-30 11:15:54,海淀区,门头沟区,33.7,11.1
2024-06-18 18:45:24,2024-06-18 19:24:24,西城区,石景山区,35.1,11.5
2024-06-04 19:46:46,2024-06-04 20:14:46,朝阳区,石景山区,44.6,14.8
2024-06-04 07:03:19,2024-06-04 07:21:19,朝阳区,昌平区,27.9,7.5
2024-06-29 11:29:34,2024-06-29 11:51:34,昌平区,门头沟区,48.3,16.6
2024-06-13 07:00:27,2024-06-13 07:27:27,石景山区,石景山区,33.6,11.7
2024-06-22 13:04:30,2024-06-22 13:10:30,东城区,丰台区,14.9,3.6
2024-06-15 10:31:31,2024-06-15 11:15:31,通州区,大兴区,34.8,11.5
2024-06-17 10:56:56,2024-06-17 11:12:56,朝阳区,顺义区,31.8,10.0
2024-06-17 13:37:03,2024-06-17 13:51:03,朝阳区,房山区,26.4,7.6
2024-06-21 11:47:36,2024-06-21 12:04:36,顺义区,西城区,23.3,5.3
2024-06-13 08:30:52,2024-06-13 09:01:52,石景山区,海淀区,18.0,5.1
2024-06-28 17:11:14,2024-06-28 17:39:14,东城区,昌平区,21.1,6.2
2024-06-02 19:31:52,2024-06-02 19:37:52,东城区,丰台区,16.2,4.0
2024-06-24 11:32:44,2024-06-24 11:44:44,海淀区,东城区,25.7,6.8
2024-06-25 07:09:29,2024-06-25 07:35:29,西城区,丰台区,28.4,9.3
2024-06-22 23:33:30,2024-06-23 00:07:30,门头沟区,顺义区,37.7,12.6
2024-06-26 13:51:14,2024-06-26 14:14:14,朝阳区,朝阳区,27.7,9.3
2024-06-23 11:56:36,2024-06-23 12:39:36,东城区,丰台区,41.4,13.3
2024-07-01 08:28:06,2024-07-01 08:38:06,海淀区,房山区,13.8,2.6
2024-06-10 16:54:58,2024-06-10 17:30:58,房山区,石景山区,31.2,9.1
2024-06-11 16:53:08,2024-06-11 17:09:08,昌平区,昌平区,25.1,7.9
2024-06-21 09:12:09,2024-06-21 09:22:09,朝阳区,海淀区,25.2,6.3
2024-06-28 08:06:43,2024-06-28 08:16:43,昌平区,大兴区,14.3,3.4
2024-06-09 16:55:12,2024-06-09 17:08:12,西城区,通州区,25.9,7.2
2024-06-01 14:56:21,2024-06-01 14:59:21,朝阳区,顺义区,16.3,1.0
2024-06-13 19:36:33,2024-06-13 19:50:33,朝阳区,石景山区,18.6,4.9
2024-06-21 22:48:42,2024-06-21 23:05:42,石景山区,通州区,25.9,6.9
2024-06-05 13:15:19,2024-06-05 13:35:19,西城区,大兴区,35.2,11.5
2024-06-18 08:01:24,2024-06-18 09:03:24,西城区,丰台区,44.0,15.9
2024-06-07 08:34:33,2024-06-07 09:12:33,东城区,大兴区,37.2,12.9
2024-06-09 16:52:19,2024-06-09 17:04:19,朝阳区,房山区,25.8,7.8
2024-06-28 13:19:22,2024-06-28 13:25:22,东城区,石景山区,18.3,5.2
2024-06-28 17:51:40,2024-06-28 18:27:40,昌平区,门头沟区,59.3,21.0
2024-06-24 13:01:35,2024-06-24 13:24:35,房山区,海淀区,25.7,6.8
2024-06-26 06:43:23,2024-06-26 06:46:23,丰台区,房山区,15.8,1.0
2024-06-10 19:27:17,2024-06-10 20:25:17,顺义区,房山区,44.8,16.2
2024-06-19 08:24:51,2024-06-19 08:27:51,昌平区,西城区,15.2,1.0
2024-06-29 16:56:10,2024-06-29 17:16:10,海淀区,通州区,18.5,5.2
2024-06-30 22:52:31,2024-06-30 22:58:31,东城区,朝阳区,13.7,1.0
2024-06-02 17:34:50,2024-06-02 17:43:50,西城区,石景山区,20.3,4.6
2024-06-07 10:54:17,2024-06-07 11:41:17,西城区,石景山区,35.1,11.5
2024-06-28 17:01:37,2024-06-28 17:04:37,朝阳区,西城区,13.6,1.0
2024-06-29 16:41:45,2024-06-29 16:53:45,昌平区,房山区,26.5,7.9
2024-06-07 07:21:02,2024-06-07 07:44:02,朝阳区,门头沟区,30.8,10.5
2024-06-28 12:47:47,2024-06-28 12:50:47,朝阳区,海淀区,16.2,1.0
2024-06-25 17:40:01,2024-06-25 18:02:01,丰台区,门头沟区,32.2,11.3
2024-06-25 17:05:37,2024-06-25 17:16:37,顺义区,东城区,24.0,6.5
2024-07-01 17:20:45,2024-07-01 17:31:45,朝阳区,朝阳区,24.8,6.6
2024-06-10 09:54:42,2024-06-10 10:10:42,西城区,房山区,37.7,12.4
2024-06-06 17:36:03,2024-06-06 18:14:03,西城区,丰台区,35.4,12.2
2024-06-25 19:52:30,2024-06-25 20:11:30,石景山区,通州区,30.1,9.8
2024-06-01 12:26:12,2024-06-01 12:29:12,海淀区,西城区,13.2,1.0
2024-06-12 21:51:56,2024-06-12 22:03:56,丰台区,房山区,24.8,7.6
2024-06-23 19:31:14,2024-06-23 19:43:14,通州区,东城区,30.4,8.4
2024-06-18 09:45:22,2024-06-18 09:50:22,海淀区,丰台区,15.6,2.7
2024-06-25 09:55:30,2024-06-25 10:21:30,丰台区,房山区,29.2,9.5
2024-06-21 09:04:30,2024-06-21 09:21:30,朝阳区,通州区,22.0,6.5
2024-06-08 16:11:04,2024-06-08 16:19:04,朝阳区,通州区,20.5,4.6
2024-06-28 11:21:34,2024-06-28 11:30:34,西城区,朝阳区,25.0,6.3
2024-06-27 07:43:26,2024-06-27 08:52:26,昌平区,海淀区,36.7,11.5
2024-06-14 14:03:16,2024-06-14 14:15:16,海淀区,海淀区,18.3,3.8
2024-06-23 19:21:32,2024-06-23 19:30:32,东城区,丰台区,20.6,6.0
2024-06-27 12:41:29,2024-06-27 12:47:29,昌平区,门头沟区,15.2,1.7
2024-06-08 11:37:21,2024-06-08 11:57:21,丰台区,东城区,38.8,13.4
2024-06-01 16:01:34,2024-06-01 16:30:34,房山区,海淀区,23.0,7.3
2024-06-03 11:14:31,2024-06-03 11:21:31,西城区,东城区,18.8,3.5
2024-06-23 11:43:43,2024-06-23 12:12:43,西城区,门头沟区,31.9,9.3
2024-06-29 07:52:07,2024-06-29 08:38:07,门头沟区,东城区,35.8,10.9
2024-06-05 09:19:51,2024-06-05 09:31:51,海淀区,西城区,37.1,11.4
2024-06-11 18:09:48,2024-06-11 18:43:48,海淀区,房山区,21.3,5.6
2024-06-16 20:50:53,2024-06-16 21:20:53,门头沟区,西城区,45.7,16.0
2024-06-13 11:51:53,2024-06-13 11:58:53,通州区,海淀区,17.8,5.0
2024-06-04 07:39:33,2024-06-04 07:50:33,大兴区,顺义区,18.7,4.3
2024-06-10 17:06:38,2024-06-10 17:44:38,丰台区,东城区,54.7,20.9
2024-06-08 09:20:03,2024-06-08 09:45:03,海淀区,顺义区,35.9,12.8
2024-06-05 14:46:01,2024-06-05 14:59:01,朝阳区,西城区,27.8,8.9
2024-06-25 18:39:49,2024-06-25 18:56:49,西城区,通州区,20.6,5.7
2024-06-23 17:49:09,2024-06-23 18:08:09,东城区,丰台区,34.2,11.5
2024-06-22 12:13:37,2024-06-22 12:28:37,丰台区,门头沟区,21.5,6.2
2024-06-27 10:57:13,2024-06-27 11:04:13,海淀区,顺义区,19.2,3.6
2024-06-30 10:33:55,2024-06-30 10:44:55,西城区,房山区,20.8,4.9
2024-06-01 18:13:10,2024-06-01 18:44:10,门头沟区,门头沟区,38.0,12.7
2024-06-25 08:00:19,2024-06-25 08:16:19,昌平区,通州区,32.6,10.6
2024-06-09 17:49:49,2024-06-09 18:11:49,昌平区,顺义区,25.4,6.3
2024-06-18 07:34:17,2024-06-18 07:37:17,朝阳区,顺义区,14.2,1.0
2024-06-05 09:23:09,2024-06-05 09:27:09,海淀区,海淀区,17.8,1.0
2024-06-13 07:44:30,2024-06-13 08:34:30,丰台区,朝阳区,29.8,8.3
2024-06-04 17:42:04,2024-06-04 18:12:04,丰台区,顺义区,28.3,8.9
2024-06-20 04:43:19,2024-06-20 04:49:19,朝阳区,门头沟区,17.0,1.0
2024-06-12 12:04:31,2024-06-12 12:46:31,丰台区,通州区,56.3,20.7
2024-06-06 10:36:55,2024-06-06 10:49:55,石景山区,西城区,27.2,7.6
2024-06-26 20:55:35,2024-06-26 21:03:35,朝阳区,门头沟区,20.7,5.4
2024-06-11 13:59:43,2024-06-11 14:09:43,朝阳区,昌平区,24.8,6.5
2024-06-17 07:19:32,2024-06-17 07:31:32,顺义区,门头沟区,23.5,6.4
2024-06-17 11:29:26,2024-06-17 11:39:26,海淀区,朝阳区,29.4,8.2
2024-06-09 09:26:54,2024-06-09 09:55:54,丰台区,朝阳区,48.8,17.9
2024-06-12 11:52:06,2024-06-12 12:20:06,丰台区,昌平区,37.8,13.1
2024-06-17 09:45:44,2024-06-17 10:08:44,西城区,东城区,30.7,10.4
2024-06-01 14:15:05,2024-06-01 14:29:05,朝阳区,朝阳区,20.9,4.9
2024-06-18 19:29:18,2024-06-18 19:41:18,西城区,昌平区,34.4,11.6
2024-07-01 02:36:54,2024-07-01 02:47:54,西城区,西城区,25.6,8.3
2024-06-04 18:19:02,2024-06-04 18:29:02,大兴区,门头沟区,15.3,3.2
2024-06-29 19:49:55,2024-06-29 19:52:55,海淀区,大兴区,15.5,1.0
2024-06-17 13:37:41,2024-06-17 14:04:41,门头沟区,通州区,31.0,9.5
2024-06-27 16:43:15,2024-06-27 16:56:15,朝阳区,海淀区,18.0,4.7
2024-06-17 16:27:13,2024-06-17 16:32:13,东城区,通州区,16.2,2.9
2024-06-08 13:09:28,2024-06-08 13:12:28,西城区,房山区,16.1,1.0
2024-06-07 11:49:04,2024-06-07 12:00:04,门头沟区,门头沟区,23.7,6.3
2024-06-30 23:27:18,2024-06-30 23:38:18,通州区,大兴区,29.0,8.3
2024-06-10 17:56:56,2024-06-10 17:59:56,大兴区,门头沟区,17.1,1.0
2024-06-13 08:02:50,2024-06-13 08:26:50,通州区,房山区,31.7,9.0
2024-06-17 10:07:51,2024-06-17 10:24:51,朝阳区,东城区,30.3,8.8
2024-06-06 18:16:03,2024-06-06 18:22:03,海淀区,丰台区,16.4,2.7
2024-06-26 13:36:43,2024-06-26 13:42:43,海淀区,丰台区,19.3,4.6
2024-06-15 09:38:38,2024-06-15 09:42:38,朝阳区,顺义区,15.8,2.3
2024-06-18 19:47:21,2024-06-18 20:13:21,东城区,东城区,33.2,10.0
2024-06-12 04:51:49,2024-06-12 05:17:49,东城区,海淀区,40.8,13.8
2024-06-03 13:13:36,2024-06-03 13:31:36,海淀区,顺义区,32.5,10.4
2024-06-16 13:29:30,2024-06-16 14:17:30,朝阳区,丰台区,48.9,16.6
2024-06-05 19:22:08,2024-06-05 19:53:08,顺义区,丰台区,37.8,13.0
2024-06-07 14:38:39,2024-06-07 14:54:39,丰台区,海淀区,38.4,13.0
2024-06-18 19:37:20,2024-06-18 19:47:20,门头沟区,西城区,15.5,3.2
2024-06-14 05:30:07,2024-06-14 05:51:07,海淀区,昌平区,29.7,10.2
2024-06-21 09:54:32,2024-06-21 10:18:32,海淀区,朝阳区,34.0,10.2
2024-06-01 11:57:29,2024-06-01 12:21:29,朝阳区,门头沟区,38.3,13.7
2024-06-08 16:39:34,2024-06-08 16:54:34,朝阳区,西城区,17.3,3.1
2024-06-28 11:18:08,2024-06-28 11:59:08,海淀区,石景山区,35.9,11.7
2024-06-18 10:17:58,2024-06-18 10:43:58,海淀区,石景山区,31.9,10.4
2024-06-27 19:02:52,2024-06-27 19:19:52,西城区,顺义区,38.5,13.6
2024-06-30 09:20:10,2024-06-30 09:53:10,丰台区,昌平区,31.6,10.5
2024-06-04 18:16:31,2024-06-04 18:29:31,海淀区,房山区,26.7,7.1
2024-06-01 23:29:59,2024-06-02 00:24:59,丰台区,房山区,40.4,14.5
2024-06-17 17:19:14,2024-06-17 17:39:14,朝阳区,顺义区,37.7,13.2
2024-06-14 17:56:42,2024-06-14 18:01:42,朝阳区,石景山区,14.5,2.6
2024-06-28 21:13:07,2024-06-28 21:33:07,门头沟区,昌平区,28.7,8.5
2024-06-06 13:36:38,2024-06-06 13:39:38,东城区,房山区,16.3,1.0
2024-06-22 05:14:27,2024-06-22 05:17:27,东城区,海淀区,13.3,1.1
2024-06-26 09:48:17,2024-06-26 10:10:17,西城区,朝阳区,29.0,8.8
2024-06-24 13:49:38,2024-06-24 14:11:38,丰台区,西城区,27.5,7.5
2024-06-27 23:59:12,2024-06-28 00:29:12,朝阳区,朝阳区,33.5,11.3
2024-06-17 18:29:13,2024-06-17 18:54:13,海淀区,朝阳区,29.9,10.1
2024-06-24 17:36:23,2024-06-24 17:44:23,西城区,门头沟区,14.3,3.2
2024-06-08 08:45:08,2024-06-08 09:10:08,朝阳区,西城区,26.3,7.6
2024-06-18 13:58:25,2024-06-18 14:08:25,通州区,顺义区,22.6,5.7
2024-06-04 08:51:15,2024-06-04 09:57:15,丰台区,大兴区,51.3,18.4
2024-06-17 11:37:33,2024-06-17 11:58:33,朝阳区,昌平区,41.2,13.7
2024-06-20 16:26:17,2024-06-20 16:49:17,东城区,大兴区,34.7,11.1
2024-06-29 06:59:38,2024-06-29 07:32:38,东城区,丰台区,41.4,13.6
2024-06-21 18:20:23,2024-06-21 18:44:23,海淀区,昌平区,44.1,15.7
2024-06-10 13:41:19,2024-06-10 14:24:19,东城区,石景山区,38.6,12.7
2024-06-25 23:13:17,2024-06-25 23:21:17,房山区,东城区,22.7,6.5
2024-06-01 12:48:33,2024-06-01 12:58:33,丰台区,门头沟区,24.3,7.1
2024-06-04 17:31:54,2024-06-04 17:55:54,海淀区,大兴区,35.0,12.5
2024-06-30 10:06:41,2024-06-30 10:19:41,朝阳区,朝阳区,30.6,8.5
2024-06-19 23:01:49,2024-06-19 23:51:49,海淀区,丰台区,46.4,16.9
2024-06-18 08:21:52,2024-06-18 08:28:52,通州区,东城区,16.1,3.7
2024-06-22 12:22:56,2024-06-22 12:26:56,西城区,丰台区,13.3,1.0
2024-06-27 09:18:03,2024-06-27 09:42:03,东城区,东城区,35.6,11.0
2024-06-22 19:50:04,2024-06-22 19:58:04,朝阳区,石景山区,14.5,2.5
2024-06-17 13:05:01,2024-06-17 13:55:01,朝阳区,昌平区,29.6,8.4
2024-06-04 00:38:48,2024-06-04 00:57:48,朝阳区,海淀区,32.7,10.4
2024-06-21 18:38:54,2024-06-21 18:46:54,通州区,房山区,18.9,4.8
2024-06-27 11:51:44,2024-06-27 11:59:44,西城区,顺义区,20.3,4.8
2024-06-06 12:01:41,2024-06-06 12:59:41,大兴区,顺义区,51.9,18.8
2024-06-15 10:31:39,2024-06-15 10:53:39,丰台区,丰台区,37.9,12.7
2024-06-08 09:42:50,2024-06-08 09:47:50,石景山区,石景山区,17.6,3.7
2024-06-25 11:42:22,2024-06-25 11:57:22,昌平区,通州区,35.4,11.0
2024-06-12 23:27:32,2024-06-13 00:20:32,朝阳区,丰台区,37.5,13.2
2024-06-25 14:11:41,2024-06-25 14:29:41,海淀区,通州区,29.3,8.4
2024-06-13 12:00:49,2024-06-13 12:03:49,昌平区,西城区,14.2,1.2
2024-06-26 21:39:35,2024-06-26 21:58:35,房山区,东城区,35.4,11.5
2024-06-24 11:11:48,2024-06-24 12:19:48,西城区,海淀区,35.3,11.3
2024-06-15 20:38:21,2024-06-15 21:02:21,丰台区,房山区,42.4,14.5
2024-06-19 10:10:14,2024-06-19 10:41:14,房山区,丰台区,49.5,17.6
2024-06-18 00:34:34,2024-06-18 01:00:34,房山区,朝阳区,30.6,8.8
2024-06-02 19:56:20,2024-06-02 20:06:20,顺义区,房山区,17.3,3.6
2024-06-11 07:05:48,2024-06-11 07:16:48,海淀区,海淀区,24.4,7.6
2024-06-04 08:06:08,2024-06-04 08:31:08,昌平区,朝阳区,45.6,15.7
2024-06-05 19:06:12,2024-06-05 19:16:12,东城区,大兴区,26.4,7.7
2024-06-04 17:32:48,2024-06-04 17:54:48,海淀区,房山区,36.0,11.0
2024-06-03 08:29:32,2024-06-03 08:38:32,海淀区,石景山区,19.1,4.9
2024-06-04 17:38:06,2024-06-04 17:41:06,石景山区,海淀区,16.2,1.0
2024-06-06 11:44:42,2024-06-06 12:08:42,昌平区,西城区,38.6,12.4
2024-06-16 13:01:54,2024-06-16 13:23:54,西城区,房山区,30.4,8.9
2024-06-25 21:55:39,2024-06-25 22:01:39,西城区,石景山区,15.4,3.7
2024-06-24 18:09:07,2024-06-24 18:26:07,大兴区,大兴区,23.8,5.7
2024-06-10 18:03:35,2024-06-10 18:26:35,朝阳区,西城区,28.0,8.5
2024-06-08 17:02:12,2024-06-08 17:21:12,朝阳区,西城区,30.0,10.2
2024-06-19 12:02:45,2024-06-19 12:21:45,通州区,东城区,33.1,10.0
2024-06-29 12:54:45,2024-06-29 13:16:45,海淀区,海淀区,31.6,9.6
2024-06-17 14:07:46,2024-06-17 14:15:46,海淀区,大兴区,20.1,4.5
2024-06-22 13:25:25,2024-06-22 13:43:25,东城区,昌平区,22.9,6.3
2024-06-28 15:49:32,2024-06-28 16:13:32,东城区,房山区,36.1,11.8
2024-06-17 19:04:29,2024-06-17 19:19:29,东城区,丰台区,30.1,8.9
2024-06-27 18:30:00,2024-06-27 19:17:00,海淀区,丰台区,36.7,13.2
2024-06-27 14:23:42,2024-06-27 14:26:42,海淀区,海淀区,16.6,1.0
2024-06-06 14:12:30,2024-06-06 14:30:30,朝阳区,门头沟区,39.3,13.6
2024-06-15 17:23:59,2024-06-15 17:26:59,东城区,顺义区,14.6,2.0
2024-07-01 14:11:06,2024-07-01 14:41:06,西城区,西城区,53.2,19.1
2024-06-08 11:15:23,2024-06-08 11:32:23,大兴区,顺义区,27.9,9.2
2024-06-16 12:28:27,2024-06-16 12:45:27,昌平区,西城区,30.5,9.0
2024-06-18 11:10:17,2024-06-18 11:36:17,东城区,通州区,42.6,14.0
2024-06-05 12:26:12,2024-06-05 13:10:12,朝阳区,东城区,45.8,16.5
2024-06-13 13:58:00,2024-06-13 14:11:00,通州区,海淀区,25.8,6.6
2024-06-24 16:19:50,2024-06-24 16:30:50,通州区,通州区,31.8,10.0
2024-07-01 08:50:10,2024-07-01 08:57:10,大兴区,大兴区,21.9,4.8
2024-06-24 09:50:22,2024-06-24 10:16:22,朝阳区,西城区,32.8,10.6
2024-06-08 18:23:24,2024-06-08 18:36:24,海淀区,东城区,19.9,4.1
2024-06-10 13:18:44,2024-06-10 14:17:44,昌平区,房山区,55.2,20.7
2024-06-05 06:42:16,2024-06-05 06:46:16,西城区,大兴区,16.0,1.7
2024-06-25 09:07:33,2024-06-25 09:22:33,海淀区,石景山区,30.5,8.5
2024-06-17 04:45:28,2024-06-17 04:53:28,朝阳区,大兴区,18.5,4.9
2024-06-13 07:05:34,2024-06-13 07:15:34,海淀区,昌平区,20.5,4.5
2024-06-28 12:30:49,2024-06-28 12:43:49,丰台区,昌平区,33.5,10.2
2024-06-17 13:13:33,2024-06-17 13:31:33,朝阳区,丰台区,27.6,7.9
2024-06-15 13:18:40,2024-06-15 13:45:40,石景山区,通州区,46.5,17.2
2024-06-07 07:59:44,2024-06-07 08:13:44,东城区,通州区,22.2,6.7
2024-06-22 15:55:47,2024-06-22 16:13:47,海淀区,石景山区,28.0,9.5
2024-06-15 23:03:18,2024-06-15 23:17:18,房山区,昌平区,23.8,6.2
2024-06-12 15:06:24,2024-06-12 15:20:24,丰台区,西城区,25.2,7.9
2024-06-07 03:16:48,2024-06-07 03:23:48,房山区,海淀区,20.2,4.9
2024-06-22 12:06:29,2024-06-22 12:11:29,朝阳区,石景山区,14.5,2.2
2024-06-19 08:04:30,2024-06-19 08:12:30,门头沟区,房山区,13.1,2.9
2024-06-28 07:47:03,2024-06-28 07:58:03,西城区,门头沟区,22.5,6.6
2024-06-21 13:24:15,2024-06-21 13:27:15,通州区,门头沟区,14.5,1.0
2024-06-22 17:26:25,2024-06-22 17:41:25,丰台区,房山区,26.6,8.0
2024-06-10 13:44:34,2024-06-10 14:00:34,通州区,通州区,35.0,11.5
2024-06-18 10:55:10,2024-06-18 11:04:10,东城区,朝阳区,19.6,5.2
2024-06-29 09:02:57,2024-06-29 09:13:57,丰台区,丰台区,26.7,7.2
2024-06-18 00:27:21,2024-06-18 00:38:21,通州区,朝阳区,24.1,6.4
2024-06-30 17:56:44,2024-06-30 18:30:44,朝阳区,朝阳区,30.9,8.6
2024-06-02 23:20:58,2024-06-03 00:51:58,海淀区,昌平区,45.3,15.1
2024-06-27 17:54:25,2024-06-27 18:11:25,东城区,门头沟区,27.3,8.5
2024-06-04 17:39:33,2024-06-04 18:46:33,丰台区,西城区,35.3,11.2
2024-06-15 23:37:06,2024-06-15 23:43:06,昌平区,海淀区,15.0,3.5
2024-06-13 23:22:04,2024-06-13 23:46:04,石景山区,顺义区,32.5,11.2
2024-06-14 12:41:25,2024-06-14 12:59:25,东城区,通州区,29.7,9.3
2024-06-10 15:01:44,2024-06-10 15:25:44,西城区,大兴区,30.0,9.6
2024-06-21 08:20:31,2024-06-21 08:27:31,大兴区,大兴区,16.8,1.9
2024-06-19 11:33:46,2024-06-19 11:36:46,海淀区,房山区,15.5,1.0
2024-06-22 19:24:42,2024-06-22 19:36:42,丰台区,昌平区,21.6,6.5
2024-06-10 18:47:59,2024-06-10 18:55:59,西城区,门头沟区,17.8,3.8
2024-06-26 11:23:25,2024-06-26 11:44:25,西城区,顺义区,35.1,10.7
2024-06-19 16:05:50,2024-06-19 16:08:50,通州区,丰台区,13.1,1.0
2024-06-22 20:16:59,2024-06-22 20:19:59,朝阳区,房山区,14.0,1.0
2024-06-11 07:41:29,2024-06-11 08:13:29,顺义区,西城区,28.6,8.9
2024-06-14 10:37:43,2024-06-14 11:11:43,石景山区,丰台区,36.4,12.7
2024-06-30 12:12:22,2024-06-30 12:22:22,门头沟区,丰台区,21.2,6.3
2024-06-12 05:59:58,2024-06-12 06:04:58,通州区,西城区,15.4,3.7
2024-06-28 10:37:25,2024-06-28 11:28:25,房山区,西城区,46.9,16.2
2024-06-13 12:10:48,2024-06-13 12:23:48,朝阳区,通州区,27.9,9.2
2024-06-21 13:14:06,2024-06-21 13:17:06,东城区,海淀区,14.4,1.0
2024-06-18 09:04:35,2024-06-18 09:33:35,西城区,门头沟区,35.7,12.5
2024-06-29 21:28:56,2024-06-29 21:38:56,西城区,海淀区,24.4,7.4
2024-06-26 14:08:20,2024-06-26 14:49:20,海淀区,朝阳区,31.8,9.7
2024-06-02 09:36:23,2024-06-02 09:54:23,朝阳区,东城区,28.8,7.9
2024-06-02 13:11:50,2024-06-02 13:45:50,昌平区,朝阳区,40.9,14.9
2024-06-28 19:17:24,2024-06-28 19:20:24,东城区,昌平区,17.6,1.0
2024-06-12 12:17:29,2024-06-12 12:34:29,东城区,石景山区,27.9,8.2
2024-06-08 12:13:37,2024-06-08 12:40:37,顺义区,房山区,48.4,16.4
2024-06-29 12:19:47,2024-06-29 12:55:47,昌平区,顺义区,33.3,11.8
2024-06-18 09:26:50,2024-06-18 09:39:50,东城区,丰台区,23.2,7.3
2024-06-08 15:06:20,2024-06-08 15:26:20,丰台区,门头沟区,37.6,11.9
2024-06-05 13:51:39,2024-06-05 14:20:39,朝阳区,西城区,46.5,16.2
2024-06-22 15:04:35,2024-06-22 15:07:35,朝阳区,房山区,15.6,1.1
2024-06-13 13:36:26,2024-06-13 14:19:26,丰台区,丰台区,46.4,16.6
2024-06-08 12:16:16,2024-06-08 12:19:16,朝阳区,朝阳区,14.3,1.0
2024-06-08 12:26:34,2024-06-08 12:33:34,丰台区,房山区,18.4,5.1
2024-06-13 14:03:30,2024-06-13 14:06:30,西城区,昌平区,14.2,1.0
2024-06-27 12:40:11,2024-06-27 12:57:11,朝阳区,丰台区,29.2,8.6
2024-06-02 11:06:54,2024-06-02 11:31:54,房山区,丰台区,29.0,8.2
2024-07-01 15:29:17,2024-07-01 15:47:17,海淀区,顺义区,38.2,13.4
2024-06-29 18:53:24,2024-06-29 19:31:24,通州区,顺义区,38.0,12.3
2024-06-20 18:26:14,2024-06-20 18:46:14,昌平区,昌平区,35.1,10.9
2024-06-28 13:11:05,2024-06-28 13:22:05,顺义区,通州区,28.4,7.8
2024-06-04 15:39:37,2024-06-04 16:13:37,朝阳区,海淀区,44.5,16.7
2024-06-09 09:45:55,2024-06-09 10:03:55,西城区,大兴区,29.4,8.2
2024-06-07 14:34:18,2024-06-07 14:47:18,顺义区,房山区,21.0,6.2
2024-06-03 11:38:18,2024-06-03 11:51:18,东城区,房山区,29.4,8.1
2024-06-15 15:09:33,2024-06-15 15:20:33,海淀区,昌平区,19.8,5.1
2024-06-09 15:13:26,2024-06-09 15:40:26,海淀区,石景山区,34.9,11.9
2024-06-26 07:16:57,2024-06-26 07:19:57,海淀区,石景山区,15.1,1.0
2024-06-07 13:55:52,2024-06-07 14:21:52,顺义区,东城区,38.9,12.2
2024-06-29 09:33:32,2024-06-29 09:36:32,朝阳区,房山区,16.3,1.0
2024-06-05 05:41:37,2024-06-05 05:56:37,通州区,海淀区,33.1,9.7
2024-06-11 08:28:40,2024-06-11 09:03:40,东城区,西城区,29.3,8.7
2024-06-10 13:48:09,2024-06-10 13:51:09,东城区,房山区,17.8,1.0
2024-06-02 16:47:05,2024-06-02 17:00:05,朝阳区,昌平区,25.0,8.1
2024-06-12 13:18:25,2024-06-12 13:46:25,石景山区,大兴区,45.1,14.8
2024-06-18 17:35:25,2024-06-18 17:44:25,海淀区,石景山区,23.9,6.7
2024-06-21 13:34:41,2024-06-21 13:46:41,西城区,房山区,32.6,9.4
2024-06-01 11:27:30,2024-06-01 11:50:30,朝阳区,门头沟区,35.9,11.9
2024-06-25 17:44:44,2024-06-25 18:12:44,石景山区,朝阳区,29.8,9.7
2024-06-29 13:27:30,2024-06-29 13:30:30,顺义区,昌平区,16.6,1.0
2024-06-28 09:13:48,2024-06-28 09:27:48,西城区,东城区,29.6,8.3
2024-06-20 16:43:37,2024-06-20 16:51:37,门头沟区,丰台区,22.7,5.5
2024-06-17 08:29:27,2024-06-17 08:52:27,朝阳区,丰台区,48.7,16.9
2024-06-01 11:03:54,2024-06-01 11:27:54,西城区,通州区,40.6,13.6
2024-06-19 13:47:33,2024-06-19 14:03:33,海淀区,丰台区,37.1,11.4
2024-06-25 17:56:40,2024-06-25 18:12:40,丰台区,房山区,27.0,8.1
2024-06-10 11:42:33,2024-06-10 12:46:33,朝阳区,海淀区,56.4,21.5
2024-06-17 18:03:10,2024-06-17 18:17:10,东城区,朝阳区,21.2,4.5
2024-06-14 13:57:04,2024-06-14 14:12:04,西城区,昌平区,30.2,9.6
2024-06-22 11:11:27,2024-06-22 11:14:27,大兴区,东城区,16.2,1.0
2024-06-23 13:05:52,2024-06-23 13:16:52,房山区,朝阳区,21.9,5.5
2024-06-12 15:28:39,2024-06-12 16:26:39,海淀区,通州区,41.8,13.8
2024-06-14 14:35:59,2024-06-14 14:43:59,石景山区,东城区,13.8,2.7
2024-06-16 11:14:14,2024-06-16 11:36:14,西城区,丰台区,33.3,10.8
2024-06-07 20:29:01,2024-06-07 20:56:01,东城区,丰台区,33.3,11.7
2024-06-19 09:34:41,2024-06-19 09:56:41,顺义区,大兴区,33.3,10.1
2024-06-11 17:44:17,2024-06-11 17:55:17,丰台区,房山区,28.1,9.3
2024-06-14 12:29:04,2024-06-14 12:53:04,朝阳区,朝阳区,50.4,17.7
2024-06-29 17:39:16,2024-06-29 18:03:16,西城区,海淀区,36.8,12.2
2024-06-26 11:54:51,2024-06-26 12:06:51,西城区,西城区,24.1,6.2
2024-06-02 07:24:27,2024-06-02 07:40:27,顺义区,丰台区,28.8,8.8
2024-06-26 13:01:16,2024-06-26 13:16:16,门头沟区,丰台区,25.9,7.0
2024-06-19 13:57:44,2024-06-19 14:09:44,朝阳区,海淀区,25.0,7.1
2024-06-12 17:44:33,2024-06-12 17:50:33,东城区,石景山区,20.3,4.3
2024-06-04 16:46:35,2024-06-04 17:02:35,顺义区,房山区,30.8,8.7
2024-06-10 15:03:18,2024-06-10 15:23:18,大兴区,通州区,28.3,9.3
2024-06-13 13:04:59,2024-06-13 13:49:59,门头沟区,大兴区,56.7,20.1
2024-06-22 08:44:32,2024-06-22 09:08:32,东城区,门头沟区,41.2,13.2
2024-06-27 03:29:18,2024-06-27 03:53:18,东城区,石景山区,34.5,12.0
2024-06-19 11:20:42,2024-06-19 11:32:42,海淀区,海淀区,25.0,6.9
2024-06-22 11:44:27,2024-06-22 12:13:27,西城区,通州区,39.4,13.6
2024-06-03 08:39:18,2024-06-03 08:45:18,石景山区,海淀区,17.5,3.8
2024-06-21 19:53:45,2024-06-21 19:56:45,通州区,丰台区,16.3,1.0
2024-06-07 11:54:04,2024-06-07 12:02:04,朝阳区,东城区,20.4,5.3
2024-06-13 17:29:34,2024-06-13 17:38:34,朝阳区,朝阳区,22.5,5.0
2024-06-24 12:45:03,2024-06-24 12:48:03,丰台区,昌平区,15.7,1.0
2024-06-24 17:47:33,2024-06-24 18:27:33,西城区,海淀区,36.9,11.9
2024-06-15 15:01:47,2024-06-15 15:11:47,朝阳区,石景山区,22.3,5.2
2024-06-17 19:15:53,2024-06-17 19:22:53,通州区,石景山区,18.8,3.7
2024-06-11 15:01:25,2024-06-11 15:28:25,海淀区,朝阳区,40.3,13.3
2024-06-20 15:53:26,2024-06-20 16:01:26,海淀区,丰台区,19.2,4.1
2024-06-06 18:35:02,2024-06-06 20:06:02,丰台区,海淀区,49.4,17.3
2024-06-05 22:33:39,2024-06-05 23:13:39,昌平区,大兴区,52.3,18.6
2024-06-11 14:36:04,2024-06-11 14:49:04,朝阳区,丰台区,38.3,12.3
2024-06-11 17:00:33,2024-06-11 17:29:33,东城区,丰台区,46.2,15.5
2024-06-24 20:57:19,2024-06-24 21:14:19,丰台区,大兴区,34.6,11.5
2024-06-03 09:52:27,2024-06-03 09:55:27,朝阳区,海淀区,13.2,1.0
2024-06-30 10:58:01,2024-06-30 11:16:01,石景山区,丰台区,29.7,8.2
2024-06-01 19:18:35,2024-06-01 19:40:35,通州区,昌平区,28.5,9.2
2024-06-19 12:05:29,2024-06-19 12:15:29,丰台区,石景山区,22.2,5.2
2024-06-13 13:49:05,2024-06-13 13:58:05,海淀区,西城区,18.9,5.1
2024-06-07 21:17:41,2024-06-07 21:44:41,朝阳区,丰台区,52.8,18.5
2024-06-21 19:28:36,2024-06-21 19:31:36,通州区,大兴区,17.4,1.0
2024-06-22 12:55:25,2024-06-22 13:05:25,海淀区,昌平区,19.2,5.1
2024-07-01 15:50:58,2024-07-01 15:54:58,朝阳区,石景山区,17.8,2.1
2024-06-16 18:04:18,2024-06-16 18:20:18,朝阳区,通州区,30.0,9.0
2024-06-23 11:14:29,2024-06-23 11:38:29,朝阳区,丰台区,33.0,11.3
2024-07-01 07:53:51,2024-07-01 08:34:51,西城区,朝阳区,51.0,19.2
2024-06-17 15:31:55,2024-06-17 16:07:55,大兴区,西城区,28.6,9.0
2024-06-23 11:57:06,2024-06-23 12:17:06,房山区,顺义区,23.2,7.2
2024-06-07 07:09:08,2024-06-07 07:15:08,朝阳区,顺义区,17.8,5.0
2024-06-20 17:18:01,2024-06-20 17:28:01,丰台区,昌平区,22.7,5.9
2024-06-01 16:52:33,2024-06-01 17:19:33,西城区,海淀区,43.7,14.9
2024-06-19 21:52:19,2024-06-19 22:29:19,丰台区,东城区,41.8,14.6
2024-06-26 02:06:07,2024-06-26 02:14:07,海淀区,朝阳区,23.3,6.2
2024-06-06 08:32:02,2024-06-06 08:44:02,西城区,门头沟区,22.6,5.1
2024-06-28 05:13:50,2024-06-28 05:17:50,顺义区,丰台区,16.0,1.0
2024-06-23 11:30:22,2024-06-23 11:34:22,朝阳区,房山区,16.8,3.0
2024-06-11 19:42:22,2024-06-11 20:00:22,东城区,昌平区,21.6,5.9
2024-06-12 12:41:44,2024-06-12 12:55:44,东城区,丰台区,32.5,10.1
2024-06-30 09:56:01,2024-06-30 10:00:01,通州区,房山区,17.0,2.2
2024-06-01 15:33:07,2024-06-01 16:13:07,石景山区,通州区,44.6,15.4
2024-06-01 15:40:49,2024-06-01 15:51:49,朝阳区,丰台区,18.2,4.0
2024-06-10 20:26:03,2024-06-10 20:50:03,海淀区,房山区,36.5,11.4
2024-06-02 15:06:17,2024-06-02 15:31:17,东城区,顺义区,40.3,13.3
2024-06-15 13:28:00,2024-06-15 13:34:00,西城区,顺义区,15.5,3.9
2024-06-19 00:30:08,2024-06-19 00:53:08,顺义区,石景山区,37.0,12.9
2024-06-16 07:07:36,2024-06-16 07:20:36,大兴区,昌平区,19.7,4.4
2024-06-06 15:23:12,2024-06-06 15:48:12,门头沟区,西城区,29.4,8.4
2024-06-10 11:43:30,2024-06-10 12:49:30,顺义区,通州区,37.2,12.1
2024-06-29 18:38:26,2024-06-29 18:47:26,海淀区,海淀区,17.4,4.9
2024-06-28 08:54:54,2024-06-28 09:10:54,房山区,顺义区,33.0,10.2
2024-06-18 18:25:43,2024-06-18 18:29:43,西城区,海淀区,14.6,1.2
2024-06-17 08:33:33,2024-06-17 08:46:33,丰台区,石景山区,22.7,5.5
2024-06-20 19:26:19,2024-06-20 19:29:19,房山区,海淀区,15.4,1.2
2024-06-03 08:29:15,2024-06-03 08:39:15,顺义区,石景山区,25.5,8.1
2024-06-03 15:03:19,2024-06-03 15:11:19,门头沟区,海淀区,18.6,4.7
2024-06-18 11:45:49,2024-06-18 11:59:49,朝阳区,通州区,31.9,9.2
2024-06-03 19:05:58,2024-06-03 19:21:58,西城区,房山区,20.1,4.6
2024-06-20 13:07:30,2024-06-20 13:32:30,顺义区,大兴区,33.0,10.5
2024-06-07 10:12:55,2024-06-07 10:24:55,昌平区,西城区,25.1,7.9
2024-06-02 12:42:57,2024-06-02 13:08:57,通州区,海淀区,38.9,13.8
2024-06-07 07:17:07,2024-06-07 07:48:07,东城区,通州区,43.3,15.7
2024-06-24 08:11:52,2024-06-24 09:24:52,通州区,西城区,48.6,18.1
2024-06-28 08:00:51,2024-06-28 08:50:51,门头沟区,东城区,41.3,13.9
2024-06-11 09:41:52,2024-06-11 09:44:52,门头沟区,西城区,16.6,1.0
2024-06-16 12:56:01,2024-06-16 13:18:01,大兴区,房山区,26.8,6.9
2024-06-29 16:35:11,2024-06-29 17:01:11,昌平区,顺义区,36.2,11.3
2024-06-21 22:18:13,2024-06-21 22:31:13,朝阳区,丰台区,24.1,6.2
2024-06-24 13:57:26,2024-06-24 14:11:26,海淀区,海淀区,32.1,10.4
2024-06-07 16:35:38,2024-06-07 16:44:38,海淀区,东城区,23.5,5.4
2024-06-20 17:22:00,2024-06-20 17:38:00,西城区,房山区,16.0,4.1
2024-06-28 13:36:51,2024-06-28 13:43:51,东城区,大兴区,20.2,5.6
2024-06-13 20:36:42,2024-06-13 20:39:42,朝阳区,大兴区,14.0,1.0
2024-06-18 19:27:57,2024-06-18 19:38:57,石景山区,石景山区,20.5,4.2
2024-07-01 18:45:26,2024-07-01 18:48:26,通州区,通州区,14.3,1.0
2024-06-14 13:18:15,2024-06-14 13:21:15,朝阳区,朝阳区,15.3,1.0
2024-06-13 14:58:58,2024-06-13 15:17:58,朝阳区,朝阳区,46.3,15.4
2024-06-08 11:32:05,2024-06-08 11:40:05,朝阳区,房山区,18.3,4.1
2024-06-09 12:45:42,2024-06-09 12:57:42,大兴区,顺义区,24.9,7.9
2024-06-25 18:16:19,2024-06-25 18:30:19,大兴区,朝阳区,27.1,9.0
2024-06-19 18:54:12,2024-06-19 19:37:12,朝阳区,海淀区,34.0,10.0
2024-06-22 09:05:52,2024-06-22 09:44:52,朝阳区,海淀区,29.5,8.1
2024-06-18 11:09:20,2024-06-18 11:12:20,通州区,东城区,13.5,1.0
2024-06-07 11:03:35,2024-06-07 11:13:35,西城区,房山区,28.0,8.0
2024-06-22 12:56:37,2024-06-22 13:32:37,丰台区,门头沟区,50.1,17.9
2024-06-25 12:03:45,2024-06-25 12:12:45,昌平区,东城区,19.4,3.8
2024-06-17 17:46:07,2024-06-17 18:04:07,东城区,顺义区,27.2,8.2
2024-06-14 21:27:20,2024-06-14 22:19:20,海淀区,通州区,41.2,13.7
2024-06-20 19:49:16,2024-06-20 20:11:16,西城区,顺义区,35.3,10.8
2024-06-06 12:45:55,2024-06-06 12:53:55,通州区,石景山区,17.8,2.7
2024-06-28 16:15:57,2024-06-28 16:26:57,西城区,西城区,15.7,3.4
2024-06-29 07:26:07,2024-06-29 07:39:07,丰台区,丰台区,20.2,5.4
2024-06-20 19:38:05,2024-06-20 20:05:05,丰台区,朝阳区,33.8,10.9
2024-06-20 10:31:08,2024-06-20 10:58:08,顺义区,丰台区,23.4,7.0
2024-06-20 06:03:56,2024-06-20 06:06:56,海淀区,门头沟区,16.3,2.4
2024-06-20 16:54:52,2024-06-20 17:09:52,朝阳区,通州区,22.6,6.7
2024-06-07 14:38:49,2024-06-07 14:52:49,朝阳区,朝阳区,23.5,7.2
2024-06-26 19:40:41,2024-06-26 19:52:41,海淀区,石景山区,17.3,3.7
2024-06-16 11:54:13,2024-06-16 12:10:13,大兴区,石景山区,24.1,6.8
2024-06-26 09:26:53,2024-06-26 10:23:53,东城区,大兴区,39.2,13.7
2024-06-02 05:52:43,2024-06-02 06:13:43,西城区,石景山区,40.6,13.9
2024-06-15 09:31:00,2024-06-15 09:48:00,西城区,门头沟区,27.8,8.0
2024-06-10 09:51:19,2024-06-10 10:00:19,丰台区,通州区,28.5,7.7
2024-06-12 13:33:49,2024-06-12 13:51:49,朝阳区,顺义区,31.9,10.4
2024-07-01 09:51:04,2024-07-01 10:04:04,大兴区,东城区,22.9,5.9
2024-06-01 18:03:37,2024-06-01 18:09:37,朝阳区,通州区,13.9,2.0
2024-06-20 13:58:14,2024-06-20 14:16:14,东城区,昌平区,39.9,13.9
2024-06-08 18:32:43,2024-06-08 19:02:43,海淀区,海淀区,45.0,16.0
2024-06-25 17:46:37,2024-06-25 18:18:37,海淀区,顺义区,40.7,14.7
2024-06-11 00:13:20,2024-06-11 00:33:20,昌平区,朝阳区,27.0,8.9
2024-06-08 14:07:20,2024-06-08 14:20:20,海淀区,海淀区,34.4,11.3
2024-06-06 11:56:30,2024-06-06 12:23:30,朝阳区,房山区,24.9,7.5
2024-07-01 10:08:46,2024-07-01 10:26:46,丰台区,门头沟区,25.5,6.6
2024-06-05 17:23:48,2024-06-05 18:03:48,海淀区,昌平区,39.2,13.3
2024-06-01 18:47:26,2024-06-01 18:52:26,东城区,昌平区,18.9,4.6
2024-06-16 17:39:51,2024-06-16 18:07:51,昌平区,房山区,38.9,12.9
2024-06-02 16:28:05,2024-06-02 16:58:05,朝阳区,东城区,31.4,9.3
2024-06-26 12:30:39,2024-06-26 12:37:39,昌平区,石景山区,16.8,4.6
2024-06-14 17:12:15,2024-06-14 17:47:15,东城区,西城区,36.6,12.2
2024-06-02 07:47:24,2024-06-02 08:37:24,西城区,昌平区,40.6,14.2
2024-06-07 17:50:49,2024-06-07 17:59:49,石景山区,大兴区,19.9,4.8
2024-06-14 10:41:34,2024-06-14 11:12:34,大兴区,房山区,29.6,9.0
2024-06-10 17:05:19,2024-06-10 17:08:19,丰台区,海淀区,15.3,2.4
2024-06-15 08:13:55,2024-06-15 08:17:55,海淀区,西城区,17.9,1.0
2024-06-17 13:58:00,2024-06-17 14:29:00,海淀区,通州区,42.6,15.1
2024-06-12 11:26:07,2024-06-12 11:33:07,朝阳区,东城区,14.8,3.5
2024-06-28 13:36:10,2024-06-28 13:47:10,朝阳区,海淀区,22.9,6.7
2024-06-26 12:21:04,2024-06-26 12:37:04,门头沟区,西城区,41.7,13.5
2024-06-04 20:33:25,2024-06-04 20:44:25,顺义区,通州区,27.4,8.8
2024-06-26 22:54:26,2024-06-26 23:07:26,石景山区,通州区,18.4,4.4
2024-06-08 18:18:57,2024-06-08 18:33:57,西城区,东城区,32.2,9.2
2024-06-27 07:33:02,2024-06-27 07:57:02,大兴区,海淀区,33.8,11.8
2024-06-25 19:05:10,2024-06-25 19:19:10,朝阳区,房山区,33.5,11.4
2024-06-27 17:26:56,2024-06-27 17:53:56,海淀区,顺义区,60.2,22.0
2024-06-12 12:40:28,2024-06-12 13:02:28,西城区,顺义区,19.8,5.1
2024-06-29 19:23:51,2024-06-29 19:41:51,朝阳区,丰台区,37.5,13.0
2024-06-12 07:55:11,2024-06-12 08:07:11,西城区,西城区,23.1,5.8
2024-06-17 10:48:47,2024-06-17 11:12:47,丰台区,东城区,35.6,10.7
2024-06-05 19:27:02,2024-06-05 19:40:02,海淀区,门头沟区,27.9,7.7
2024-06-07 12:34:11,2024-06-07 12:59:11,昌平区,丰台区,33.7,11.3
2024-06-09 11:47:40,2024-06-09 11:59:40,顺义区,东城区,35.1,10.6
2024-06-29 12:02:52,2024-06-29 12:18:52,丰台区,顺义区,24.7,7.6
2024-06-11 19:20:06,2024-06-11 19:36:06,昌平区,丰台区,35.7,10.9
2024-06-16 23:18:48,2024-06-16 23:47:48,大兴区,东城区,44.4,15.3
2024-07-01 09:03:24,2024-07-01 09:35:24,西城区,大兴区,41.5,14.9
2024-06-25 11:08:05,2024-06-25 11:27:05,西城区,大兴区,30.7,9.9
2024-06-07 21:43:23,2024-06-07 22:29:23,海淀区,朝阳区,44.5,15.5
2024-06-06 12:44:30,2024-06-06 12:57:30,门头沟区,东城区,26.4,7.7
2024-06-25 06:59:30,2024-06-25 07:17:30,丰台区,海淀区,33.5,10.7
2024-06-04 09:58:52,2024-06-04 10:21:52,西城区,通州区,28.7,9.7
2024-06-11 02:19:28,2024-06-11 02:59:28,丰台区,朝阳区,25.7,6.7
2024-06-19 09:14:23,2024-06-19 09:24:23,东城区,大兴区,15.6,4.1
2024-06-10 14:18:59,2024-06-10 14:29:59,朝阳区,大兴区,23.7,6.2
2024-06-17 15:59:30,2024-06-17 16:25:30,丰台区,通州区,34.9,12.4
2024-06-14 07:28:30,2024-06-14 07:45:30,海淀区,大兴区,33.0,11.3
2024-06-22 12:12:30,2024-06-22 12:32:30,东城区,顺义区,36.6,12.8
2024-06-19 09:09:24,2024-06-19 09:12:24,顺义区,东城区,16.9,1.0
2024-06-13 21:46:53,2024-06-13 22:14:53,丰台区,朝阳区,45.7,16.2
2024-06-20 07:10:08,2024-06-20 07:20:08,东城区,通州区,19.5,4.1
2024-06-23 19:51:43,2024-06-23 19:54:43,丰台区,门头沟区,16.8,1.0
2024-06-17 08:27:56,2024-06-17 08:35:56,丰台区,大兴区,18.4,4.0
2024-06-04 17:02:07,2024-06-04 17:28:07,通州区,丰台区,25.7,7.2
2024-06-10 09:37:34,2024-06-10 09:58:34,东城区,门头沟区,37.1,12.2
2024-07-01 17:06:18,2024-07-01 17:13:18,西城区,海淀区,17.0,2.4
2024-07-01 08:21:05,2024-07-01 08:33:05,海淀区,大兴区,26.6,8.7
2024-06-12 09:24:44,2024-06-12 09:49:44,朝阳区,石景山区,28.9,9.4
2024-06-05 13:58:35,2024-06-05 14:08:35,昌平区,西城区,17.3,3.7
2024-06-24 08:28:22,2024-06-24 08:38:22,顺义区,房山区,20.2,5.6
2024-06-04 21:57:42,2024-06-04 22:12:42,石景山区,西城区,36.5,12.1
2024-06-28 23:05:52,2024-06-28 23:36:52,石景山区,丰台区,43.5,14.7
2024-06-24 09:21:30,2024-06-24 09:49:30,海淀区,通州区,26.8,9.0
2024-06-25 11:00:51,2024-06-25 11:12:51,东城区,门头沟区,28.1,8.4
2024-06-10 09:16:49,2024-06-10 09:19:49,海淀区,昌平区,16.9,1.0
2024-06-26 14:46:19,2024-06-26 14:56:19,西城区,西城区,18.1,4.6
2024-06-14 09:52:00,2024-06-14 10:05:00,海淀区,大兴区,22.9,6.2
2024-06-29 12:32:55,2024-06-29 12:35:55,西城区,海淀区,15.2,1.0
2024-06-18 13:21:37,2024-06-18 13:37:37,海淀区,房山区,37.9,12.1
2024-06-08 18:08:25,2024-06-08 18:20:25,东城区,通州区,22.1,6.8
2024-06-16 15:35:38,2024-06-16 15:54:38,海淀区,丰台区,31.1,9.1
2024-06-15 07:23:58,2024-06-15 07:26:58,丰台区,东城区,14.9,1.0
2024-06-21 18:42:07,2024-06-21 19:28:07,东城区,朝阳区,35.1,11.2
2024-06-21 08:17:17,2024-06-21 08:37:17,石景山区,东城区,21.4,6.0
2024-06-11 13:46:47,2024-06-11 14:38:47,大兴区,丰台区,40.0,13.9
2024-06-04 08:36:25,2024-06-04 08:53:25,海淀区,海淀区,28.5,7.7
2024-07-01 11:00:18,2024-07-01 11:34:18,丰台区,海淀区,44.2,14.6
2024-06-08 14:29:03,2024-06-08 15:39:03,顺义区,房山区,39.1,14.1
2024-06-11 14:45:43,2024-06-11 14:58:43,东城区,通州区,25.2,7.9
2024-06-07 12:27:27,2024-06-07 12:30:27,朝阳区,朝阳区,16.8,1.0
2024-06-02 08:54:53,2024-06-02 09:22:53,西城区,西城区,36.1,12.8
2024-06-05 18:15:11,2024-06-05 18:32:11,海淀区,丰台区,28.0,7.6
2024-07-01 19:00:24,2024-07-01 19:03:24,海淀区,门头沟区,17.8,1.0
2024-06-06 13:11:35,2024-06-06 13:14:35,海淀区,大兴区,15.0,1.0
2024-06-09 14:27:19,2024-06-09 14:58:19,朝阳区,顺义区,39.3,12.7
2024-06-29 21:54:47,2024-06-29 22:46:47,海淀区,东城区,33.6,10.3
2024-06-23 07:59:40,2024-06-23 08:15:40,丰台区,东城区,15.6,3.8
2024-06-30 14:55:53,2024-06-30 15:11:53,海淀区,石景山区,23.6,7.3
2024-06-06 22:58:42,2024-06-06 23:20:42,通州区,海淀区,39.8,13.0
2024-06-07 07:26:26,2024-06-07 08:09:26,海淀区,海淀区,43.5,15.1
2024-06-06 13:31:10,2024-06-06 13:54:10,海淀区,大兴区,35.2,12.0
2024-06-10 09:19:07,2024-06-10 09:38:07,通州区,东城区,16.1,3.2
2024-06-16 08:20:24,2024-06-16 08:24:24,大兴区,门头沟区,17.6,1.6
2024-06-23 11:34:06,2024-06-23 11:55:06,海淀区,房山区,38.2,12.0
2024-06-28 17:27:12,2024-06-28 17:50:12,东城区,海淀区,37.5,11.8
2024-06-13 11:19:02,2024-06-13 11:37:02,海淀区,海淀区,40.3,12.9
2024-06-03 09:14:56,2024-06-03 10:07:56,昌平区,顺义区,41.5,13.7
2024-06-10 11:45:54,2024-06-10 11:55:54,海淀区,门头沟区,24.1,7.7
2024-06-22 10:06:59,2024-06-22 10:17:59,丰台区,石景山区,16.6,3.7
2024-06-17 13:50:14,2024-06-17 13:53:14,东城区,朝阳区,16.0,1.0
2024-06-25 18:15:58,2024-06-25 18:35:58,房山区,朝阳区,36.2,12.0
2024-06-08 14:33:48,2024-06-08 14:45:48,海淀区,房山区,21.7,5.9
2024-06-12 07:31:49,2024-06-12 08:05:49,大兴区,房山区,24.0,7.6
2024-06-11 07:31:23,2024-06-11 07:52:23,昌平区,门头沟区,26.1,7.2
2024-06-03 13:05:06,2024-06-03 13:22:06,大兴区,门头沟区,22.9,7.1
2024-06-04 17:43:11,2024-06-04 17:46:11,房山区,海淀区,17.3,1.0
2024-06-13 23:41:03,2024-06-14 00:10:03,大兴区,石景山区,35.4,11.9
2024-06-15 13:15:26,2024-06-15 13:28:26,昌平区,大兴区,31.4,9.2
2024-06-30 12:50:45,2024-06-30 13:15:45,海淀区,石景山区,36.5,12.9
2024-06-05 18:27:11,2024-06-05 18:36:11,房山区,通州区,24.5,6.4
2024-06-23 18:07:42,2024-06-23 18:10:42,西城区,石景山区,15.1,1.0
2024-06-11 10:17:28,2024-06-11 10:33:28,西城区,大兴区,33.0,10.5
2024-06-30 13:55:18,2024-06-30 14:13:18,海淀区,朝阳区,29.1,8.3
2024-06-27 12:23:57,2024-06-27 12:37:57,海淀区,海淀区,26.6,8.0
2024-07-01 16:17:21,2024-07-01 16:41:21,通州区,东城区,34.7,10.3
2024-06-14 18:56:34,2024-06-14 19:11:34,朝阳区,大兴区,36.6,11.9
2024-06-25 17:45:16,2024-06-25 17:48:16,西城区,通州区,14.9,1.0
2024-06-04 04:11:18,2024-06-04 04:27:18,顺义区,大兴区,26.5,7.2
2024-06-11 08:40:07,2024-06-11 09:05:07,大兴区,顺义区,38.4,12.7
2024-06-08 13:49:08,2024-06-08 13:57:08,朝阳区,西城区,16.7,4.0
2024-06-18 17:57:38,2024-06-18 18:16:38,顺义区,西城区,27.8,9.2
2024-06-30 11:44:21,2024-06-30 12:13:21,门头沟区,石景山区,33.5,11.2
2024-06-27 16:49:22,2024-06-27 17:34:22,房山区,通州区,37.6,13.2
2024-06-28 09:47:18,2024-06-28 09:57:18,大兴区,顺义区,21.3,4.9
2024-06-20 16:57:28,2024-06-20 17:22:28,海淀区,朝阳区,42.9,15.9
2024-06-01 06:09:57,2024-06-01 06:24:57,房山区,丰台区,27.1,8.8
2024-06-22 17:05:01,2024-06-22 17:09:01,朝阳区,石景山区,18.2,3.3
2024-06-22 11:34:47,2024-06-22 11:37:47,东城区,西城区,16.3,2.0
2024-06-13 13:32:28,2024-06-13 13:50:28,海淀区,石景山区,34.0,10.4
2024-06-19 19:29:53,2024-06-19 19:35:53,顺义区,大兴区,16.9,3.2
2024-06-06 19:45:47,2024-06-06 19:52:47,顺义区,通州区,16.3,3.9
2024-06-26 12:04:02,2024-06-26 12:27:02,朝阳区,房山区,36.6,11.4
2024-06-01 11:16:31,2024-06-01 11:36:31,朝阳区,海淀区,29.1,8.4
2024-06-07 17:12:49,2024-06-07 17:36:49,丰台区,大兴区,34.1,11.6
2024-06-04 17:16:14,2024-06-04 17:32:14,丰台区,房山区,34.8,11.6
2024-06-26 17:02:07,2024-06-26 17:05:07,通州区,丰台区,16.2,1.4
2024-06-09 16:19:20,2024-06-09 16:38:20,东城区,通州区,32.1,11.0
2024-06-15 09:33:49,2024-06-15 10:01:49,丰台区,昌平区,41.9,15.1
2024-06-02 07:50:27,2024-06-02 07:54:27,朝阳区,海淀区,16.5,2.7
2024-06-02 07:22:00,2024-06-02 07:28:00,东城区,大兴区,15.2,3.0
2024-06-17 09:27:12,2024-06-17 09:49:12,房山区,门头沟区,27.7,7.3
2024-06-21 08:00:43,2024-06-21 08:07:43,西城区,朝阳区,17.3,2.9
2024-07-01 09:24:23,2024-07-01 09:39:23,石景山区,西城区,25.4,6.7
2024-07-01 13:30:50,2024-07-01 13:42:50,大兴区,西城区,23.5,6.1
2024-06-03 09:33:38,2024-06-03 09:40:38,东城区,西城区,22.9,5.8
2024-06-13 09:57:02,2024-06-13 10:10:02,西城区,门头沟区,29.2,8.6
2024-06-13 13:33:31,2024-06-13 14:02:31,海淀区,石景山区,38.4,12.9
2024-06-27 12:13:31,2024-06-27 12:35:31,石景山区,石景山区,29.3,9.9
2024-06-04 07:47:39,2024-06-04 07:58:39,海淀区,大兴区,22.5,6.1
2024-06-20 10:01:33,2024-06-20 10:17:33,房山区,丰台区,19.8,4.9
2024-06-05 16:29:55,2024-06-05 17:19:55,西城区,大兴区,41.1,14.0
2024-06-08 16:23:45,2024-06-08 16:26:45,朝阳区,房山区,14.8,1.0
2024-06-09 08:46:11,2024-06-09 08:50:11,东城区,大兴区,15.2,2.2
2024-06-29 06:12:19,2024-06-29 06:46:19,石景山区,房山区,31.7,10.6
2024-07-01 12:38:28,2024-07-01 12:41:28,东城区,通州区,14.2,1.0
2024-06-12 13:22:11,2024-06-12 13:27:11,西城区,丰台区,17.2,3.7
2024-06-20 19:24:09,2024-06-20 19:34:09,朝阳区,通州区,31.0,9.2
2024-06-08 11:14:32,2024-06-08 11:37:32,海淀区,石景山区,43.7,16.1
2024-06-29 19:53:00,2024-06-29 20:28:00,顺义区,大兴区,46.5,17.4
2024-06-04 20:11:45,2024-06-04 20:33:45,海淀区,门头沟区,34.2,11.2
2024-06-21 18:40:18,2024-06-21 18:49:18,东城区,东城区,20.5,5.9
2024-06-20 11:42:33,2024-06-20 12:06:33,丰台区,昌平区,32.1,9.5
2024-06-25 05:20:07,2024-06-25 05:33:07,东城区,东城区,31.1,9.4
2024-06-14 13:53:11,2024-06-14 14:07:11,房山区,海淀区,30.4,10.0
2024-06-20 19:20:52,2024-06-20 19:30:52,朝阳区,大兴区,23.1,7.3
2024-06-24 11:04:48,2024-06-24 11:48:48,丰台区,通州区,46.8,16.5
2024-06-20 15:56:31,2024-06-20 16:19:31,西城区,西城区,34.8,11.4
2024-06-02 13:23:15,2024-06-02 13:47:15,通州区,朝阳区,21.9,6.5
2024-06-25 10:06:38,2024-06-25 10:20:38,通州区,海淀区,30.8,9.4
2024-06-26 08:01:47,2024-06-26 08:21:47,朝阳区,石景山区,24.8,7.8
2024-06-16 15:29:01,2024-06-16 15:42:01,东城区,丰台区,31.0,8.7
2024-06-01 12:57:38,2024-06-01 14:38:38,丰台区,朝阳区,46.5,16.8
2024-06-15 18:30:24,2024-06-15 19:16:24,房山区,西城区,31.9,9.7
2024-06-08 18:31:31,2024-06-08 18:37:31,朝阳区,门头沟区,17.2,2.3
2024-06-02 19:49:30,2024-06-02 19:59:30,朝阳区,通州区,19.9,5.2
2024-06-30 06:22:56,2024-06-30 06:39:56,昌平区,顺义区,28.1,8.9
2024-06-19 16:19:22,2024-06-19 16:41:22,昌平区,顺义区,37.5,12.9
2024-06-15 10:42:53,2024-06-15 11:01:53,大兴区,房山区,30.2,8.6
2024-06-29 20:16:58,2024-06-29 20:34:58,丰台区,大兴区,28.2,9.5
2024-06-16 11:10:43,2024-06-16 12:23:43,丰台区,东城区,47.3,16.5
2024-06-05 17:56:04,2024-06-05 18:05:04,海淀区,通州区,19.9,5.4
2024-06-16 17:20:30,2024-06-16 17:30:30,顺义区,石景山区,26.9,6.9
2024-06-26 19:45:24,2024-06-26 19:48:24,西城区,海淀区,14.8,1.4
2024-06-25 06:39:42,2024-06-25 06:52:42,朝阳区,昌平区,27.9,8.3
2024-06-24 09:37:14,2024-06-24 10:30:14,海淀区,朝阳区,50.0,18.8
2024-06-10 18:45:19,2024-06-10 18:59:19,石景山区,海淀区,31.8,9.6
2024-06-28 08:03:33,2024-06-28 08:17:33,海淀区,顺义区,30.7,9.0
2024-06-05 19:11:43,2024-06-05 19:32:43,昌平区,房山区,37.4,11.5
2024-06-24 09:17:57,2024-06-24 09:40:57,门头沟区,顺义区,29.1,8.0
2024-06-24 09:05:35,2024-06-24 09:08:35,丰台区,大兴区,15.8,1.0
2024-06-10 12:16:40,2024-06-10 13:05:40,丰台区,朝阳区,50.1,18.5
2024-06-10 23:02:00,2024-06-10 23:20:00,海淀区,昌平区,33.3,11.1
2024-06-03 14:19:36,2024-06-03 14:30:36,西城区,大兴区,24.3,7.5
2024-06-12 19:21:26,2024-06-12 19:33:26,房山区,门头沟区,21.7,5.8
2024-06-08 18:05:14,2024-06-08 18:37:14,西城区,海淀区,40.2,14.1
2024-06-27 08:59:08,2024-06-27 09:15:08,朝阳区,通州区,26.0,8.6
2024-06-13 15:11:40,2024-06-13 15:22:40,东城区,昌平区,20.8,5.0
2024-06-06 16:12:05,2024-06-06 16:15:05,昌平区,房山区,15.0,1.0
2024-06-02 18:01:53,2024-06-02 18:13:53,朝阳区,海淀区,29.2,8.8
2024-06-30 17:46:32,2024-06-30 18:03:32,顺义区,昌平区,30.9,10.5
2024-06-06 11:03:21,2024-06-06 11:26:21,大兴区,顺义区,35.7,11.8
2024-06-23 13:12:59,2024-06-23 13:36:59,通州区,丰台区,28.7,8.9
2024-06-23 18:11:55,2024-06-23 18:22:55,石景山区,朝阳区,25.6,6.6
2024-06-12 15:54:29,2024-06-12 16:09:29,海淀区,房山区,25.3,7.9
2024-06-15 06:23:22,2024-06-15 06:42:22,朝阳区,顺义区,37.8,12.1
2024-06-29 08:59:01,2024-06-29 09:08:01,大兴区,顺义区,18.8,4.8
2024-06-01 12:49:22,2024-06-01 12:52:22,顺义区,大兴区,15.6,1.0
2024-06-28 21:10:56,2024-06-28 21:14:56,朝阳区,朝阳区,17.8,1.4
2024-06-15 20:09:16,2024-06-15 20:29:16,顺义区,东城区,32.5,10.2
2024-06-15 05:44:08,2024-06-15 05:52:08,丰台区,房山区,21.4,5.4
2024-06-20 23:15:48,2024-06-20 23:45:48,东城区,昌平区,30.6,10.6
2024-06-10 13:47:27,2024-06-10 14:23:27,海淀区,房山区,36.9,12.6
2024-06-07 04:31:49,2024-06-07 04:41:49,海淀区,西城区,21.6,5.6
2024-07-01 12:45:58,2024-07-01 13:08:58,西城区,顺义区,28.0,9.5
2024-06-08 06:00:54,2024-06-08 06:31:54,西城区,海淀区,48.5,16.3
2024-06-27 09:02:33,2024-06-27 09:14:33,朝阳区,丰台区,18.3,4.5
2024-06-22 16:03:44,2024-06-22 16:20:44,朝阳区,昌平区,32.9,11.0
2024-06-01 07:49:03,2024-06-01 08:09:03,东城区,通州区,30.1,8.8
2024-06-03 13:36:40,2024-06-03 14:05:40,东城区,昌平区,46.5,17.4
2024-06-06 19:06:23,2024-06-06 19:27:23,朝阳区,门头沟区,35.5,11.5
2024-06-27 17:55:50,2024-06-27 17:59:50,门头沟区,房山区,17.9,2.2
2024-06-02 17:34:05,2024-06-02 17:48:05,西城区,顺义区,29.8,10.0
2024-06-10 08:10:31,2024-06-10 08:32:31,海淀区,通州区,34.3,11.0
2024-06-27 17:22:12,2024-06-27 17:25:12,丰台区,海淀区,16.3,1.0
2024-06-13 11:26:24,2024-06-13 11:54:24,丰台区,东城区,32.3,10.9
2024-06-22 12:27:52,2024-06-22 12:49:52,海淀区,门头沟区,36.9,13.2
2024-06-10 09:51:52,2024-06-10 09:57:52,海淀区,东城区,20.8,6.3
2024-06-08 18:43:04,2024-06-08 18:46:04,海淀区,海淀区,17.9,1.6
2024-06-28 09:41:12,2024-06-28 09:53:12,房山区,门头沟区,15.1,3.8
2024-06-18 19:53:31,2024-06-18 20:08:31,门头沟区,西城区,25.3,8.2
2024-06-28 11:06:18,2024-06-28 11:24:18,顺义区,昌平区,39.4,12.4
2024-06-04 12:26:37,2024-06-04 12:46:37,朝阳区,昌平区,21.3,4.9
2024-06-24 18:09:01,2024-06-24 18:13:01,海淀区,房山区,17.5,2.3
2024-06-15 19:18:29,2024-06-15 19:21:29,朝阳区,朝阳区,16.7,1.0
2024-06-22 09:15:49,2024-06-22 09:24:49,东城区,门头沟区,19.6,4.0
2024-06-01 21:23:48,2024-06-01 21:39:48,西城区,通州区,27.7,8.3
2024-06-29 13:41:02,2024-06-29 13:49:02,房山区,门头沟区,23.4,5.6
2024-06-19 13:34:18,2024-06-19 13:38:18,海淀区,东城区,17.0,1.0
2024-06-22 13:24:23,2024-06-22 13:56:23,东城区,门头沟区,39.3,13.1
2024-06-06 08:15:26,2024-06-06 08:48:26,东城区,丰台区,44.1,14.8
2024-06-21 13:04:47,2024-06-21 13:09:47,通州区,房山区,14.2,3.5
2024-06-24 09:29:28,2024-06-24 09:51:28,房山区,朝阳区,32.9,9.5
2024-06-02 17:59:03,2024-06-02 18:19:03,大兴区,西城区,29.2,9.9
2024-06-05 18:22:00,2024-06-05 18:25:00,丰台区,海淀区,15.6,1.0
2024-06-10 19:01:21,2024-06-10 19:06:21,朝阳区,通州区,16.2,3.3
2024-06-05 17:04:09,2024-06-05 17:35:09,丰台区,西城区,33.2,10.5
2024-06-28 08:12:59,2024-06-28 08:43:59,顺义区,石景山区,36.7,12.3
2024-06-15 12:09:23,2024-06-15 12:23:23,海淀区,昌平区,22.1,6.6
2024-06-22 16:29:58,2024-06-22 17:09:58,东城区,房山区,37.7,12.4
2024-06-24 12:07:08,2024-06-24 12:15:08,朝阳区,房山区,19.4,5.6
2024-06-23 10:04:24,2024-06-23 10:29:24,朝阳区,顺义区,39.7,13.3
2024-06-01 12:55:13,2024-06-01 13:04:13,石景山区,大兴区,24.5,6.1
2024-06-03 11:09:40,2024-06-03 11:12:40,朝阳区,石景山区,15.4,1.0
2024-06-10 14:35:27,2024-06-10 14:59:27,西城区,海淀区,20.4,6.0
2024-06-09 18:53:43,2024-06-09 18:56:43,朝阳区,大兴区,14.9,1.0
2024-06-30 19:53:34,2024-06-30 20:14:34,海淀区,门头沟区,30.5,9.0
2024-06-07 16:29:07,2024-06-07 17:22:07,丰台区,通州区,29.7,8.9
2024-06-16 09:40:28,2024-06-16 09:51:28,昌平区,西城区,23.9,5.9
2024-06-08 09:39:25,2024-06-08 09:46:25,朝阳区,通州区,20.3,4.4
2024-06-12 11:12:48,2024-06-12 11:42:48,丰台区,海淀区,48.7,16.8
2024-06-06 09:00:14,2024-06-06 09:12:14,东城区,门头沟区,14.9,3.2
2024-06-29 18:42:34,2024-06-29 19:04:34,昌平区,大兴区,30.1,10.1
2024-06-08 08:32:22,2024-06-08 08:59:22,海淀区,大兴区,36.5,12.1
2024-06-19 07:45:52,2024-06-19 07:48:52,朝阳区,大兴区,16.5,1.0
2024-06-24 12:40:31,2024-06-24 12:53:31,丰台区,石景山区,23.9,7.4
2024-06-20 11:19:28,2024-06-20 12:03:28,通州区,房山区,31.3,9.0
2024-06-18 17:42:06,2024-06-18 17:49:06,大兴区,房山区,21.2,4.7
2024-06-12 18:13:42,2024-06-12 18:16:42,丰台区,顺义区,16.3,1.0
2024-06-11 23:54:31,2024-06-12 00:12:31,通州区,昌平区,25.3,6.6
2024-06-18 17:01:46,2024-06-18 17:25:46,门头沟区,海淀区,16.8,4.0
2024-06-16 09:09:44,2024-06-16 09:25:44,昌平区,门头沟区,25.9,7.4
2024-07-01 18:52:34,2024-07-01 19:18:34,门头沟区,东城区,34.3,10.1
2024-06-08 09:20:53,2024-06-08 09:41:53,石景山区,东城区,38.7,12.1
2024-06-15 13:30:59,2024-06-15 13:48:59,海淀区,大兴区,32.1,9.4
2024-06-12 08:25:36,2024-06-12 08:28:36,海淀区,顺义区,13.5,1.0
2024-07-01 13:41:16,2024-07-01 14:01:16,大兴区,丰台区,27.7,8.6
2024-06-06 19:10:21,2024-06-06 19:27:21,西城区,顺义区,37.1,11.6
2024-06-14 12:41:36,2024-06-14 12:54:36,朝阳区,石景山区,25.4,8.2
2024-06-18 08:42:20,2024-06-18 09:15:20,朝阳区,通州区,28.3,9.3
2024-06-28 10:23:12,2024-06-28 10:38:12,西城区,房山区,31.1,9.5
2024-06-27 17:33:50,2024-06-27 17:53:50,石景山区,门头沟区,29.7,9.9
2024-06-16 18:39:06,2024-06-16 19:26:06,门头沟区,通州区,26.0,7.9
2024-06-17 18:11:12,2024-06-17 18:17:12,石景山区,海淀区,14.2,2.7
2024-06-30 17:58:20,2024-06-30 18:03:20,通州区,丰台区,14.7,1.0
2024-06-30 13:09:03,2024-06-30 13:39:03,西城区,石景山区,34.1,11.1
2024-06-08 09:45:27,2024-06-08 09:52:27,石景山区,东城区,18.9,4.4
2024-06-29 11:31:46,2024-06-29 11:34:46,丰台区,门头沟区,14.5,1.1
2024-06-16 17:20:50,2024-06-16 17:32:50,朝阳区,朝阳区,27.9,8.1
2024-06-26 06:19:23,2024-06-26 06:38:23,西城区,东城区,41.8,14.0
2024-06-18 18:13:56,2024-06-18 18:18:56,东城区,西城区,13.5,2.1
2024-06-20 17:25:39,2024-06-20 17:39:39,海淀区,海淀区,30.4,9.1
2024-07-01 17:59:53,2024-07-01 18:02:53,海淀区,顺义区,16.5,1.0
2024-06-06 19:55:33,2024-06-06 20:13:33,通州区,通州区,23.2,6.6
2024-06-12 18:03:58,2024-06-12 18:25:58,丰台区,石景山区,41.8,13.7
2024-06-23 17:26:30,2024-06-23 17:42:30,海淀区,大兴区,30.4,8.8
2024-06-23 05:42:50,2024-06-23 05:45:50,海淀区,通州区,15.6,1.0
2024-06-23 11:18:03,2024-06-23 11:24:03,通州区,石景山区,15.4,2.7
2024-06-10 08:07:13,2024-06-10 08:31:13,海淀区,石景山区,24.6,7.2
2024-06-30 17:28:08,2024-06-30 17:40:08,朝阳区,顺义区,24.1,6.0
2024-06-21 17:47:12,2024-06-21 18:04:12,通州区,门头沟区,30.9,10.0
2024-06-23 18:18:41,2024-06-23 18:47:41,朝阳区,顺义区,42.0,14.6
2024-06-22 17:32:35,2024-06-22 17:46:35,房山区,朝阳区,33.0,11.4
2024-06-13 19:06:46,2024-06-13 19:16:46,海淀区,石景山区,23.4,6.9
2024-06-26 07:12:34,2024-06-26 07:30:34,大兴区,海淀区,35.7,11.3
2024-06-07 09:47:40,2024-06-07 10:08:40,丰台区,丰台区,30.1,8.4
2024-06-23 19:24:10,2024-06-23 19:44:10,大兴区,顺义区,32.0,10.0
2024-06-03 12:40:41,2024-06-03 13:04:41,门头沟区,大兴区,46.5,16.8
2024-06-06 21:58:42,2024-06-06 22:07:42,朝阳区,西城区,20.8,5.0
2024-06-19 11:28:17,2024-06-19 11:49:17,丰台区,东城区,25.2,6.6
2024-06-23 09:15:11,2024-06-23 09:36:11,石景山区,朝阳区,24.7,7.5
2024-06-03 09:43:23,2024-06-03 10:20:23,海淀区,东城区,46.2,15.7
2024-06-09 13:35:47,2024-06-09 13:55:47,房山区,昌平区,34.8,11.8
2024-06-16 08:32:02,2024-06-16 08:45:02,大兴区,通州区,29.8,8.6
2024-06-18 17:39:50,2024-06-18 17:57:50,海淀区,东城区,29.6,10.1
2024-06-30 18:58:55,2024-06-30 20:01:55,朝阳区,大兴区,33.0,10.6
2024-06-21 08:48:37,2024-06-21 09:02:37,房山区,通州区,22.3,6.2
2024-06-14 19:22:48,2024-06-14 19:45:48,通州区,东城区,36.1,11.9
2024-06-12 12:53:47,2024-06-12 13:01:47,石景山区,东城区,14.8,2.5
2024-06-05 13:13:33,2024-06-05 13:54:33,西城区,石景山区,49.3,17.1
2024-06-19 05:30:09,2024-06-19 05:48:09,西城区,丰台区,30.4,10.2
2024-06-12 06:44:27,2024-06-12 07:09:27,海淀区,西城区,31.3,10.0
2024-07-01 13:32:05,2024-07-01 13:45:05,石景山区,石景山区,39.3,12.3
2024-06-06 13:47:24,2024-06-06 14:15:24,海淀区,门头沟区,39.6,13.8
2024-06-17 11:37:09,2024-06-17 12:50:09,海淀区,朝阳区,36.7,12.5
2024-06-22 15:55:44,2024-06-22 16:33:44,朝阳区,西城区,51.5,17.8
2024-06-04 19:27:25,2024-06-04 19:50:25,东城区,朝阳区,34.2,10.3
2024-06-05 13:50:52,2024-06-05 14:12:52,东城区,大兴区,38.5,12.6
2024-06-13 05:56:03,2024-06-13 05:59:03,海淀区,石景山区,14.1,1.0
2024-06-11 14:11:53,2024-06-11 14:20:53,东城区,通州区,24.4,7.4
2024-06-28 13:15:20,2024-06-28 13:48:20,朝阳区,东城区,35.3,12.1
2024-06-17 17:58:51,2024-06-17 18:56:51,海淀区,石景山区,31.3,10.9
2024-06-12 20:38:38,2024-06-12 20:54:38,顺义区,昌平区,22.2,6.9
2024-06-05 16:52:14,2024-06-05 16:55:14,大兴区,房山区,17.4,1.0
2024-06-05 12:36:37,2024-06-05 12:45:37,大兴区,朝阳区,18.2,5.1
2024-06-14 08:52:37,2024-06-14 09:33:37,西城区,房山区,49.0,17.3
2024-06-30 07:39:06,2024-06-30 08:01:06,大兴区,石景山区,41.2,14.6
2024-06-30 16:02:37,2024-06-30 16:46:37,东城区,海淀区,44.0,15.8
2024-06-09 08:34:39,2024-06-09 09:00:39,朝阳区,大兴区,39.1,13.1
2024-06-27 00:12:23,2024-06-27 00:43:23,东城区,丰台区,46.8,16.2
2024-06-25 19:56:27,2024-06-25 20:19:27,顺义区,昌平区,33.1,11.4
2024-06-05 11:30:20,2024-06-05 11:42:20,海淀区,通州区,18.7,5.2
2024-06-02 14:47:25,2024-06-02 14:50:25,丰台区,西城区,15.6,1.0
2024-06-18 05:32:50,2024-06-18 05:38:50,海淀区,石景山区,14.6,2.9
2024-06-28 11:05:00,2024-06-28 11:18:00,朝阳区,门头沟区,27.0,7.3
2024-07-01 09:44:13,2024-07-01 10:08:13,朝阳区,通州区,50.9,18.4
2024-06-03 11:27:07,2024-06-03 11:47:07,东城区,门头沟区,42.0,14.9
2024-06-04 15:20:35,2024-06-04 15:42:35,海淀区,通州区,36.7,12.2
2024-06-16 07:20:54,2024-06-16 07:41:54,丰台区,朝阳区,28.2,8.6
2024-06-11 09:28:01,2024-06-11 09:31:01,西城区,石景山区,13.1,1.0
2024-06-16 07:17:37,2024-06-16 07:32:37,朝阳区,昌平区,29.7,8.7
2024-06-22 17:04:48,2024-06-22 17:20:48,西城区,大兴区,31.2,9.8
2024-06-01 18:15:20,2024-06-01 18:18:20,大兴区,朝阳区,16.5,1.0
2024-06-13 23:11:09,2024-06-13 23:28:09,东城区,顺义区,30.6,10.4
2024-06-04 18:48:27,2024-06-04 19:12:27,西城区,大兴区,33.2,11.1
2024-06-14 12:04:38,2024-06-14 12:17:38,通州区,西城区,27.4,7.8
2024-06-27 18:46:17,2024-06-27 19:08:17,朝阳区,丰台区,36.5,12.4
2024-06-30 06:07:14,2024-06-30 06:31:14,西城区,顺义区,37.6,13.3
2024-06-25 15:57:43,2024-06-25 16:01:43,朝阳区,顺义区,14.7,1.9
2024-07-01 15:40:19,2024-07-01 15:43:19,门头沟区,朝阳区,15.7,1.0
2024-06-29 08:40:31,2024-06-29 08:43:31,丰台区,通州区,17.4,1.5
2024-06-21 12:04:17,2024-06-21 12:47:17,朝阳区,海淀区,27.2,7.1
2024-06-12 16:10:37,2024-06-12 16:38:37,东城区,东城区,47.6,17.5
2024-06-07 19:10:59,2024-06-07 19:23:59,海淀区,房山区,27.4,9.0
2024-06-26 09:27:52,2024-06-26 10:00:52,石景山区,通州区,57.6,21.5
2024-07-01 08:45:36,2024-07-01 09:09:36,东城区,朝阳区,39.4,14.2
2024-06-15 13:36:49,2024-06-15 13:56:49,东城区,门头沟区,32.6,10.8
2024-07-01 11:41:20,2024-07-01 12:13:20,海淀区,西城区,35.5,11.6
2024-06-14 17:21:45,2024-06-14 18:04:45,东城区,西城区,34.0,10.6
2024-06-03 18:44:26,2024-06-03 19:28:26,通州区,石景山区,40.6,14.2
2024-06-24 12:01:42,2024-06-24 12:14:42,东城区,昌平区,20.9,5.2
2024-06-01 11:07:16,2024-06-01 11:10:16,房山区,门头沟区,16.0,2.7
2024-06-06 08:36:53,2024-06-06 09:19:53,朝阳区,门头沟区,48.1,17.0
2024-06-02 14:15:58,2024-06-02 14:18:58,海淀区,房山区,13.2,1.0
2024-06-03 08:21:51,2024-06-03 08:37:51,海淀区,东城区,30.6,8.5
2024-06-16 18:24:34,2024-06-16 18:42:34,朝阳区,丰台区,36.2,12.3
2024-06-01 11:11:30,2024-06-01 11:30:30,朝阳区,顺义区,32.7,9.4
2024-06-01 10:40:29,2024-06-01 10:44:29,东城区,西城区,15.0,2.3
2024-06-27 14:42:15,2024-06-27 15:05:15,昌平区,海淀区,30.5,9.5
2024-06-26 22:58:22,2024-06-26 23:12:22,朝阳区,大兴区,23.5,6.0
2024-06-14 18:55:55,2024-06-14 18:59:55,西城区,门头沟区,15.8,1.0
2024-06-09 23:05:26,2024-06-09 23:55:26,西城区,石景山区,25.6,8.3
2024-06-22 23:09:30,2024-06-22 23:20:30,海淀区,丰台区,16.9,3.9
2024-06-23 16:28:38,2024-06-23 16:54:38,朝阳区,西城区,24.2,5.9
2024-06-10 18:06:58,2024-06-10 18:09:58,通州区,昌平区,15.3,1.3
2024-06-17 12:51:48,2024-06-17 13:23:48,石景山区,西城区,40.8,13.2
2024-06-18 15:28:35,2024-06-18 15:48:35,丰台区,石景山区,34.2,12.2
2024-06-21 06:03:47,2024-06-21 06:16:47,石景山区,海淀区,25.2,8.2
2024-06-08 23:34:05,2024-06-08 23:57:05,顺义区,昌平区,46.8,16.3
2024-06-19 11:38:45,2024-06-19 12:02:45,东城区,东城区,38.7,12.5
2024-06-05 11:33:51,2024-06-05 11:44:51,朝阳区,通州区,19.8,4.6
2024-06-30 12:36:14,2024-06-30 13:16:14,丰台区,石景山区,39.7,13.9
2024-06-08 08:54:50,2024-06-08 09:16:50,顺义区,大兴区,29.2,8.9
2024-06-19 09:45:07,2024-06-19 10:49:07,海淀区,朝阳区,43.9,14.3
2024-06-29 07:12:38,2024-06-29 08:10:38,顺义区,丰台区,53.9,18.7
2024-06-05 09:08:08,2024-06-05 09:28:08,大兴区,大兴区,40.6,13.6
2024-06-03 19:40:01,2024-06-03 20:12:01,朝阳区,通州区,46.6,16.3
2024-06-30 08:24:53,2024-06-30 08:37:53,西城区,海淀区,33.2,9.6
2024-06-25 08:13:17,2024-06-25 08:22:17,西城区,朝阳区,16.9,2.9
2024-06-28 14:21:22,2024-06-28 14:35:22,西城区,丰台区,32.8,10.8
2024-06-10 17:54:07,2024-06-10 17:59:07,海淀区,石景山区,17.8,2.4
2024-06-03 19:23:43,2024-06-03 19:44:43,顺义区,朝阳区,47.0,16.3
2024-06-27 08:00:39,2024-06-27 08:06:39,海淀区,大兴区,17.3,2.9
2024-06-08 08:20:00,2024-06-08 08:27:00,顺义区,朝阳区,20.5,4.4
2024-06-05 18:58:09,2024-06-05 19:17:09,朝阳区,朝阳区,34.1,10.1
2024-06-30 14:10:38,2024-06-30 14:15:38,顺义区,东城区,15.9,2.8
2024-06-20 13:43:17,2024-06-20 13:50:17,房山区,西城区,17.6,4.8
2024-06-20 13:38:27,2024-06-20 14:52:27,丰台区,西城区,36.1,12.4
2024-06-23 15:19:51,2024-06-23 15:26:51,门头沟区,东城区,20.3,4.6
2024-06-08 16:49:36,2024-06-08 17:09:36,东城区,大兴区,31.1,10.2
2024-06-02 01:24:48,2024-06-02 01:53:48,朝阳区,朝阳区,43.4,14.2
2024-06-15 04:00:29,2024-06-15 04:24:29,大兴区,房山区,28.7,9.5
2024-06-17 12:50:33,2024-06-17 13:22:33,海淀区,顺义区,33.4,11.8
2024-06-27 18:44:57,2024-06-27 19:10:57,顺义区,石景山区,27.1,8.6
2024-06-16 15:02:07,2024-06-16 15:45:07,通州区,海淀区,28.3,9.0
2024-06-24 17:18:54,2024-06-24 17:36:54,大兴区,石景山区,33.0,10.3
2024-06-20 09:49:58,2024-06-20 10:07:58,西城区,东城区,23.9,6.9
2024-06-13 18:34:04,2024-06-13 18:39:04,朝阳区,海淀区,16.6,2.4
2024-06-17 18:41:53,2024-06-17 20:09:53,大兴区,西城区,49.5,17.3
2024-06-01 20:06:04,2024-06-01 20:28:04,昌平区,石景山区,31.3,8.9
2024-06-19 11:54:55,2024-06-19 12:36:55,朝阳区,顺义区,31.5,9.7
2024-06-25 14:52:46,2024-06-25 15:09:46,昌平区,房山区,28.0,7.9
2024-06-21 17:36:04,2024-06-21 17:58:04,房山区,大兴区,42.2,13.6
2024-06-16 11:50:20,2024-06-16 12:07:20,东城区,丰台区,29.9,9.4
2024-06-30 13:41:59,2024-06-30 14:01:59,朝阳区,门头沟区,24.4,7.8
2024-06-03 12:15:03,2024-06-03 12:18:03,西城区,石景山区,14.1,1.0
2024-06-11 23:33:35,2024-06-11 23:57:35,丰台区,石景山区,38.0,13.6
2024-06-27 07:20:03,2024-06-27 07:31:03,丰台区,房山区,23.8,6.5
2024-06-15 11:38:59,2024-06-15 12:03:59,西城区,朝阳区,43.7,14.4
2024-06-19 09:33:00,2024-06-19 10:03:00,西城区,海淀区,48.9,17.5
2024-07-01 22:58:45,2024-07-01 23:11:45,石景山区,丰台区,29.4,8.5
2024-06-28 09:53:15,2024-06-28 10:03:15,海淀区,丰台区,19.4,4.1
2024-07-01 12:42:11,2024-07-01 13:38:11,海淀区,昌平区,46.1,16.0
2024-06-12 17:07:53,2024-06-12 17:47:53,门头沟区,门头沟区,37.8,13.1
2024-06-01 16:16:51,2024-06-01 16:32:51,西城区,门头沟区,30.1,9.1
2024-06-28 15:42:31,2024-06-28 15:59:31,东城区,丰台区,36.5,13.0
2024-06-12 09:29:03,2024-06-12 09:56:03,朝阳区,顺义区,54.2,18.9
2024-06-16 04:20:16,2024-06-16 04:31:16,海淀区,昌平区,23.1,5.3
2024-06-12 21:51:31,2024-06-12 22:02:31,朝阳区,西城区,17.8,4.2
2024-06-07 15:12:21,2024-06-07 15:15:21,海淀区,房山区,14.5,1.7
2024-06-04 08:41:13,2024-06-04 09:02:13,海淀区,石景山区,36.4,12.1
2024-06-14 13:56:14,2024-06-14 14:11:14,海淀区,门头沟区,25.3,7.9
2024-06-20 08:59:04,2024-06-20 09:35:04,西城区,朝阳区,47.0,17.2
2024-06-21 12:13:08,2024-06-21 12:19:08,大兴区,石景山区,21.2,4.9
2024-06-09 10:41:44,2024-06-09 10:46:44,海淀区,石景山区,17.4,3.0
2024-06-27 17:24:00,2024-06-27 17:29:00,昌平区,朝阳区,14.2,2.4
2024-06-11 19:01:19,2024-06-11 19:25:19,海淀区,大兴区,22.2,6.5
2024-07-01 08:41:02,2024-07-01 09:08:02,大兴区,门头沟区,27.5,8.1
2024-06-30 18:11:10,2024-06-30 18:25:10,顺义区,顺义区,25.5,6.7
2024-06-13 12:19:14,2024-06-13 12:24:14,大兴区,西城区,20.0,5.1
2024-06-27 08:52:50,2024-06-27 09:09:50,房山区,大兴区,23.3,7.1
2024-06-25 09:12:42,2024-06-25 09:28:42,西城区,通州区,19.8,4.6
2024-06-24 04:25:04,2024-06-24 04:44:04,昌平区,海淀区,28.3,7.5
2024-06-07 18:45:58,2024-06-07 18:49:58,丰台区,昌平区,13.9,3.2
2024-06-25 20:15:55,2024-06-25 20:44:55,房山区,石景山区,18.2,4.8
2024-06-16 18:02:30,2024-06-16 18:25:30,房山区,石景山区,32.5,9.8
2024-06-04 11:20:49,2024-06-04 11:32:49,东城区,房山区,22.3,6.2
2024-06-23 18:44:42,2024-06-23 19:02:42,东城区,大兴区,28.2,7.9
2024-06-28 11:45:21,2024-06-28 11:48:21,海淀区,昌平区,16.3,1.0
2024-06-14 19:32:57,2024-06-14 19:56:57,朝阳区,门头沟区,38.1,12.9
2024-06-10 13:48:30,2024-06-10 14:13:30,西城区,朝阳区,32.1,9.4
2024-06-30 17:13:16,2024-06-30 17:25:16,海淀区,海淀区,22.7,5.7
2024-06-10 22:22:13,2024-06-10 22:34:13,东城区,房山区,27.8,8.2
2024-06-08 14:00:30,2024-06-08 14:09:30,西城区,丰台区,20.8,4.4
2024-06-02 12:03:25,2024-06-02 12:08:25,朝阳区,西城区,15.6,3.5
2024-06-02 22:04:20,2024-06-02 22:16:20,西城区,顺义区,24.6,6.6
2024-06-14 07:39:34,2024-06-14 08:03:34,通州区,门头沟区,26.2,7.4
2024-06-12 08:43:45,2024-06-12 09:08:45,海淀区,海淀区,41.2,13.4
2024-06-09 19:51:05,2024-06-09 20:05:05,东城区,昌平区,33.5,10.1
2024-06-24 11:34:02,2024-06-24 11:50:02,朝阳区,西城区,36.1,12.6
2024-06-05 16:00:15,2024-06-05 16:27:15,通州区,朝阳区,41.0,15.1
2024-06-14 10:19:45,2024-06-14 11:11:45,朝阳区,顺义区,46.1,15.4
2024-06-26 04:32:12,2024-06-26 04:51:12,朝阳区,丰台区,24.2,7.4
2024-06-06 09:32:00,2024-06-06 09:40:00,朝阳区,海淀区,19.6,5.3
2024-06-12 21:41:47,2024-06-12 21:59:47,西城区,朝阳区,34.4,11.6
2024-06-20 14:15:30,2024-06-20 14:45:30,海淀区,东城区,42.3,15.3
2024-06-15 09:29:58,2024-06-15 09:57:58,昌平区,房山区,28.0,8.4
2024-06-02 19:49:38,2024-06-02 20:15:38,石景山区,顺义区,42.4,14.6
2024-06-01 19:06:05,2024-06-01 19:10:05,朝阳区,石景山区,15.3,2.0
2024-06-05 20:10:51,2024-06-05 22:09:51,通州区,西城区,56.5,19.8
2024-06-14 18:58:51,2024-06-14 19:20:51,门头沟区,东城区,44.9,16.0
2024-06-18 08:29:39,2024-06-18 08:51:39,朝阳区,丰台区,35.8,12.2
2024-06-12 15:16:02,2024-06-12 15:24:02,丰台区,门头沟区,15.8,4.1
2024-06-21 15:31:50,2024-06-21 15:42:50,朝阳区,东城区,24.1,7.5
2024-06-05 21:11:33,2024-06-05 21:16:33,大兴区,丰台区,17.3,4.5
2024-06-28 19:06:01,2024-06-28 19:18:01,海淀区,通州区,33.5,11.9
2024-06-27 14:31:39,2024-06-27 14:42:39,大兴区,西城区,26.8,8.0
2024-06-15 14:47:11,2024-06-15 15:17:11,海淀区,门头沟区,37.1,13.1
2024-06-17 16:47:55,2024-06-17 17:00:55,朝阳区,房山区,21.8,6.8
2024-06-14 19:09:23,2024-06-14 19:18:23,朝阳区,石景山区,19.9,3.9
2024-06-21 23:26:10,2024-06-21 23:29:10,西城区,顺义区,14.5,2.0
2024-06-09 23:22:28,2024-06-09 23:37:28,大兴区,海淀区,28.7,7.8
2024-06-01 07:14:15,2024-06-01 07:23:15,东城区,通州区,14.0,3.1
2024-06-22 13:58:08,2024-06-22 14:01:08,大兴区,西城区,15.7,1.0
2024-06-01 14:26:27,2024-06-01 14:56:27,东城区,东城区,28.6,9.5
2024-06-19 11:09:29,2024-06-19 11:43:29,通州区,大兴区,41.5,13.4
2024-06-30 08:10:02,2024-06-30 08:16:02,东城区,昌平区,16.2,4.2
2024-06-01 09:18:14,2024-06-01 09:39:14,顺义区,大兴区,37.0,12.5
2024-06-26 12:49:43,2024-06-26 12:52:43,顺义区,昌平区,16.1,1.0
2024-06-16 18:48:31,2024-06-16 18:51:31,朝阳区,丰台区,16.6,1.0
2024-06-13 16:35:17,2024-06-13 16:51:17,海淀区,顺义区,26.1,8.2
2024-06-09 16:04:58,2024-06-09 16:07:58,海淀区,朝阳区,16.4,1.0
2024-06-14 08:58:35,2024-06-14 09:18:35,石景山区,朝阳区,43.9,16.1
2024-06-06 23:41:53,2024-06-07 00:06:53,海淀区,海淀区,38.7,13.8
2024-06-18 13:37:29,2024-06-18 13:46:29,房山区,房山区,18.8,5.5
2024-06-25 09:29:52,2024-06-25 09:43:52,通州区,顺义区,26.8,8.5
2024-06-19 09:44:25,2024-06-19 10:06:25,通州区,门头沟区,35.8,11.3
2024-06-27 09:37:50,2024-06-27 09:45:50,通州区,东城区,16.0,3.3
2024-06-07 09:55:18,2024-06-07 10:28:18,丰台区,丰台区,42.8,14.9
2024-06-06 18:14:09,2024-06-06 18:41:09,朝阳区,顺义区,39.6,13.7
2024-06-10 08:23:12,2024-06-10 09:12:12,通州区,房山区,34.2,12.0
2024-06-12 12:58:29,2024-06-12 13:18:29,丰台区,门头沟区,32.5,10.3
2024-06-03 17:45:31,2024-06-03 17:49:31,朝阳区,东城区,15.3,2.5
2024-06-26 09:15:33,2024-06-26 09:49:33,房山区,通州区,33.7,11.9
2024-06-19 13:59:26,2024-06-19 14:05:26,海淀区,朝阳区,20.6,4.4
2024-06-03 21:42:39,2024-06-03 22:17:39,海淀区,海淀区,29.9,9.0
2024-06-01 08:01:41,2024-06-01 08:14:41,房山区,石景山区,32.7,9.7
2024-06-10 11:25:05,2024-06-10 11:28:05,昌平区,顺义区,16.6,1.0
2024-06-01 14:34:09,2024-06-01 14:46:09,朝阳区,门头沟区,28.5,9.4
2024-06-21 07:36:15,2024-06-21 08:02:15,东城区,海淀区,40.0,12.7
2024-06-03 13:19:32,2024-06-03 13:53:32,朝阳区,大兴区,36.9,12.4
2024-06-14 09:50:46,2024-06-14 09:53:46,通州区,门头沟区,14.7,1.0
2024-06-23 18:22:49,2024-06-23 18:28:49,大兴区,西城区,14.2,3.4
2024-06-17 15:13:19,2024-06-17 15:27:19,昌平区,朝阳区,34.0,10.4
2024-06-01 09:31:16,2024-06-01 10:07:16,朝阳区,石景山区,27.4,9.1
2024-06-17 11:35:01,2024-06-17 12:04:01,海淀区,昌平区,44.8,16.7
2024-06-21 17:49:31,2024-06-21 17:57:31,朝阳区,朝阳区,20.1,6.0
2024-06-28 19:02:10,2024-06-28 19:42:10,顺义区,门头沟区,51.4,18.3
2024-06-16 05:34:22,2024-06-16 06:37:22,顺义区,海淀区,46.3,16.8
2024-06-16 16:54:16,2024-06-16 17:23:16,海淀区,大兴区,45.7,15.7
2024-06-12 14:49:00,2024-06-12 14:57:00,顺义区,西城区,20.8,6.1
2024-06-15 12:04:28,2024-06-15 12:11:28,门头沟区,门头沟区,17.0,2.2
2024-06-29 13:54:38,2024-06-29 14:15:38,朝阳区,房山区,40.0,13.4
2024-06-24 11:00:07,2024-06-24 11:04:07,丰台区,西城区,14.2,3.1
2024-06-22 11:12:55,2024-06-22 11:17:55,门头沟区,西城区,17.7,1.6
2024-06-29 09:21:57,2024-06-29 09:29:57,顺义区,石景山区,13.4,2.5
2024-06-22 10:36:20,2024-06-22 10:45:20,东城区,海淀区,18.2,3.7
2024-06-22 09:46:20,2024-06-22 10:19:20,通州区,房山区,28.6,9.0
2024-06-18 08:31:34,2024-06-18 08:43:34,大兴区,门头沟区,21.6,5.0
2024-06-29 17:35:21,2024-06-29 17:54:21,海淀区,昌平区,19.9,6.0
2024-06-17 12:28:16,2024-06-17 12:42:16,西城区,石景山区,21.8,5.8
2024-06-06 15:45:31,2024-06-06 15:49:31,海淀区,东城区,14.9,2.3
2024-06-06 10:09:08,2024-06-06 10:23:08,海淀区,大兴区,32.3,10.4
2024-06-07 15:28:39,2024-06-07 15:35:39,东城区,东城区,17.8,4.3
2024-06-15 17:24:14,2024-06-15 17:50:14,西城区,海淀区,39.1,13.0
2024-06-26 08:50:10,2024-06-26 09:09:10,门头沟区,朝阳区,32.4,10.0
2024-06-29 13:02:20,2024-06-29 13:18:20,丰台区,昌平区,25.2,7.6
2024-06-23 08:40:16,2024-06-23 08:50:16,石景山区,西城区,25.2,6.4
2024-06-11 22:18:18,2024-06-11 22:35:18,东城区,门头沟区,31.0,10.0
2024-06-23 23:36:01,2024-06-23 23:55:01,朝阳区,朝阳区,27.8,9.4
2024-06-30 16:34:03,2024-06-30 16:39:03,西城区,昌平区,14.2,3.0
2024-06-27 12:56:31,2024-06-27 12:59:31,东城区,房山区,17.2,1.0
2024-06-12 15:20:15,2024-06-12 15:26:15,朝阳区,大兴区,14.5,3.0
2024-06-24 08:20:21,2024-06-24 08:24:21,西城区,昌平区,15.2,2.5
2024-06-28 15:46:47,2024-06-28 16:05:47,大兴区,东城区,32.4,11.4
2024-06-29 14:16:59,2024-06-29 14:40:59,昌平区,昌平区,25.7,6.5
2024-06-09 08:01:37,2024-06-09 08:22:37,丰台区,海淀区,33.5,10.9
2024-06-16 11:15:56,2024-06-16 11:42:56,昌平区,石景山区,41.7,14.0
2024-06-14 14:12:27,2024-06-14 14:18:27,通州区,大兴区,18.2,3.4
2024-06-21 17:00:28,2024-06-21 17:08:28,西城区,房山区,14.3,2.8
2024-06-03 13:31:45,2024-06-03 13:50:45,西城区,海淀区,27.0,7.3
2024-06-28 09:53:12,2024-06-28 10:05:12,大兴区,西城区,14.5,2.9
2024-06-01 16:42:00,2024-06-01 17:06:00,海淀区,丰台区,36.2,11.0
2024-06-06 11:13:02,2024-06-06 11:16:02,朝阳区,东城区,17.6,1.0
2024-06-24 16:46:56,2024-06-24 17:15:56,门头沟区,门头沟区,45.5,15.4
2024-06-15 23:54:47,2024-06-16 00:45:47,朝阳区,房山区,55.8,20.1
2024-06-13 17:28:19,2024-06-13 17:41:19,朝阳区,顺义区,22.5,6.6
2024-06-19 17:57:10,2024-06-19 18:00:10,顺义区,门头沟区,14.2,1.0
2024-06-04 12:23:56,2024-06-04 12:35:56,丰台区,顺义区,22.5,5.1
2024-06-11 12:35:01,2024-06-11 12:47:01,通州区,海淀区,24.4,7.1
2024-06-16 12:52:51,2024-06-16 13:15:51,昌平区,大兴区,23.9,5.7
2024-06-02 21:21:48,2024-06-02 21:33:48,昌平区,海淀区,21.0,5.6
2024-06-12 10:32:19,2024-06-12 10:43:19,丰台区,海淀区,22.2,6.3
2024-06-29 12:51:59,2024-06-29 13:06:59,西城区,海淀区,25.5,6.8
2024-06-28 08:02:41,2024-06-28 08:17:41,昌平区,石景山区,22.8,6.0
2024-06-04 21:07:52,2024-06-04 21:21:52,东城区,朝阳区,23.1,5.6
2024-06-01 16:02:54,2024-06-01 16:14:54,朝阳区,东城区,20.9,5.6
2024-07-01 10:14:31,2024-07-01 10:34:31,石景山区,丰台区,35.9,11.8
2024-06-24 09:55:19,2024-06-24 09:59:19,通州区,东城区,16.6,2.4
2024-06-01 10:55:30,2024-06-01 11:06:30,丰台区,石景山区,20.2,5.5
2024-06-29 14:38:13,2024-06-29 15:04:13,昌平区,东城区,41.5,15.0
2024-07-01 11:37:00,2024-07-01 11:43:00,房山区,东城区,21.0,4.4
2024-06-28 19:37:23,2024-06-28 19:52:23,东城区,海淀区,18.2,4.7
2024-07-01 13:38:48,2024-07-01 13:41:48,海淀区,石景山区,13.2,1.0
2024-06-20 18:31:51,2024-06-20 18:50:51,海淀区,丰台区,33.8,10.1
2024-06-23 10:42:05,2024-06-23 10:58:05,丰台区,昌平区,28.2,8.1
2024-06-12 17:01:09,2024-06-12 17:41:09,大兴区,昌平区,35.7,11.5
2024-06-04 20:24:13,2024-06-04 20:57:13,通州区,大兴区,31.8,9.6
2024-06-02 16:16:58,2024-06-02 16:20:58,房山区,石景山区,15.9,1.9
2024-06-01 19:23:34,2024-06-01 19:34:34,朝阳区,丰台区,24.1,6.7
2024-06-29 09:32:28,2024-06-29 09:52:28,朝阳区,东城区,32.0,11.1
2024-06-13 17:14:16,2024-06-13 17:37:16,大兴区,东城区,36.4,11.7
2024-06-12 18:33:41,2024-06-12 18:50:41,西城区,房山区,29.4,9.1
2024-06-09 08:10:03,2024-06-09 08:13:03,丰台区,通州区,15.6,1.5
2024-06-22 19:25:53,2024-06-22 19:38:53,顺义区,西城区,20.4,6.0
2024-06-27 17:44:02,2024-06-27 17:47:02,朝阳区,朝阳区,13.8,1.0
2024-06-06 08:40:46,2024-06-06 09:17:46,顺义区,朝阳区,35.4,12.5
2024-06-09 13:00:45,2024-06-09 13:09:45,朝阳区,丰台区,15.8,3.5
2024-06-24 12:56:10,2024-06-24 13:50:10,朝阳区,东城区,34.2,11.4
2024-06-02 14:27:01,2024-06-02 14:43:01,朝阳区,海淀区,39.5,13.8
2024-06-25 12:16:14,2024-06-25 12:36:14,西城区,石景山区,27.0,7.8
2024-06-28 15:23:34,2024-06-28 15:31:34,西城区,东城区,17.7,3.5
2024-06-09 07:17:08,2024-06-09 07:29:08,东城区,西城区,29.8,9.6
2024-06-04 08:11:17,2024-06-04 08:36:17,海淀区,朝阳区,39.4,14.2
2024-06-17 12:25:19,2024-06-17 12:33:19,石景山区,石景山区,15.2,3.7
2024-06-21 14:50:29,2024-06-21 15:11:29,昌平区,石景山区,38.3,13.4
2024-06-19 22:36:02,2024-06-19 22:51:02,昌平区,顺义区,32.1,9.3
2024-06-18 17:00:23,2024-06-18 17:15:23,海淀区,海淀区,23.4,6.9
2024-06-23 10:38:06,2024-06-23 10:45:06,朝阳区,朝阳区,21.1,6.0
2024-06-21 07:52:47,2024-06-21 08:07:47,东城区,朝阳区,32.5,10.8
2024-06-29 18:43:44,2024-06-29 18:47:44,东城区,通州区,16.8,1.0
2024-06-15 18:29:47,2024-06-15 18:44:47,大兴区,丰台区,23.5,6.9
2024-06-08 17:44:05,2024-06-08 18:05:05,朝阳区,朝阳区,29.0,9.3
2024-06-20 08:24:17,2024-06-20 08:44:17,昌平区,海淀区,36.8,12.6
2024-06-30 18:47:51,2024-06-30 19:13:51,门头沟区,顺义区,24.6,6.0
2024-06-03 13:33:38,2024-06-03 13:48:38,朝阳区,通州区,23.8,6.5
2024-06-24 14:53:34,2024-06-24 15:16:34,东城区,大兴区,41.7,15.3
2024-06-30 11:30:02,2024-06-30 11:38:02,昌平区,丰台区,24.9,6.8
2024-06-13 12:01:04,2024-06-13 12:08:04,丰台区,房山区,17.1,4.6
2024-06-02 16:05:47,2024-06-02 16:11:47,海淀区,门头沟区,15.3,2.8
2024-06-09 19:45:26,2024-06-09 20:12:26,海淀区,门头沟区,40.8,13.2
2024-06-19 12:27:22,2024-06-19 13:13:22,西城区,通州区,46.5,16.0
2024-06-17 12:34:51,2024-06-17 12:48:51,丰台区,石景山区,26.2,7.8
2024-06-22 13:51:11,2024-06-22 13:59:11,顺义区,大兴区,23.2,6.3
2024-06-11 11:45:52,2024-06-11 11:56:52,西城区,丰台区,18.8,4.2
2024-06-08 09:26:48,2024-06-08 09:49:48,西城区,西城区,33.4,11.8
2024-06-30 07:43:40,2024-06-30 08:00:40,东城区,东城区,30.5,9.9
2024-06-10 09:35:20,2024-06-10 10:09:20,西城区,西城区,42.5,14.5
2024-07-01 18:59:43,2024-07-01 19:58:43,丰台区,顺义区,59.0,21.4
2024-06-07 09:49:28,2024-06-07 10:20:28,海淀区,大兴区,39.7,14.4
2024-06-02 10:34:15,2024-06-02 10:51:15,顺义区,大兴区,31.8,10.7
2024-06-09 08:17:09,2024-06-09 08:31:09,昌平区,丰台区,30.2,10.0
2024-06-30 12:00:59,2024-06-30 12:23:59,石景山区,顺义区,31.3,10.5
2024-06-06 23:38:19,2024-06-06 23:53:19,东城区,石景山区,27.0,7.8
2024-06-25 11:39:55,2024-06-25 11:47:55,昌平区,门头沟区,16.0,4.2
2024-06-20 19:09:20,2024-06-20 19:34:20,西城区,房山区,22.5,5.6
2024-06-24 18:43:57,2024-06-24 19:12:57,东城区,门头沟区,30.1,9.1
2024-06-23 09:31:58,2024-06-23 09:58:58,东城区,昌平区,29.4,9.7
2024-06-16 08:56:56,2024-06-16 09:29:56,朝阳区,昌平区,28.2,9.1
2024-06-20 10:52:22,2024-06-20 11:11:22,西城区,海淀区,20.2,5.1
2024-06-15 12:10:27,2024-06-15 12:35:27,顺义区,房山区,30.1,10.4
2024-06-07 13:06:15,2024-06-07 13:30:15,朝阳区,海淀区,40.7,13.2
2024-06-13 09:54:37,2024-06-13 09:57:37,西城区,昌平区,17.7,1.0
2024-06-01 14:49:00,2024-06-01 15:07:00,海淀区,朝阳区,34.5,10.8
2024-07-01 23:55:15,2024-07-02 00:18:15,东城区,房山区,36.1,11.0
2024-06-16 18:08:50,2024-06-16 18:29:50,朝阳区,海淀区,29.8,10.1
2024-06-15 07:03:00,2024-06-15 07:11:00,朝阳区,丰台区,18.2,5.1
2024-06-14 13:28:41,2024-06-14 14:15:41,西城区,朝阳区,52.2,18.7
2024-06-15 19:06:49,2024-06-15 19:12:49,丰台区,顺义区,17.6,4.1
2024-07-01 17:21:54,2024-07-01 17:38:54,朝阳区,丰台区,22.5,6.2
2024-07-01 16:17:13,2024-07-01 16:25:13,西城区,海淀区,16.8,2.6
2024-06-07 18:52:47,2024-06-07 19:10:47,朝阳区,石景山区,31.4,9.3
2024-06-30 04:36:44,2024-06-30 04:49:44,海淀区,东城区,29.8,8.8
2024-06-17 13:16:38,2024-06-17 13:19:38,海淀区,顺义区,15.7,1.0
2024-06-23 14:56:55,2024-06-23 15:24:55,通州区,通州区,40.0,14.4
2024-06-01 13:15:12,2024-06-01 13:32:12,大兴区,朝阳区,31.2,10.6
2024-06-14 13:52:15,2024-06-14 14:36:15,大兴区,西城区,42.5,15.1
2024-06-06 18:19:07,2024-06-06 18:44:07,丰台区,通州区,39.0,12.9
2024-06-18 10:13:49,2024-06-18 10:30:49,海淀区,丰台区,34.6,11.9
2024-06-25 08:36:58,2024-06-25 08:55:58,东城区,石景山区,29.4,10.1
2024-06-10 19:35:34,2024-06-10 19:38:34,顺义区,大兴区,15.5,1.0
2024-06-06 08:57:27,2024-06-06 09:15:27,西城区,东城区,18.7,4.9
2024-06-18 17:22:39,2024-06-18 17:41:39,石景山区,石景山区,37.3,11.7
2024-06-08 01:30:05,2024-06-08 01:35:05,石景山区,大兴区,15.6,2.4
2024-06-06 07:50:36,2024-06-06 08:38:36,朝阳区,通州区,34.0,11.4
2024-06-03 19:54:38,2024-06-03 20:00:38,朝阳区,西城区,18.3,3.4
2024-06-14 16:23:14,2024-06-14 16:35:14,东城区,西城区,24.9,6.3
2024-06-19 09:44:18,2024-06-19 10:38:18,朝阳区,海淀区,41.0,13.8
2024-06-14 18:56:38,2024-06-14 19:14:38,大兴区,房山区,42.5,14.0
2024-06-15 13:04:28,2024-06-15 13:07:28,门头沟区,东城区,15.4,1.0
2024-06-10 12:56:14,2024-06-10 12:59:14,顺义区,丰台区,13.6,1.0
2024-06-14 17:43:47,2024-06-14 17:46:47,海淀区,顺义区,16.0,1.0
2024-06-25 12:33:52,2024-06-25 13:16:52,西城区,大兴区,38.6,13.5
2024-06-03 22:13:10,2024-06-03 22:16:10,朝阳区,房山区,13.0,1.0
2024-06-26 17:49:51,2024-06-26 17:54:51,石景山区,顺义区,14.3,1.9
2024-06-13 23:57:02,2024-06-14 00:16:02,房山区,东城区,36.1,12.4
2024-06-15 11:37:50,2024-06-15 11:54:50,西城区,东城区,35.2,10.6
2024-06-20 11:27:23,2024-06-20 11:46:23,海淀区,通州区,30.5,9.9
2024-06-26 08:05:40,2024-06-26 08:15:40,海淀区,东城区,22.1,5.8
2024-06-18 16:26:46,2024-06-18 16:39:46,海淀区,昌平区,28.9,9.0
2024-06-18 13:35:16,2024-06-18 13:45:16,昌平区,门头沟区,19.8,5.5
2024-06-15 19:53:19,2024-06-15 20:05:19,丰台区,大兴区,32.4,9.7
2024-06-25 11:07:06,2024-06-25 11:15:06,丰台区,房山区,14.6,2.7
2024-06-10 09:31:56,2024-06-10 09:44:56,通州区,通州区,19.4,3.7
2024-06-26 17:31:35,2024-06-26 17:37:35,西城区,石景山区,16.1,2.2
2024-07-01 16:17:32,2024-07-01 16:49:32,顺义区,丰台区,41.8,15.5
2024-06-23 09:48:44,2024-06-23 10:11:44,东城区,海淀区,21.4,5.3
2024-07-01 08:18:06,2024-07-01 08:37:06,西城区,大兴区,29.1,8.0
2024-06-01 19:19:30,2024-06-01 19:35:30,西城区,海淀区,25.6,8.4
2024-06-30 23:15:21,2024-06-30 23:37:21,西城区,顺义区,27.6,8.9
2024-06-29 15:07:16,2024-06-29 15:10:16,朝阳区,昌平区,14.1,1.0
2024-06-06 15:13:35,2024-06-06 15:29:35,西城区,石景山区,37.4,11.7
2024-06-04 14:45:36,2024-06-04 15:01:36,朝阳区,石景山区,31.5,10.6
2024-06-06 19:28:43,2024-06-06 19:43:43,东城区,顺义区,15.1,3.8
2024-06-15 12:17:18,2024-06-15 12:31:18,东城区,丰台区,27.3,7.5
2024-06-30 16:53:48,2024-06-30 17:26:48,石景山区,朝阳区,44.7,16.5
2024-06-15 12:09:50,2024-06-15 13:29:50,朝阳区,海淀区,39.0,13.3
2024-06-05 16:50:06,2024-06-05 17:11:06,海淀区,西城区,30.8,10.6
2024-06-07 12:40:52,2024-06-07 12:58:52,大兴区,通州区,30.1,9.9
2024-06-22 14:17:18,2024-06-22 14:40:18,东城区,丰台区,43.4,15.6
2024-06-28 12:08:56,2024-06-28 13:17:56,西城区,朝阳区,35.3,11.5
2024-06-24 20:21:36,2024-06-24 20:34:36,东城区,西城区,25.9,8.4
2024-06-25 13:42:30,2024-06-25 13:51:30,朝阳区,房山区,23.7,6.2
2024-06-07 05:24:33,2024-06-07 05:31:33,西城区,顺义区,17.9,3.8
2024-06-12 10:21:46,2024-06-12 11:29:46,东城区,西城区,43.5,16.1
2024-06-24 18:21:41,2024-06-24 18:36:41,门头沟区,海淀区,28.3,7.5
2024-06-11 19:26:33,2024-06-11 20:06:33,东城区,海淀区,33.3,11.1
2024-06-26 13:26:18,2024-06-26 13:49:18,海淀区,石景山区,45.7,15.5
2024-06-19 11:05:39,2024-06-19 11:20:39,大兴区,昌平区,25.0,6.2
2024-06-25 19:54:37,2024-06-25 19:57:37,西城区,西城区,14.3,1.0
2024-06-15 15:33:44,2024-06-15 16:03:44,朝阳区,西城区,49.0,18.6
2024-06-07 00:47:09,2024-06-07 00:59:09,朝阳区,朝阳区,28.2,8.3
2024-06-18 10:48:30,2024-06-18 11:04:30,丰台区,通州区,31.2,8.8
2024-06-18 15:00:46,2024-06-18 15:13:46,丰台区,通州区,20.3,5.5
2024-06-16 13:12:23,2024-06-16 13:45:23,大兴区,东城区,32.3,9.8
2024-06-03 18:18:50,2024-06-03 18:43:50,东城区,西城区,31.8,9.6
2024-06-02 08:11:34,2024-06-02 08:24:34,丰台区,丰台区,25.1,6.3
2024-06-06 09:28:45,2024-06-06 09:37:45,海淀区,昌平区,21.8,5.7
2024-06-10 11:33:01,2024-06-10 12:02:01,海淀区,昌平区,29.4,8.5
2024-06-12 18:49:22,2024-06-12 19:08:22,房山区,昌平区,30.4,10.0
2024-06-10 13:31:23,2024-06-10 13:52:23,东城区,朝阳区,30.2,10.1
2024-06-16 09:27:39,2024-06-16 09:55:39,西城区,朝阳区,41.5,14.9
2024-06-04 14:44:50,2024-06-04 15:26:50,海淀区,东城区,45.7,15.8
2024-06-13 23:12:21,2024-06-13 23:31:21,东城区,通州区,29.1,9.8
2024-06-13 08:27:21,2024-06-13 08:51:21,东城区,房山区,37.8,13.5
2024-06-26 07:58:07,2024-06-26 08:08:07,房山区,朝阳区,20.0,4.6
2024-06-10 14:45:11,2024-06-10 15:09:11,海淀区,门头沟区,18.3,5.1
2024-06-24 11:11:58,2024-06-24 11:29:58,海淀区,西城区,24.0,7.6
2024-06-30 13:42:35,2024-06-30 13:46:35,朝阳区,房山区,18.2,3.3
2024-06-24 05:37:57,2024-06-24 05:57:57,海淀区,门头沟区,23.0,5.6
2024-06-04 15:49:38,2024-06-04 16:14:38,东城区,东城区,35.9,12.7
2024-06-29 12:19:19,2024-06-29 12:36:19,海淀区,朝阳区,31.0,9.1
2024-06-11 14:13:32,2024-06-11 14:38:32,东城区,大兴区,35.3,11.0
2024-06-14 18:25:47,2024-06-14 18:38:47,西城区,海淀区,29.2,9.3
2024-06-03 12:24:06,2024-06-03 12:27:06,朝阳区,门头沟区,15.3,1.0
2024-06-29 17:25:30,2024-06-29 17:57:30,朝阳区,房山区,41.8,14.4
2024-07-01 13:23:12,2024-07-01 13:26:12,通州区,房山区,16.1,1.7
2024-06-02 08:12:36,2024-06-02 08:26:36,海淀区,通州区,29.3,8.5
2024-06-30 05:36:58,2024-06-30 05:41:58,海淀区,西城区,18.6,3.4
2024-06-28 18:54:17,2024-06-28 19:08:17,门头沟区,通州区,32.2,9.5
2024-06-06 09:04:04,2024-06-06 09:15:04,朝阳区,丰台区,17.5,3.6
2024-06-23 09:26:21,2024-06-23 09:40:21,门头沟区,东城区,21.6,6.7
2024-06-16 23:59:55,2024-06-17 00:02:55,东城区,昌平区,15.3,1.0
2024-06-22 13:51:03,2024-06-22 13:54:03,海淀区,通州区,16.9,1.0
2024-06-17 08:22:38,2024-06-17 08:49:38,西城区,门头沟区,44.2,14.5
2024-06-17 19:47:28,2024-06-17 20:14:28,东城区,房山区,45.8,15.3
2024-06-07 14:05:49,2024-06-07 14:52:49,朝阳区,顺义区,48.8,16.6
2024-06-30 23:58:13,2024-07-01 00:03:13,西城区,石景山区,14.5,2.8
2024-06-29 15:38:45,2024-06-29 15:56:45,顺义区,西城区,24.2,7.5
2024-06-04 09:35:43,2024-06-04 09:55:43,西城区,顺义区,36.9,13.1
2024-06-17 16:26:17,2024-06-17 16:50:17,朝阳区,西城区,30.7,8.6
2024-06-25 09:03:19,2024-06-25 09:06:19,东城区,丰台区,14.2,1.9
2024-06-27 14:10:52,2024-06-27 14:19:52,朝阳区,东城区,21.6,5.0
2024-06-24 12:53:19,2024-06-24 13:05:19,石景山区,昌平区,27.4,7.9
2024-06-13 02:31:22,2024-06-13 02:49:22,海淀区,丰台区,32.2,9.2
2024-06-24 19:03:45,2024-06-24 19:15:45,西城区,门头沟区,28.1,7.6
2024-06-16 12:13:19,2024-06-16 12:25:19,西城区,海淀区,29.2,8.5
2024-06-11 14:50:14,2024-06-11 15:36:14,石景山区,房山区,56.7,20.3
2024-06-19 12:55:13,2024-06-19 13:19:13,石景山区,西城区,42.0,14.1
2024-06-17 12:49:08,2024-06-17 13:00:08,西城区,西城区,22.9,7.3
2024-06-15 17:02:51,2024-06-15 17:17:51,通州区,丰台区,30.4,8.7
2024-06-23 12:09:01,2024-06-23 12:18:01,朝阳区,石景山区,26.0,7.5
2024-06-15 14:37:32,2024-06-15 15:03:32,大兴区,大兴区,19.7,4.5
2024-06-20 18:08:57,2024-06-20 18:44:57,丰台区,西城区,35.0,11.9
2024-06-21 08:23:50,2024-06-21 08:51:50,门头沟区,石景山区,31.5,10.6
2024-06-01 15:59:42,2024-06-01 16:32:42,海淀区,石景山区,28.5,8.5
2024-06-01 09:43:45,2024-06-01 09:52:45,丰台区,东城区,23.8,6.3
2024-06-04 15:33:15,2024-06-04 15:45:15,大兴区,顺义区,24.2,7.5
2024-06-14 17:12:29,2024-06-14 17:31:29,房山区,丰台区,33.9,10.1
2024-06-20 16:42:54,2024-06-20 16:45:54,东城区,石景山区,16.0,1.0
2024-06-02 17:01:07,2024-06-02 17:35:07,东城区,西城区,47.1,17.0
2024-06-22 11:41:12,2024-06-22 11:56:12,丰台区,丰台区,21.8,6.8
2024-06-02 17:07:25,2024-06-02 17:29:25,朝阳区,海淀区,27.4,8.3
2024-06-04 12:42:48,2024-06-04 12:54:48,朝阳区,丰台区,29.3,8.1
2024-06-09 15:40:48,2024-06-09 15:43:48,海淀区,朝阳区,14.0,1.0
2024-06-22 07:46:49,2024-06-22 07:55:49,西城区,顺义区,22.6,5.8
2024-06-03 23:22:47,2024-06-03 23:42:47,海淀区,顺义区,24.3,6.4
2024-06-28 08:05:30,2024-06-28 08:18:30,丰台区,大兴区,29.4,8.1
2024-06-25 17:12:03,2024-06-25 17:40:03,东城区,门头沟区,33.1,10.5
2024-06-20 07:01:12,2024-06-20 07:29:12,房山区,朝阳区,60.0,21.7
2024-06-26 07:34:28,2024-06-26 07:54:28,东城区,西城区,34.9,12.1
2024-07-01 12:09:22,2024-07-01 12:15:22,朝阳区,门头沟区,14.4,3.3
2024-06-30 16:43:31,2024-06-30 16:46:31,丰台区,丰台区,17.9,1.0
2024-06-19 13:27:20,2024-06-19 14:13:20,海淀区,西城区,41.6,13.4
2024-06-23 07:54:02,2024-06-23 08:27:02,海淀区,石景山区,37.6,12.9
2024-06-22 07:07:08,2024-06-22 07:50:08,海淀区,西城区,29.2,9.9
2024-06-06 19:37:02,2024-06-06 19:54:02,东城区,顺义区,36.2,11.9
2024-06-05 17:11:54,2024-06-05 17:49:54,大兴区,丰台区,34.9,11.2
2024-06-27 20:22:25,2024-06-27 20:51:25,昌平区,顺义区,40.8,14.7
2024-06-21 17:17:18,2024-06-21 17:32:18,顺义区,大兴区,26.4,8.6
2024-06-11 15:04:54,2024-06-11 15:19:54,西城区,石景山区,28.2,9.3
2024-06-01 12:58:11,2024-06-01 13:11:11,西城区,门头沟区,33.7,10.4
2024-06-10 11:12:52,2024-06-10 11:20:52,丰台区,顺义区,18.7,4.9
2024-06-23 09:17:37,2024-06-23 09:41:37,西城区,通州区,39.8,13.4
2024-06-11 19:57:30,2024-06-11 20:54:30,昌平区,朝阳区,41.4,13.6
2024-06-11 06:28:18,2024-06-11 07:00:18,东城区,石景山区,39.3,13.5
2024-06-24 20:35:48,2024-06-24 20:55:48,房山区,东城区,27.2,7.3
2024-06-20 14:40:59,2024-06-20 15:03:59,海淀区,昌平区,30.4,10.5
2024-06-15 11:49:23,2024-06-15 12:06:23,石景山区,朝阳区,25.2,7.1
2024-06-15 15:29:22,2024-06-15 15:35:22,石景山区,西城区,19.5,3.7
2024-06-23 07:25:44,2024-06-23 07:39:44,海淀区,顺义区,27.3,9.0
2024-06-11 16:27:58,2024-06-11 16:51:58,海淀区,大兴区,17.7,4.1
2024-06-29 11:26:33,2024-06-29 11:38:33,朝阳区,门头沟区,17.9,4.2
2024-06-16 15:59:21,2024-06-16 16:04:21,朝阳区,朝阳区,14.6,2.4
2024-06-27 11:04:55,2024-06-27 11:27:55,丰台区,海淀区,35.5,12.3
2024-06-11 18:30:41,2024-06-11 19:24:41,东城区,西城区,31.4,11.0
2024-06-20 17:34:16,2024-06-20 17:49:16,朝阳区,顺义区,31.2,9.9
2024-06-27 13:35:04,2024-06-27 14:18:04,东城区,门头沟区,31.4,10.8
2024-06-06 21:00:41,2024-06-06 21:15:41,海淀区,海淀区,31.8,9.2
2024-06-07 09:28:15,2024-06-07 09:35:15,东城区,海淀区,15.1,3.5
2024-06-11 11:09:15,2024-06-11 11:45:15,昌平区,通州区,48.5,16.8
2024-06-28 23:15:12,2024-06-29 00:33:12,丰台区,海淀区,48.6,17.3
2024-06-19 17:29:07,2024-06-19 17:44:07,房山区,昌平区,26.8,7.1
2024-06-04 18:48:29,2024-06-04 18:51:29,海淀区,海淀区,14.9,1.0
2024-06-16 21:47:09,2024-06-16 21:53:09,西城区,通州区,16.3,3.8
2024-06-16 19:48:36,2024-06-16 19:51:36,房山区,海淀区,13.9,1.0
2024-06-09 15:51:34,2024-06-09 16:05:34,大兴区,通州区,26.4,7.7
2024-06-25 13:22:57,2024-06-25 13:31:57,朝阳区,朝阳区,23.3,6.5
2024-06-14 19:49:29,2024-06-14 21:11:29,朝阳区,西城区,42.3,15.2
2024-06-21 17:00:44,2024-06-21 17:16:44,昌平区,昌平区,41.6,14.0
2024-06-04 11:44:13,2024-06-04 11:47:13,石景山区,西城区,13.8,1.0
2024-06-11 07:09:35,2024-06-11 08:00:35,西城区,石景山区,26.0,8.5
2024-06-12 13:29:56,2024-06-12 13:42:56,海淀区,西城区,22.0,6.7
2024-06-19 12:13:49,2024-06-19 12:22:49,顺义区,西城区,22.5,6.1
2024-06-08 18:05:24,2024-06-08 18:10:24,海淀区,海淀区,14.3,2.4
2024-06-24 09:32:47,2024-06-24 10:11:47,丰台区,门头沟区,34.4,11.0
2024-06-28 12:56:43,2024-06-28 13:40:43,西城区,朝阳区,45.8,16.5
2024-06-16 18:43:32,2024-06-16 19:07:32,丰台区,昌平区,35.3,12.4
2024-06-24 08:22:05,2024-06-24 08:45:05,朝阳区,丰台区,37.6,12.4
2024-06-15 04:08:08,2024-06-15 04:34:08,朝阳区,门头沟区,34.4,10.5
2024-06-05 04:20:54,2024-06-05 04:31:54,丰台区,东城区,19.4,4.9
2024-06-21 15:40:33,2024-06-21 15:49:33,房山区,门头沟区,18.7,4.1
2024-06-16 13:10:32,2024-06-16 13:22:32,海淀区,大兴区,17.2,4.5
2024-06-10 14:45:40,2024-06-10 15:54:40,大兴区,朝阳区,49.6,16.9
2024-06-04 06:07:53,2024-06-04 06:43:53,丰台区,大兴区,40.5,13.4
2024-06-28 09:29:40,2024-06-28 09:33:40,海淀区,大兴区,17.9,3.2
2024-06-12 15:27:35,2024-06-12 15:56:35,西城区,房山区,44.1,15.3
2024-06-15 08:39:04,2024-06-15 08:50:04,石景山区,石景山区,16.9,4.5
2024-06-11 15:35:37,2024-06-11 15:51:37,东城区,大兴区,31.3,9.8
2024-06-12 10:21:57,2024-06-12 10:51:57,东城区,昌平区,35.4,12.3
2024-06-30 18:20:15,2024-06-30 18:26:15,昌平区,西城区,18.4,3.3
2024-06-27 09:16:18,2024-06-27 09:20:18,朝阳区,海淀区,17.5,1.8
2024-06-03 16:52:03,2024-06-03 17:14:03,门头沟区,大兴区,41.0,13.3
2024-06-17 09:33:07,2024-06-17 09:44:07,顺义区,海淀区,28.0,8.8
2024-06-26 12:36:50,2024-06-26 12:57:50,西城区,房山区,34.5,11.6
2024-06-29 18:39:01,2024-06-29 19:01:01,昌平区,顺义区,27.3,8.4
2024-06-22 20:47:26,2024-06-22 21:00:26,朝阳区,丰台区,22.9,6.2
2024-06-14 17:43:36,2024-06-14 18:02:36,丰台区,石景山区,31.4,10.7
2024-06-23 19:55:24,2024-06-23 20:32:24,朝阳区,海淀区,30.8,10.0
2024-06-21 14:28:16,2024-06-21 14:43:16,通州区,石景山区,25.9,8.4
2024-06-17 19:16:02,2024-06-17 19:24:02,西城区,石景山区,15.3,3.7
2024-06-17 17:44:08,2024-06-17 17:56:08,通州区,海淀区,26.9,7.6
2024-06-10 18:58:52,2024-06-10 19:23:52,大兴区,海淀区,31.5,10.4
2024-06-20 19:06:11,2024-06-20 20:24:11,丰台区,昌平区,40.8,13.0
2024-06-13 13:46:58,2024-06-13 14:05:58,西城区,昌平区,31.1,9.1
2024-06-09 23:08:54,2024-06-09 23:36:54,西城区,顺义区,43.5,16.2
2024-06-10 16:57:34,2024-06-10 17:00:34,朝阳区,海淀区,16.7,1.0
2024-06-19 19:33:06,2024-06-19 19:59:06,西城区,朝阳区,51.5,17.9
2024-06-01 19:01:18,2024-06-01 19:21:18,石景山区,海淀区,37.0,12.7
2024-06-05 17:04:48,2024-06-05 18:54:48,门头沟区,通州区,52.9,18.3
2024-06-06 13:47:52,2024-06-06 13:51:52,朝阳区,丰台区,17.3,3.2
2024-06-05 11:13:01,2024-06-05 12:19:01,顺义区,房山区,35.9,11.0
2024-06-20 23:56:51,2024-06-21 00:33:51,东城区,海淀区,32.0,10.5
2024-06-14 07:20:03,2024-06-14 07:23:03,房山区,房山区,17.0,1.0
2024-06-25 11:38:57,2024-06-25 11:56:57,丰台区,通州区,25.7,7.6
2024-06-13 17:09:35,2024-06-13 18:16:35,朝阳区,丰台区,33.1,11.1
2024-06-24 13:48:10,2024-06-24 14:11:10,朝阳区,东城区,35.8,11.7
2024-06-21 17:51:00,2024-06-21 18:11:00,大兴区,门头沟区,29.2,8.8
2024-06-29 16:59:53,2024-06-29 17:09:53,顺义区,丰台区,19.2,4.8
2024-06-12 11:12:33,2024-06-12 11:25:33,房山区,门头沟区,26.3,6.8
2024-06-15 18:57:45,2024-06-15 19:22:45,西城区,昌平区,26.0,7.1
2024-06-13 18:18:18,2024-06-13 18:41:18,大兴区,大兴区,42.9,14.6
2024-06-30 15:12:04,2024-06-30 15:30:04,东城区,西城区,27.3,7.7
2024-06-06 12:18:39,2024-06-06 12:21:39,通州区,门头沟区,15.2,1.0
2024-06-24 23:54:12,2024-06-25 00:32:12,通州区,大兴区,35.9,11.7
2024-06-03 11:49:16,2024-06-03 12:03:16,石景山区,东城区,26.9,7.0
2024-06-13 15:48:15,2024-06-13 15:53:15,海淀区,西城区,17.9,1.0
2024-06-04 11:33:56,2024-06-04 12:03:56,朝阳区,朝阳区,43.9,14.6
2024-06-26 17:18:44,2024-06-26 17:43:44,朝阳区,东城区,28.7,8.2
2024-06-09 09:48:43,2024-06-09 10:08:43,朝阳区,丰台区,37.8,13.1
2024-06-30 15:31:38,2024-06-30 15:36:38,丰台区,东城区,17.7,3.1
2024-06-26 17:03:47,2024-06-26 17:23:47,大兴区,石景山区,34.8,10.7
2024-06-09 12:21:51,2024-06-09 12:30:51,大兴区,西城区,28.3,7.7
2024-06-09 08:27:00,2024-06-09 08:30:00,石景山区,昌平区,16.7,1.0
2024-06-27 23:47:22,2024-06-28 00:01:22,石景山区,门头沟区,24.7,7.7
2024-06-06 19:44:26,2024-06-06 19:47:26,石景山区,丰台区,13.5,1.0
2024-06-26 09:31:51,2024-06-26 09:51:51,海淀区,门头沟区,29.0,9.7
2024-06-02 08:17:24,2024-06-02 08:37:24,昌平区,通州区,27.5,9.0
2024-06-05 13:39:56,2024-06-05 14:04:56,门头沟区,昌平区,31.2,10.9
2024-06-17 14:16:01,2024-06-17 14:37:01,房山区,昌平区,38.7,13.3
2024-06-01 09:35:10,2024-06-01 09:46:10,顺义区,丰台区,24.3,7.6
2024-06-28 17:45:13,2024-06-28 18:01:13,朝阳区,大兴区,29.2,8.3
2024-07-01 13:59:01,2024-07-01 14:02:01,通州区,朝阳区,14.4,2.0
2024-06-07 08:45:48,2024-06-07 09:05:48,房山区,海淀区,33.6,11.5
2024-06-27 14:54:54,2024-06-27 15:12:54,朝阳区,丰台区,23.4,7.5
2024-06-29 09:40:56,2024-06-29 09:51:56,顺义区,昌平区,26.6,7.4
2024-06-20 13:55:16,2024-06-20 14:00:16,朝阳区,海淀区,15.3,2.5
2024-06-18 18:55:22,2024-06-18 19:15:22,石景山区,通州区,32.4,10.7
2024-06-26 13:08:43,2024-06-26 13:19:43,西城区,大兴区,18.9,4.1
2024-06-26 11:12:56,2024-06-26 11:27:56,昌平区,海淀区,21.6,6.6
2024-06-28 19:23:40,2024-06-28 19:26:40,海淀区,门头沟区,16.0,1.0
2024-06-27 19:58:36,2024-06-27 20:16:36,海淀区,房山区,29.8,10.0
2024-07-01 23:29:48,2024-07-01 23:54:48,门头沟区,海淀区,37.2,11.4
2024-06-13 16:39:29,2024-06-13 17:00:29,朝阳区,石景山区,28.0,9.5
2024-06-16 19:52:47,2024-06-16 19:59:47,丰台区,丰台区,16.0,3.7
2024-06-02 17:41:40,2024-06-02 18:11:40,朝阳区,丰台区,40.2,14.5
2024-06-16 09:04:26,2024-06-16 09:29:26,东城区,丰台区,38.0,13.1
2024-06-19 01:08:46,2024-06-19 01:31:46,海淀区,大兴区,32.0,9.8
2024-06-20 18:40:03,2024-06-20 19:06:03,东城区,通州区,25.3,8.3
2024-06-08 23:01:57,2024-06-08 23:42:57,东城区,海淀区,30.3,9.5
2024-06-15 10:47:36,2024-06-15 11:31:36,丰台区,丰台区,29.1,9.4
2024-06-13 08:28:18,2024-06-13 08:33:18,海淀区,海淀区,15.1,1.1
2024-06-28 06:33:43,2024-06-28 06:41:43,东城区,顺义区,21.4,5.4
2024-06-03 13:54:27,2024-06-03 15:31:27,西城区,丰台区,53.8,19.9
2024-06-19 18:06:33,2024-06-19 19:05:33,海淀区,丰台区,49.0,16.5
2024-07-01 16:21:50,2024-07-01 16:43:50,通州区,朝阳区,17.4,4.1
2024-06-11 14:12:31,2024-06-11 14:30:31,东城区,石景山区,25.8,7.6
2024-06-23 13:03:00,2024-06-23 13:15:00,海淀区,石景山区,21.6,5.2
2024-06-25 19:59:03,2024-06-25 20:23:03,通州区,昌平区,32.0,11.1
2024-06-14 10:22:03,2024-06-14 10:30:03,顺义区,海淀区,22.9,5.4
2024-06-07 08:03:24,2024-06-07 08:25:24,顺义区,昌平区,38.5,12.4
2024-06-16 12:48:08,2024-06-16 13:11:08,顺义区,大兴区,41.7,13.7
2024-06-01 17:29:37,2024-06-01 17:32:37,东城区,大兴区,16.3,1.0
2024-06-29 06:23:00,2024-06-29 06:51:00,朝阳区,房山区,18.0,4.6
2024-06-26 15:29:58,2024-06-26 16:06:58,海淀区,朝阳区,36.7,12.2
2024-06-15 18:31:17,2024-06-15 18:49:17,东城区,大兴区,31.2,10.6
2024-06-08 16:08:14,2024-06-08 16:23:14,海淀区,西城区,33.6,11.4
2024-06-21 12:06:09,2024-06-21 12:19:09,东城区,顺义区,28.7,8.6
2024-06-08 01:09:09,2024-06-08 01:39:09,丰台区,海淀区,36.8,12.9
2024-06-03 18:20:33,2024-06-03 18:28:33,海淀区,大兴区,19.0,4.8
2024-06-17 13:46:18,2024-06-17 13:49:18,东城区,门头沟区,15.5,1.0
2024-06-21 19:08:53,2024-06-21 19:30:53,海淀区,昌平区,32.3,10.6
2024-06-30 10:49:32,2024-06-30 10:56:32,朝阳区,通州区,25.6,6.8
2024-06-23 05:08:37,2024-06-23 05:28:37,东城区,石景山区,24.7,6.1
2024-06-12 10:00:48,2024-06-12 10:14:48,门头沟区,房山区,30.8,9.8
2024-06-08 16:58:12,2024-06-08 17:07:12,通州区,房山区,18.8,4.7
2024-06-09 20:15:51,2024-06-09 20:29:51,通州区,门头沟区,32.1,10.5
2024-06-13 11:03:48,2024-06-13 11:13:48,通州区,房山区,25.8,6.6
2024-06-01 12:06:12,2024-06-01 12:36:12,朝阳区,房山区,18.0,5.0
2024-06-18 13:57:10,2024-06-18 14:15:10,丰台区,朝阳区,41.7,15.3
2024-06-03 09:24:16,2024-06-03 09:40:16,顺义区,大兴区,24.0,7.0
2024-06-23 11:27:04,2024-06-23 11:31:04,丰台区,朝阳区,15.0,2.5
2024-06-18 14:47:22,2024-06-18 14:57:22,朝阳区,丰台区,16.6,1.9
2024-06-04 12:49:12,2024-06-04 13:14:12,丰台区,通州区,35.7,11.9
2024-06-10 09:05:52,2024-06-10 09:08:52,石景山区,石景山区,15.3,2.7
2024-06-25 05:48:42,2024-06-25 05:52:42,西城区,东城区,14.5,1.0
2024-06-12 11:18:51,2024-06-12 11:36:51,西城区,房山区,25.1,7.0
2024-06-19 17:46:17,2024-06-19 18:19:17,朝阳区,西城区,37.7,13.6
2024-06-07 12:08:44,2024-06-07 12:19:44,昌平区,东城区,27.8,9.0
2024-06-09 06:46:53,2024-06-09 07:17:53,朝阳区,通州区,39.6,14.5
2024-06-01 16:26:00,2024-06-01 16:43:00,朝阳区,东城区,30.2,10.0
2024-06-10 13:59:17,2024-06-10 14:18:17,东城区,东城区,36.0,12.2
2024-06-26 16:21:09,2024-06-26 16:31:09,东城区,大兴区,18.8,5.1
2024-06-11 13:25:55,2024-06-11 13:28:55,昌平区,顺义区,14.8,1.0
2024-06-01 17:52:07,2024-06-01 18:02:07,东城区,西城区,24.3,7.0
2024-06-23 12:55:10,2024-06-23 13:10:10,大兴区,昌平区,23.3,5.6
2024-06-25 23:33:38,2024-06-25 23:48:38,丰台区,昌平区,30.4,9.5
2024-06-17 13:50:11,2024-06-17 14:10:11,海淀区,通州区,29.5,9.3
2024-06-23 14:47:11,2024-06-23 15:04:11,顺义区,大兴区,31.8,9.7
2024-06-29 13:32:36,2024-06-29 13:44:36,西城区,通州区,33.7,9.9
2024-06-23 18:17:49,2024-06-23 18:21:49,房山区,丰台区,16.2,1.0
2024-06-01 20:16:48,2024-06-01 21:02:48,西城区,朝阳区,26.9,7.7
2024-06-27 08:00:20,2024-06-27 08:05:20,石景山区,西城区,16.0,3.2
2024-06-11 22:10:36,2024-06-11 22:29:36,丰台区,西城区,19.5,5.0
2024-06-12 17:41:45,2024-06-12 17:47:45,东城区,丰台区,21.8,4.9
2024-06-15 11:47:20,2024-06-15 12:06:20,丰台区,顺义区,43.6,16.2
2024-07-01 17:30:39,2024-07-01 17:58:39,海淀区,西城区,41.4,13.3
2024-06-04 19:28:55,2024-06-04 19:45:55,西城区,大兴区,32.9,11.2
2024-06-20 11:33:57,2024-06-20 11:48:57,顺义区,通州区,26.0,7.7
2024-06-20 16:08:11,2024-06-20 16:16:11,西城区,通州区,16.0,3.2
2024-06-06 18:15:45,2024-06-06 18:20:45,朝阳区,通州区,17.0,2.8
2024-07-01 07:09:06,2024-07-01 07:23:06,东城区,西城区,31.1,9.9
2024-06-06 11:19:17,2024-06-06 12:16:17,东城区,海淀区,48.0,17.3
2024-06-06 12:29:33,2024-06-06 12:43:33,东城区,西城区,33.0,10.2
2024-06-30 12:51:54,2024-06-30 13:15:54,西城区,通州区,24.8,7.8
2024-06-27 17:27:51,2024-06-27 17:49:51,西城区,西城区,38.2,11.9
2024-06-16 16:47:23,2024-06-16 16:59:23,大兴区,朝阳区,29.2,9.0
2024-06-21 14:37:27,2024-06-21 14:54:27,海淀区,门头沟区,28.6,9.6
2024-06-25 12:05:54,2024-06-25 12:28:54,顺义区,昌平区,41.9,14.4
2024-06-23 17:38:39,2024-06-23 18:07:39,门头沟区,大兴区,45.0,15.1
2024-06-26 11:00:28,2024-06-26 11:13:28,昌平区,西城区,36.4,11.1
2024-06-24 07:34:07,2024-06-24 07:54:07,通州区,石景山区,27.0,8.3
2024-06-30 14:57:54,2024-06-30 15:08:54,西城区,石景山区,17.9,4.9
2024-06-21 11:40:46,2024-06-21 11:43:46,通州区,顺义区,17.0,1.0
2024-06-24 17:59:49,2024-06-24 18:07:49,丰台区,东城区,20.8,5.0
2024-06-17 22:03:05,2024-06-17 22:16:05,东城区,丰台区,25.9,7.2
2024-06-21 16:50:52,2024-06-21 17:15:52,朝阳区,昌平区,34.1,10.7
2024-06-17 23:07:37,2024-06-17 23:16:37,大兴区,西城区,25.3,6.8
2024-06-13 08:42:07,2024-06-13 08:50:07,海淀区,丰台区,14.7,3.5
2024-06-08 08:59:17,2024-06-08 09:58:17,大兴区,大兴区,29.3,9.9
2024-06-28 10:15:39,2024-06-28 10:42:39,东城区,门头沟区,22.2,5.6
2024-06-26 06:01:43,2024-06-26 06:16:43,石景山区,东城区,31.3,9.4
2024-06-04 12:41:46,2024-06-04 13:25:46,门头沟区,昌平区,59.6,22.6
2024-06-17 19:59:31,2024-06-17 20:45:31,东城区,大兴区,41.8,15.0
2024-06-18 17:12:43,2024-06-18 18:30:43,西城区,通州区,52.5,18.2
2024-06-07 22:35:19,2024-06-07 22:40:19,昌平区,大兴区,13.9,1.0
2024-06-24 19:11:19,2024-06-24 19:49:19,朝阳区,顺义区,43.3,15.0
2024-06-03 11:13:29,2024-06-03 11:39:29,东城区,昌平区,38.9,13.3
2024-06-26 11:17:06,2024-06-26 11:35:06,昌平区,东城区,26.7,7.5
2024-06-19 08:40:25,2024-06-19 09:10:25,西城区,朝阳区,42.9,14.8
2024-06-16 13:32:48,2024-06-16 13:43:48,通州区,西城区,25.2,6.2
2024-06-26 13:32:32,2024-06-26 13:47:32,海淀区,顺义区,28.1,8.9
2024-06-07 13:23:24,2024-06-07 13:28:24,海淀区,东城区,14.5,2.5
2024-06-09 11:13:48,2024-06-09 11:23:48,顺义区,东城区,21.1,5.7
2024-06-18 18:41:47,2024-06-18 18:53:47,东城区,顺义区,25.9,8.1
2024-06-04 07:26:57,2024-06-04 07:45:57,东城区,顺义区,32.7,10.2
2024-06-08 11:04:27,2024-06-08 11:23:27,丰台区,东城区,32.5,9.9
2024-06-29 09:29:03,2024-06-29 09:39:03,西城区,顺义区,22.7,6.2
2024-06-14 07:06:05,2024-06-14 07:39:05,丰台区,西城区,48.6,17.0
2024-06-29 17:21:59,2024-06-29 17:46:59,西城区,西城区,38.1,12.5
2024-06-29 11:56:28,2024-06-29 12:03:28,西城区,朝阳区,19.7,5.3
2024-06-18 16:12:10,2024-06-18 16:19:10,朝阳区,西城区,17.1,3.5
2024-06-21 11:09:17,2024-06-21 11:52:17,海淀区,房山区,42.9,13.9
2024-06-18 12:58:22,2024-06-18 13:27:22,东城区,昌平区,42.1,13.5
2024-06-12 16:14:10,2024-06-12 16:22:10,朝阳区,顺义区,20.7,4.9
2024-06-20 07:05:58,2024-06-20 07:27:58,西城区,房山区,29.5,10.0
2024-06-01 09:01:58,2024-06-01 10:20:58,丰台区,朝阳区,39.0,13.1
2024-06-28 17:58:13,2024-06-28 18:17:13,丰台区,通州区,30.5,8.8
2024-06-26 04:52:03,2024-06-26 04:59:03,大兴区,昌平区,20.7,4.2
2024-06-14 19:41:45,2024-06-14 19:57:45,大兴区,门头沟区,29.2,8.9
2024-06-09 15:03:01,2024-06-09 15:26:01,朝阳区,昌平区,30.7,9.8
2024-06-05 18:14:55,2024-06-05 18:30:55,丰台区,通州区,23.3,7.0
2024-06-19 22:59:02,2024-06-19 23:05:02,丰台区,西城区,17.8,3.5
2024-06-06 18:26:56,2024-06-06 18:43:56,朝阳区,大兴区,23.8,7.3
2024-06-19 11:40:46,2024-06-19 12:01:46,西城区,东城区,25.8,7.7
2024-06-29 17:40:08,2024-06-29 18:06:08,门头沟区,昌平区,37.1,11.8
2024-06-15 20:18:58,2024-06-15 20:27:58,东城区,海淀区,20.4,5.4
2024-06-17 14:17:19,2024-06-17 14:32:19,顺义区,丰台区,19.4,5.0
2024-06-10 07:12:30,2024-06-10 08:06:30,门头沟区,丰台区,45.2,16.5
2024-06-16 11:01:37,2024-06-16 11:06:37,朝阳区,门头沟区,14.0,2.9
2024-06-13 15:05:39,2024-06-13 15:18:39,东城区,石景山区,23.5,6.8
2024-07-01 07:13:04,2024-07-01 07:29:04,顺义区,海淀区,41.5,14.6
2024-06-20 11:35:49,2024-06-20 12:15:49,通州区,顺义区,28.4,8.4
2024-06-11 14:37:39,2024-06-11 15:09:39,丰台区,通州区,43.6,15.7
2024-06-11 08:17:02,2024-06-11 08:37:02,丰台区,丰台区,28.3,8.4
2024-06-05 09:03:14,2024-06-05 09:06:14,朝阳区,东城区,14.8,1.0
2024-06-15 08:07:17,2024-06-15 08:31:17,顺义区,石景山区,50.5,17.8
2024-06-29 18:25:47,2024-06-29 18:37:47,海淀区,通州区,18.3,4.1
2024-06-13 08:35:08,2024-06-13 08:45:08,朝阳区,房山区,23.9,5.7
2024-06-04 14:01:47,2024-06-04 14:14:47,顺义区,石景山区,23.5,7.3
2024-06-07 13:00:15,2024-06-07 13:23:15,东城区,通州区,32.0,9.2
2024-06-28 15:53:52,2024-06-28 15:56:52,东城区,门头沟区,13.4,1.0
2024-06-06 12:55:33,2024-06-06 13:14:33,海淀区,石景山区,31.3,9.0
2024-06-24 17:22:31,2024-06-24 18:55:31,朝阳区,门头沟区,41.8,15.5
2024-06-30 18:27:38,2024-06-30 18:37:38,朝阳区,朝阳区,19.2,5.2
2024-07-01 07:52:53,2024-07-01 08:24:53,朝阳区,房山区,45.2,15.9
2024-06-30 15:39:14,2024-06-30 16:08:14,石景山区,通州区,42.9,15.6
2024-06-16 11:00:56,2024-06-16 11:06:56,朝阳区,昌平区,14.8,2.7
2024-06-30 16:46:37,2024-06-30 16:54:37,东城区,昌平区,24.4,6.1
2024-06-12 12:48:21,2024-06-12 12:58:21,西城区,东城区,29.3,9.6
2024-06-22 12:45:55,2024-06-22 13:07:55,昌平区,朝阳区,26.3,7.0
2024-06-10 09:04:58,2024-06-10 09:19:58,丰台区,石景山区,32.1,10.3
2024-06-09 23:46:30,2024-06-10 00:01:30,昌平区,东城区,25.5,8.1
2024-06-04 05:09:03,2024-06-04 05:42:03,朝阳区,通州区,25.6,8.3
2024-06-07 12:57:59,2024-06-07 13:12:59,海淀区,大兴区,30.4,9.8
2024-06-04 16:52:34,2024-06-04 16:57:34,丰台区,门头沟区,13.6,2.9
2024-06-16 04:53:34,2024-06-16 05:24:34,海淀区,海淀区,42.2,14.1
2024-06-27 18:54:06,2024-06-27 19:09:06,朝阳区,房山区,28.0,7.5
2024-06-05 05:51:46,2024-06-05 07:03:46,丰台区,东城区,37.8,12.0
2024-06-02 18:02:42,2024-06-02 18:13:42,房山区,石景山区,23.5,6.7
2024-06-17 08:54:14,2024-06-17 09:15:14,朝阳区,朝阳区,31.3,9.3
2024-06-16 07:00:24,2024-06-16 07:13:24,顺义区,大兴区,26.1,8.0
2024-06-30 19:40:41,2024-06-30 19:58:41,朝阳区,东城区,21.9,6.6
2024-06-26 14:16:49,2024-06-26 14:33:49,西城区,朝阳区,32.8,10.6
2024-06-09 08:32:03,2024-06-09 08:52:03,朝阳区,顺义区,23.7,7.6
2024-06-06 18:17:34,2024-06-06 18:32:34,朝阳区,石景山区,29.9,9.4
2024-06-11 11:07:26,2024-06-11 11:33:26,海淀区,昌平区,37.0,12.7
2024-06-24 11:51:18,2024-06-24 11:58:18,朝阳区,昌平区,18.9,4.4
2024-06-08 12:57:32,2024-06-08 13:00:32,门头沟区,丰台区,17.2,1.8
2024-06-07 17:57:55,2024-06-07 18:45:55,海淀区,通州区,32.8,10.9
2024-06-16 01:46:44,2024-06-16 01:57:44,通州区,西城区,19.6,5.0
2024-06-26 17:37:12,2024-06-26 17:48:12,丰台区,西城区,34.2,10.3
2024-06-13 10:56:47,2024-06-13 11:11:47,东城区,丰台区,27.9,8.8
2024-06-02 17:07:46,2024-06-02 17:18:46,门头沟区,房山区,20.4,5.6
2024-06-03 15:28:23,2024-06-03 15:39:23,海淀区,东城区,28.5,9.2
2024-06-02 11:52:25,2024-06-02 11:57:25,门头沟区,东城区,13.0,2.9
2024-06-24 14:19:11,2024-06-24 14:33:11,房山区,昌平区,41.4,13.5
2024-06-03 09:23:06,2024-06-03 09:32:06,海淀区,昌平区,18.5,4.7
2024-06-13 10:57:27,2024-06-13 11:39:27,房山区,通州区,27.8,7.8
2024-07-01 14:45:52,2024-07-01 14:49:52,东城区,通州区,14.1,3.4
2024-06-01 09:38:43,2024-06-01 09:41:43,顺义区,东城区,18.0,1.0
2024-06-21 16:23:22,2024-06-21 16:43:22,东城区,顺义区,39.6,14.5
2024-06-03 16:54:55,2024-06-03 16:57:55,昌平区,大兴区,17.8,1.0
2024-06-27 09:24:27,2024-06-27 09:47:27,海淀区,西城区,24.5,7.0
2024-06-21 18:47:53,2024-06-21 18:56:53,东城区,朝阳区,17.3,3.5
2024-06-24 19:50:52,2024-06-24 20:19:52,顺义区,海淀区,37.4,11.9
2024-06-02 20:02:10,2024-06-02 20:14:10,朝阳区,大兴区,21.6,5.1
2024-06-16 19:12:51,2024-06-16 19:26:51,门头沟区,海淀区,31.7,10.6
2024-06-04 15:53:36,2024-06-04 16:01:36,通州区,大兴区,23.5,6.3
2024-06-16 08:34:46,2024-06-16 08:45:46,东城区,石景山区,20.7,5.8
2024-06-25 12:16:47,2024-06-25 12:29:47,昌平区,通州区,19.7,4.0
2024-06-19 15:49:41,2024-06-19 16:14:41,房山区,顺义区,37.8,12.9
2024-06-05 17:37:59,2024-06-05 17:53:59,朝阳区,门头沟区,22.8,6.6
2024-06-22 19:21:55,2024-06-22 19:45:55,朝阳区,昌平区,29.7,8.3
2024-06-20 12:03:24,2024-06-20 12:32:24,朝阳区,顺义区,39.0,12.5
2024-06-24 20:03:54,2024-06-24 20:29:54,东城区,丰台区,31.4,10.2
2024-06-09 22:14:37,2024-06-09 23:37:37,朝阳区,大兴区,54.5,19.0
2024-06-15 19:45:29,2024-06-15 20:08:29,朝阳区,朝阳区,32.9,11.0
2024-06-12 18:21:33,2024-06-12 18:35:33,海淀区,昌平区,27.8,8.0
2024-06-24 17:19:40,2024-06-24 17:29:40,朝阳区,顺义区,22.8,7.1
2024-06-15 08:35:29,2024-06-15 10:07:29,石景山区,门头沟区,50.1,18.5
2024-06-13 17:25:18,2024-06-13 17:28:18,海淀区,石景山区,16.4,1.6
2024-06-06 20:47:38,2024-06-06 21:14:38,房山区,昌平区,38.8,13.7
2024-06-04 17:50:55,2024-06-04 17:58:55,东城区,石景山区,21.3,4.5
2024-06-27 13:44:21,2024-06-27 13:55:21,东城区,通州区,18.7,4.6
2024-06-20 11:26:50,2024-06-20 12:07:50,海淀区,通州区,41.5,13.9
2024-06-24 18:13:14,2024-06-24 18:30:14,朝阳区,顺义区,24.7,6.6
2024-06-05 12:05:38,2024-06-05 12:27:38,朝阳区,大兴区,40.5,14.9
2024-06-13 17:00:56,2024-06-13 17:08:56,丰台区,大兴区,23.0,5.8
2024-06-22 17:04:05,2024-06-22 17:07:05,西城区,朝阳区,16.9,1.0
2024-06-04 13:29:09,2024-06-04 13:37:09,东城区,海淀区,13.5,2.9
2024-06-02 12:59:06,2024-06-02 13:30:06,海淀区,大兴区,33.3,10.9
2024-06-14 11:51:11,2024-06-14 12:06:11,丰台区,大兴区,16.7,4.3
2024-06-29 04:52:11,2024-06-29 05:07:11,朝阳区,通州区,33.8,10.7
2024-06-22 20:40:09,2024-06-22 20:45:09,大兴区,顺义区,15.7,3.0
2024-06-02 18:35:09,2024-06-02 18:56:09,东城区,海淀区,31.7,10.1
2024-06-03 16:35:39,2024-06-03 16:42:39,东城区,海淀区,18.1,4.8
2024-06-09 13:35:23,2024-06-09 13:52:23,昌平区,门头沟区,28.1,9.5
2024-06-28 19:35:31,2024-06-28 19:47:31,昌平区,东城区,20.0,5.8
2024-06-19 17:08:41,2024-06-19 17:25:41,朝阳区,通州区,32.3,9.4
2024-06-22 21:42:35,2024-06-22 21:54:35,丰台区,东城区,25.4,6.4
2024-06-28 18:10:55,2024-06-28 18:25:55,西城区,朝阳区,37.3,11.5
2024-06-02 01:37:46,2024-06-02 02:03:46,丰台区,顺义区,37.9,12.0
2024-06-17 18:23:19,2024-06-17 18:29:19,海淀区,海淀区,16.5,3.4
2024-06-13 17:28:03,2024-06-13 17:52:03,门头沟区,大兴区,46.6,17.5
2024-06-06 07:26:31,2024-06-06 07:44:31,丰台区,通州区,24.8,7.5
2024-06-28 17:55:38,2024-06-28 18:22:38,房山区,顺义区,34.2,12.2
2024-06-06 14:23:31,2024-06-06 14:30:31,西城区,通州区,13.9,2.3
2024-06-05 18:14:28,2024-06-05 18:37:28,朝阳区,大兴区,32.4,9.8
2024-06-10 18:38:26,2024-06-10 18:44:26,通州区,房山区,16.8,4.1
2024-06-23 06:42:45,2024-06-23 06:55:45,丰台区,昌平区,18.5,4.9
2024-06-23 08:04:02,2024-06-23 08:07:02,昌平区,房山区,13.5,1.0
2024-06-23 11:32:54,2024-06-23 12:01:54,海淀区,房山区,39.1,12.8
2024-06-12 09:54:01,2024-06-12 10:56:01,通州区,通州区,36.7,12.2
2024-06-23 17:58:02,2024-06-23 18:28:02,东城区,东城区,39.2,12.8
2024-06-06 09:34:41,2024-06-06 09:56:41,大兴区,西城区,35.7,12.6
2024-06-21 09:29:49,2024-06-21 09:37:49,东城区,门头沟区,23.0,5.2
2024-06-29 11:28:36,2024-06-29 11:48:36,朝阳区,昌平区,21.2,6.4
2024-06-24 11:51:55,2024-06-24 11:54:55,西城区,门头沟区,13.5,1.0
2024-06-24 19:17:04,2024-06-24 19:50:04,通州区,西城区,47.8,16.0
2024-06-14 18:31:05,2024-06-14 18:34:05,海淀区,海淀区,17.9,1.0
2024-06-29 10:59:53,2024-06-29 11:02:53,昌平区,丰台区,14.6,1.0
2024-07-01 19:07:35,2024-07-01 19:16:35,门头沟区,丰台区,22.3,6.5
2024-06-10 10:22:28,2024-06-10 10:45:28,朝阳区,海淀区,40.9,13.4
2024-06-17 13:23:07,2024-06-17 13:34:07,昌平区,石景山区,21.2,5.9
2024-06-04 17:00:23,2024-06-04 17:16:23,海淀区,通州区,27.4,7.6
2024-06-03 01:38:41,2024-06-03 01:49:41,石景山区,昌平区,27.6,8.4
2024-06-01 13:35:01,2024-06-01 14:17:01,海淀区,海淀区,46.7,16.3
2024-06-25 10:46:00,2024-06-25 11:09:00,东城区,房山区,29.5,9.9
2024-06-03 21:05:49,2024-06-03 21:32:49,西城区,大兴区,32.2,9.5
2024-06-16 12:37:02,2024-06-16 12:42:02,西城区,丰台区,14.9,2.8
2024-06-19 13:18:41,2024-06-19 13:26:41,东城区,东城区,17.9,4.6
2024-06-19 17:26:00,2024-06-19 17:33:00,顺义区,西城区,18.8,4.4
2024-06-28 07:17:55,2024-06-28 07:31:55,石景山区,房山区,23.3,6.1
2024-06-08 17:47:00,2024-06-08 18:06:00,朝阳区,石景山区,26.6,8.4
2024-06-12 12:57:09,2024-06-12 13:11:09,朝阳区,石景山区,26.8,6.9
2024-06-22 18:05:53,2024-06-22 18:34:53,东城区,朝阳区,39.6,12.4
2024-06-10 15:10:27,2024-06-10 15:37:27,门头沟区,通州区,27.3,9.0
2024-06-13 17:39:48,2024-06-13 18:14:48,朝阳区,大兴区,36.8,11.6
2024-06-29 18:44:25,2024-06-29 18:57:25,海淀区,顺义区,27.3,7.2
2024-06-04 23:22:45,2024-06-04 23:50:45,东城区,石景山区,39.3,12.5
2024-06-16 13:56:23,2024-06-16 14:17:23,西城区,朝阳区,20.9,6.3
2024-06-20 07:45:34,2024-06-20 08:08:34,海淀区,海淀区,30.0,9.3
2024-06-15 13:41:38,2024-06-15 14:29:38,丰台区,顺义区,45.4,15.4
2024-06-14 17:42:31,2024-06-14 17:56:31,海淀区,丰台区,26.9,8.2
2024-06-29 12:56:07,2024-06-29 13:02:07,大兴区,朝阳区,19.5,4.8
2024-06-19 11:38:08,2024-06-19 11:44:08,顺义区,丰台区,16.5,4.1
2024-06-14 17:59:43,2024-06-14 18:19:43,丰台区,东城区,50.2,17.2
2024-06-25 08:17:59,2024-06-25 08:22:59,昌平区,顺义区,16.1,4.2
2024-06-15 19:23:52,2024-06-15 19:30:52,朝阳区,朝阳区,20.2,5.4
2024-06-20 18:56:31,2024-06-20 19:18:31,东城区,东城区,32.2,10.9
2024-06-14 12:57:45,2024-06-14 13:06:45,昌平区,海淀区,19.0,5.3
2024-06-19 22:17:29,2024-06-19 22:31:29,海淀区,通州区,25.1,6.2
2024-06-21 17:14:47,2024-06-21 17:51:47,房山区,顺义区,37.9,13.3
2024-06-15 09:58:08,2024-06-15 10:20:08,石景山区,朝阳区,33.6,9.9
2024-06-10 07:30:10,2024-06-10 07:33:10,海淀区,石景山区,16.0,1.0
2024-06-25 08:48:12,2024-06-25 08:55:12,东城区,西城区,19.8,4.5
2024-06-12 19:30:58,2024-06-12 19:39:58,东城区,房山区,17.2,4.6
2024-06-14 05:21:47,2024-06-14 05:43:47,大兴区,朝阳区,33.3,11.3
2024-06-05 09:00:40,2024-06-05 09:04:40,通州区,西城区,16.2,2.8
2024-06-24 13:07:19,2024-06-24 13:15:19,东城区,房山区,17.1,3.7
2024-06-29 08:54:08,2024-06-29 09:06:08,东城区,顺义区,23.6,7.0
2024-06-22 18:39:33,2024-06-22 18:45:33,丰台区,朝阳区,18.0,2.4
2024-06-20 16:22:56,2024-06-20 16:53:56,东城区,昌平区,28.3,7.8
2024-06-09 07:48:58,2024-06-09 08:17:58,昌平区,通州区,35.3,10.8
2024-06-08 19:20:11,2024-06-08 19:33:11,丰台区,西城区,14.0,3.1
2024-06-09 09:27:47,2024-06-09 10:04:47,东城区,昌平区,25.6,8.3
2024-06-26 00:22:42,2024-06-26 00:37:42,朝阳区,房山区,17.4,4.0
2024-06-18 11:33:38,2024-06-18 12:00:38,海淀区,通州区,42.4,15.5
2024-06-27 17:34:58,2024-06-27 17:37:58,门头沟区,顺义区,13.3,1.3
2024-06-10 10:55:30,2024-06-10 11:04:30,门头沟区,丰台区,18.1,5.1
2024-06-18 23:39:30,2024-06-19 00:04:30,大兴区,门头沟区,20.7,5.2
2024-06-07 08:42:03,2024-06-07 09:23:03,朝阳区,昌平区,40.5,14.5
2024-06-20 17:13:37,2024-06-20 17:29:37,西城区,丰台区,31.1,9.5
2024-06-20 07:23:41,2024-06-20 07:56:41,西城区,房山区,36.2,12.3
2024-06-01 18:45:59,2024-06-01 18:48:59,通州区,通州区,14.3,1.0
2024-06-29 23:55:25,2024-06-30 00:26:25,海淀区,大兴区,56.0,21.1
2024-07-01 09:05:02,2024-07-01 09:08:02,昌平区,通州区,15.7,1.0
2024-06-13 17:04:01,2024-06-13 17:24:01,丰台区,海淀区,29.5,9.6
2024-06-10 08:51:45,2024-06-10 08:54:45,石景山区,海淀区,16.4,1.0
2024-06-27 13:36:17,2024-06-27 13:39:17,东城区,石景山区,13.7,1.0
2024-06-27 13:56:43,2024-06-27 14:10:43,西城区,通州区,34.8,10.9
2024-06-11 15:17:18,2024-06-11 15:26:18,朝阳区,通州区,25.8,6.8
2024-06-29 11:33:09,2024-06-29 11:46:09,东城区,石景山区,34.4,10.5
2024-06-16 16:45:29,2024-06-16 17:12:29,海淀区,大兴区,54.5,19.9
2024-06-20 12:32:59,2024-06-20 12:51:59,海淀区,顺义区,33.7,11.3
2024-06-10 15:03:13,2024-06-10 15:19:13,房山区,朝阳区,30.6,9.5
2024-06-19 06:26:04,2024-06-19 06:29:04,丰台区,房山区,13.5,1.0
2024-06-11 09:43:38,2024-06-11 09:51:38,朝阳区,门头沟区,16.9,2.0
2024-06-17 23:40:49,2024-06-17 23:54:49,朝阳区,海淀区,24.6,7.6
2024-07-01 13:15:37,2024-07-01 13:24:37,海淀区,通州区,17.9,3.7
2024-06-28 14:11:25,2024-06-28 14:21:25,西城区,顺义区,22.0,5.2
2024-06-05 17:34:20,2024-06-05 17:51:20,丰台区,朝阳区,38.0,13.0
2024-06-29 13:19:09,2024-06-29 13:44:09,石景山区,朝阳区,38.6,12.7
2024-06-02 09:33:13,2024-06-02 09:44:13,西城区,海淀区,30.1,8.8
2024-06-04 08:33:11,2024-06-04 09:10:11,门头沟区,西城区,35.6,11.3
2024-06-09 09:45:43,2024-06-09 09:48:43,丰台区,海淀区,14.0,1.0
2024-06-11 14:18:04,2024-06-11 14:21:04,海淀区,门头沟区,13.5,1.0
2024-06-06 17:53:42,2024-06-06 18:03:42,海淀区,东城区,17.3,3.5
2024-06-04 09:19:39,2024-06-04 09:48:39,朝阳区,通州区,24.8,6.5
2024-06-20 13:33:38,2024-06-20 13:57:38,海淀区,房山区,33.9,10.1
2024-06-06 09:12:54,2024-06-06 09:41:54,石景山区,丰台区,40.3,14.6
2024-07-01 13:36:53,2024-07-01 14:00:53,房山区,西城区,28.6,9.3
2024-06-02 20:02:22,2024-06-02 20:12:22,朝阳区,大兴区,14.1,3.1
2024-06-18 09:11:01,2024-06-18 10:11:01,房山区,通州区,39.7,13.0
2024-06-25 17:03:25,2024-06-25 17:25:25,西城区,西城区,32.5,9.5
2024-06-02 08:22:07,2024-06-02 08:37:07,通州区,海淀区,21.6,6.5
2024-06-06 11:25:03,2024-06-06 11:36:03,朝阳区,东城区,24.1,5.7
2024-06-18 15:32:58,2024-06-18 15:58:58,朝阳区,石景山区,41.6,14.0
2024-06-10 13:44:48,2024-06-10 13:47:48,门头沟区,通州区,15.2,1.0
2024-06-19 17:47:59,2024-06-19 18:14:59,海淀区,通州区,38.9,12.2
2024-06-22 12:34:22,2024-06-22 12:54:22,西城区,朝阳区,27.2,8.8
2024-06-16 13:05:19,2024-06-16 13:33:19,朝阳区,顺义区,42.5,15.2
2024-06-23 14:31:10,2024-06-23 15:29:10,丰台区,朝阳区,29.7,9.7
2024-06-25 17:52:11,2024-06-25 18:09:11,西城区,海淀区,25.5,7.9
2024-06-16 13:51:48,2024-06-16 14:23:48,朝阳区,朝阳区,43.7,15.6
2024-06-04 13:17:16,2024-06-04 13:46:16,通州区,东城区,33.8,10.0
2024-06-24 16:51:49,2024-06-24 16:54:49,东城区,石景山区,17.3,1.0
2024-06-08 18:59:04,2024-06-08 19:05:04,大兴区,门头沟区,19.1,4.5
2024-06-03 17:30:05,2024-06-03 17:49:05,西城区,东城区,31.7,10.6
2024-06-28 17:26:34,2024-06-28 17:32:34,丰台区,海淀区,15.7,3.5
2024-06-13 10:49:12,2024-06-13 11:23:12,顺义区,昌平区,49.2,16.7
2024-06-27 18:13:09,2024-06-27 18:31:09,朝阳区,门头沟区,31.7,9.5
2024-06-01 15:44:22,2024-06-01 16:02:22,西城区,西城区,32.2,10.9
2024-06-14 08:10:31,2024-06-14 08:27:31,门头沟区,门头沟区,30.1,9.1
2024-06-18 18:33:17,2024-06-18 18:41:17,海淀区,顺义区,20.9,6.3
2024-06-27 02:21:33,2024-06-27 02:40:33,朝阳区,大兴区,29.1,8.6
2024-06-29 12:56:47,2024-06-29 13:18:47,海淀区,石景山区,32.0,9.1
2024-06-19 23:44:31,2024-06-20 00:00:31,朝阳区,昌平区,25.8,6.7
2024-06-29 17:01:51,2024-06-29 17:21:51,房山区,西城区,35.3,10.7
2024-06-14 13:29:28,2024-06-14 13:32:28,朝阳区,通州区,13.9,1.0
2024-06-19 08:58:32,2024-06-19 09:21:32,海淀区,海淀区,29.8,10.0
2024-06-01 17:55:58,2024-06-01 18:14:58,西城区,海淀区,34.0,10.8
2024-06-06 17:08:19,2024-06-06 17:32:19,大兴区,顺义区,40.6,13.3
2024-06-27 13:03:21,2024-06-27 13:11:21,海淀区,顺义区,13.4,2.9
2024-06-30 18:58:14,2024-06-30 19:15:14,海淀区,大兴区,17.6,5.0
2024-06-16 15:51:57,2024-06-16 15:59:57,西城区,石景山区,24.4,6.2
2024-06-12 11:27:44,2024-06-12 12:02:44,海淀区,石景山区,50.7,17.3
2024-06-18 08:04:44,2024-06-18 08:19:44,东城区,昌平区,21.8,6.8
2024-06-28 19:13:04,2024-06-28 19:37:04,海淀区,丰台区,48.4,17.0
2024-06-03 12:01:13,2024-06-03 12:25:13,通州区,海淀区,51.6,18.8
2024-06-06 13:03:15,2024-06-06 13:46:15,朝阳区,东城区,49.0,17.7
2024-06-20 11:57:13,2024-06-20 12:14:13,大兴区,西城区,32.0,10.2
2024-06-23 03:54:05,2024-06-23 03:57:05,朝阳区,东城区,16.5,1.0
2024-06-17 17:19:16,2024-06-17 17:32:16,朝阳区,大兴区,27.5,8.7
2024-06-23 05:38:11,2024-06-23 06:49:11,昌平区,大兴区,38.4,11.9
2024-06-09 16:21:19,2024-06-09 16:45:19,昌平区,朝阳区,37.5,13.3
2024-06-03 11:17:45,2024-06-03 11:32:45,朝阳区,西城区,25.2,6.3
2024-06-10 21:28:03,2024-06-10 21:44:03,海淀区,大兴区,34.9,11.6
2024-06-09 14:05:48,2024-06-09 14:34:48,顺义区,房山区,38.0,12.9
2024-06-21 13:11:25,2024-06-21 13:42:25,海淀区,门头沟区,38.8,12.7
2024-06-24 13:44:03,2024-06-24 14:02:03,大兴区,通州区,30.3,10.1
2024-06-25 18:24:37,2024-06-25 18:45:37,大兴区,丰台区,35.6,11.9
2024-06-06 09:16:07,2024-06-06 09:26:07,昌平区,丰台区,24.1,5.9
2024-06-19 12:36:14,2024-06-19 12:47:14,石景山区,朝阳区,17.7,4.5
2024-06-12 19:49:05,2024-06-12 20:32:05,朝阳区,门头沟区,51.1,17.5
2024-06-27 21:06:07,2024-06-27 21:15:07,海淀区,昌平区,22.6,6.6
2024-06-04 08:02:23,2024-06-04 08:30:23,海淀区,海淀区,24.3,7.0
2024-06-05 19:15:47,2024-06-05 19:31:47,东城区,通州区,32.2,9.7
2024-06-30 21:33:54,2024-06-30 21:44:54,房山区,大兴区,25.4,6.6
2024-06-11 12:35:34,2024-06-11 12:52:34,海淀区,门头沟区,31.1,10.8
2024-06-14 11:07:54,2024-06-14 11:22:54,丰台区,东城区,22.8,6.9
2024-06-28 15:10:31,2024-06-28 15:25:31,朝阳区,大兴区,32.7,9.4
2024-06-18 07:29:22,2024-06-18 07:55:22,朝阳区,房山区,40.7,12.9
2024-06-17 13:31:23,2024-06-17 13:51:23,昌平区,东城区,35.3,10.7
2024-06-18 02:23:17,2024-06-18 02:42:17,丰台区,大兴区,23.3,5.7
2024-06-26 12:41:19,2024-06-26 13:03:19,东城区,西城区,38.2,11.8
2024-06-01 12:34:21,2024-06-01 12:42:21,昌平区,门头沟区,23.2,5.3
2024-06-04 21:52:11,2024-06-04 22:11:11,西城区,门头沟区,33.0,9.6
2024-06-26 13:25:09,2024-06-26 13:57:09,朝阳区,石景山区,35.1,11.7
2024-06-03 17:52:14,2024-06-03 18:07:14,西城区,西城区,24.9,8.0
2024-06-23 12:18:39,2024-06-23 12:33:39,顺义区,大兴区,29.8,8.8
2024-06-21 05:17:01,2024-06-21 06:02:01,通州区,顺义区,39.6,13.0
2024-06-12 17:49:34,2024-06-12 17:55:34,朝阳区,丰台区,15.4,3.3
2024-06-16 07:00:10,2024-06-16 07:23:10,海淀区,西城区,35.4,12.3
2024-06-30 17:56:24,2024-06-30 18:06:24,海淀区,通州区,20.6,6.3
2024-06-25 12:44:56,2024-06-25 13:15:56,石景山区,房山区,37.0,12.9
2024-06-23 13:03:36,2024-06-23 13:06:36,海淀区,东城区,17.5,1.0
2024-06-16 07:27:57,2024-06-16 08:03:57,丰台区,房山区,45.7,16.0
2024-06-06 18:24:12,2024-06-06 18:36:12,昌平区,顺义区,27.0,7.7
2024-06-16 17:02:38,2024-06-16 17:13:38,昌平区,东城区,23.4,5.5
2024-06-19 19:49:04,2024-06-19 20:20:04,门头沟区,顺义区,41.8,13.6
2024-07-01 05:34:14,2024-07-01 05:51:14,大兴区,海淀区,30.8,10.7
2024-06-30 08:07:18,2024-06-30 08:20:18,东城区,顺义区,30.8,9.4
2024-06-25 08:54:37,2024-06-25 09:12:37,大兴区,丰台区,31.0,10.7
2024-06-14 14:19:56,2024-06-14 14:28:56,通州区,东城区,25.7,7.2
2024-06-06 11:48:50,2024-06-06 11:56:50,西城区,昌平区,23.9,5.7
2024-06-07 14:20:59,2024-06-07 14:42:59,通州区,丰台区,38.5,12.9
2024-06-13 12:13:58,2024-06-13 12:51:58,房山区,东城区,42.8,15.8
2024-06-20 13:50:50,2024-06-20 14:00:50,海淀区,房山区,21.3,5.7
2024-06-24 10:25:17,2024-06-24 10:29:17,海淀区,丰台区,14.2,1.6
2024-06-29 08:29:17,2024-06-29 08:32:17,海淀区,通州区,16.6,1.0
2024-06-06 18:54:51,2024-06-06 18:59:51,西城区,门头沟区,14.8,2.8
2024-06-07 12:35:36,2024-06-07 13:08:36,西城区,大兴区,41.2,14.3
2024-06-07 09:29:43,2024-06-07 09:40:43,朝阳区,房山区,32.7,9.5
2024-06-18 09:10:58,2024-06-18 09:13:58,顺义区,西城区,13.1,1.0
2024-06-05 15:37:28,2024-06-05 16:53:28,门头沟区,朝阳区,53.2,18.6
2024-06-13 04:51:15,2024-06-13 05:06:15,东城区,大兴区,26.9,9.0
2024-06-08 18:19:27,2024-06-08 18:56:27,丰台区,丰台区,30.8,10.2
2024-06-06 12:37:42,2024-06-06 12:40:42,大兴区,西城区,16.9,1.0
2024-06-14 07:48:20,2024-06-14 07:58:20,门头沟区,东城区,13.1,2.0
2024-06-25 12:16:44,2024-06-25 12:32:44,海淀区,西城区,25.9,7.4
2024-06-06 13:02:29,2024-06-06 13:10:29,通州区,石景山区,19.3,5.0
2024-06-12 17:00:09,2024-06-12 17:05:09,大兴区,西城区,17.5,3.5
2024-06-12 07:41:03,2024-06-12 08:15:03,东城区,门头沟区,37.6,11.8
2024-06-15 18:33:53,2024-06-15 18:58:53,西城区,顺义区,21.1,6.3
2024-06-12 01:26:35,2024-06-12 01:30:35,东城区,昌平区,14.2,2.5
2024-06-16 19:59:12,2024-06-16 20:18:12,昌平区,大兴区,35.8,11.4
2024-06-20 18:28:27,2024-06-20 18:43:27,房山区,大兴区,26.0,8.6
2024-06-05 14:49:38,2024-06-05 15:01:38,房山区,石景山区,27.6,7.2
2024-06-23 11:35:59,2024-06-23 12:06:59,海淀区,丰台区,35.5,10.9
2024-06-13 16:31:36,2024-06-13 16:40:36,海淀区,通州区,21.6,6.4
2024-06-17 17:48:07,2024-06-17 17:51:07,东城区,通州区,17.1,1.0
2024-06-12 12:58:16,2024-06-12 13:08:16,西城区,石景山区,27.8,7.6
2024-06-28 17:46:57,2024-06-28 18:03:57,西城区,丰台区,28.9,9.1
2024-06-05 07:14:25,2024-06-05 07:19:25,顺义区,东城区,17.2,3.8
2024-06-17 16:40:58,2024-06-17 16:54:58,朝阳区,大兴区,20.9,4.4
2024-06-07 17:14:01,2024-06-07 17:26:01,丰台区,石景山区,18.8,5.3
2024-06-28 23:37:22,2024-06-28 23:40:22,石景山区,通州区,16.6,2.4
2024-06-30 17:51:57,2024-06-30 17:54:57,东城区,顺义区,14.0,1.1
2024-06-11 21:46:36,2024-06-11 21:49:36,东城区,海淀区,15.9,1.0
2024-06-07 12:22:30,2024-06-07 12:46:30,朝阳区,丰台区,51.6,19.0
2024-07-01 15:26:42,2024-07-01 15:40:42,西城区,大兴区,21.1,5.4
2024-06-23 14:06:10,2024-06-23 14:25:10,通州区,门头沟区,25.4,6.5
2024-06-18 18:46:47,2024-06-18 19:06:47,朝阳区,西城区,33.3,10.7
2024-06-29 08:10:08,2024-06-29 08:27:08,通州区,西城区,30.8,8.8
2024-06-29 09:53:00,2024-06-29 10:54:00,西城区,东城区,31.1,10.6
2024-06-14 18:02:26,2024-06-14 18:39:26,通州区,通州区,46.5,16.6
2024-06-05 16:26:13,2024-06-05 16:31:13,东城区,昌平区,17.0,2.3
2024-06-23 18:25:09,2024-06-23 18:54:09,西城区,门头沟区,33.4,11.8
2024-06-02 17:04:25,2024-06-02 18:11:25,丰台区,房山区,50.1,18.8
2024-06-30 03:51:35,2024-06-30 04:06:35,门头沟区,朝阳区,26.0,7.2
2024-06-24 07:32:12,2024-06-24 08:13:12,东城区,房山区,41.2,13.9
2024-06-22 15:24:30,2024-06-22 15:42:30,大兴区,昌平区,51.4,17.6
2024-06-05 09:49:27,2024-06-05 10:05:27,西城区,东城区,20.9,6.0
2024-06-10 15:41:28,2024-06-10 16:21:28,海淀区,海淀区,40.2,13.2
2024-06-04 04:10:13,2024-06-04 04:15:13,顺义区,东城区,15.1,3.2
2024-06-28 12:57:04,2024-06-28 13:09:04,朝阳区,东城区,27.5,8.2
2024-06-17 08:53:48,2024-06-17 09:31:48,东城区,石景山区,47.0,17.4
2024-06-14 18:05:00,2024-06-14 18:18:00,东城区,海淀区,16.2,4.3
2024-06-03 09:29:58,2024-06-03 09:57:58,大兴区,大兴区,49.2,17.4
2024-06-27 18:17:43,2024-06-27 18:51:43,通州区,朝阳区,55.3,19.6
2024-06-01 13:34:31,2024-06-01 13:47:31,通州区,海淀区,27.5,8.7
2024-06-23 19:37:51,2024-06-23 20:22:51,西城区,丰台区,37.2,11.6
2024-06-11 10:39:38,2024-06-11 10:42:38,顺义区,通州区,15.9,1.0
2024-06-17 10:59:53,2024-06-17 11:16:53,东城区,朝阳区,36.0,11.3
2024-06-20 20:11:02,2024-06-20 20:25:02,大兴区,东城区,21.4,6.6
2024-06-02 13:36:20,2024-06-02 13:57:20,朝阳区,大兴区,47.5,17.8
2024-06-16 19:54:40,2024-06-16 19:57:40,西城区,朝阳区,13.9,1.4
2024-06-10 12:26:56,2024-06-10 12:40:56,海淀区,昌平区,32.0,9.8
2024-07-01 13:41:00,2024-07-01 14:24:00,朝阳区,西城区,39.0,12.5
2024-06-29 23:04:28,2024-06-29 23:23:28,东城区,昌平区,27.7,8.9
2024-06-15 12:57:23,2024-06-15 13:16:23,海淀区,大兴区,22.2,5.6
2024-06-06 12:45:40,2024-06-06 12:56:40,西城区,丰台区,23.8,6.9
2024-06-24 09:13:11,2024-06-24 09:29:11,朝阳区,西城区,34.7,10.6
2024-06-22 13:56:37,2024-06-22 14:22:37,东城区,丰台区,39.8,13.5
2024-06-24 08:22:55,2024-06-24 08:38:55,朝阳区,通州区,16.0,4.0
2024-06-16 17:09:42,2024-06-16 17:35:42,朝阳区,大兴区,33.5,11.3
2024-06-07 05:12:31,2024-06-07 05:32:31,海淀区,大兴区,34.3,11.5
2024-06-22 06:44:07,2024-06-22 06:50:07,西城区,东城区,16.8,4.1
2024-06-19 19:16:25,2024-06-19 19:41:25,西城区,顺义区,38.4,11.9
2024-06-17 18:34:26,2024-06-17 18:38:26,朝阳区,东城区,15.6,2.0
2024-06-21 17:44:50,2024-06-21 18:42:50,丰台区,丰台区,28.9,9.6
2024-06-09 08:47:26,2024-06-09 08:50:26,朝阳区,昌平区,14.9,2.7
2024-06-30 07:40:35,2024-06-30 08:04:35,朝阳区,石景山区,34.3,11.4
2024-06-29 08:38:48,2024-06-29 08:41:48,丰台区,西城区,15.3,1.0
2024-06-29 17:03:31,2024-06-29 17:14:31,西城区,东城区,15.0,2.9
2024-07-01 15:42:52,2024-07-01 16:07:52,昌平区,丰台区,39.5,13.9
2024-06-23 12:12:39,2024-06-23 12:25:39,西城区,东城区,19.1,4.4
2024-06-10 14:51:43,2024-06-10 15:02:43,朝阳区,通州区,25.6,7.0
2024-06-23 09:44:44,2024-06-23 09:47:44,西城区,朝阳区,15.3,1.0
2024-06-30 17:57:06,2024-06-30 18:03:06,通州区,大兴区,16.2,2.5
2024-06-11 18:15:39,2024-06-11 18:53:39,通州区,昌平区,35.2,12.2
2024-06-13 10:53:33,2024-06-13 11:01:33,大兴区,丰台区,16.6,3.6
2024-06-02 11:18:24,2024-06-02 11:29:24,海淀区,门头沟区,27.3,7.1
2024-06-04 11:14:26,2024-06-04 11:45:26,西城区,东城区,44.2,15.0
2024-06-09 11:17:54,2024-06-09 11:21:54,朝阳区,石景山区,15.5,2.2
2024-06-02 08:20:47,2024-06-02 08:41:47,大兴区,石景山区,33.0,11.3
2024-06-13 12:31:49,2024-06-13 13:04:49,昌平区,房山区,50.5,18.3
2024-06-29 08:08:25,2024-06-29 08:25:25,朝阳区,丰台区,32.6,9.5
2024-06-14 08:42:28,2024-06-14 09:08:28,西城区,门头沟区,26.5,8.7
2024-06-03 09:29:23,2024-06-03 10:09:23,海淀区,顺义区,43.8,15.2
2024-06-24 15:28:34,2024-06-24 15:36:34,海淀区,石景山区,13.5,3.1
2024-06-05 15:14:55,2024-06-05 15:32:55,大兴区,石景山区,39.7,13.6
2024-06-16 11:50:17,2024-06-16 12:16:17,西城区,昌平区,26.0,8.4
2024-06-06 18:43:22,2024-06-06 19:03:22,顺义区,通州区,25.8,7.6
2024-06-18 09:49:19,2024-06-18 10:27:19,石景山区,朝阳区,41.2,14.7
2024-06-13 19:35:25,2024-06-13 20:12:25,海淀区,海淀区,38.9,13.0
2024-06-28 06:01:46,2024-06-28 06:20:46,大兴区,通州区,28.5,7.8
2024-06-27 19:17:03,2024-06-27 19:25:03,海淀区,门头沟区,25.8,7.8
2024-07-01 08:09:51,2024-07-01 08:15:51,顺义区,通州区,17.4,2.3
2024-06-01 21:51:04,2024-06-01 22:09:04,昌平区,丰台区,27.2,7.9
2024-06-27 13:24:51,2024-06-27 13:40:51,通州区,房山区,28.5,8.6
2024-06-11 11:18:35,2024-06-11 11:55:35,顺义区,顺义区,39.3,13.5
2024-06-04 17:12:05,2024-06-04 17:23:05,丰台区,通州区,20.9,5.7
2024-06-12 08:51:33,2024-06-12 09:20:33,朝阳区,西城区,41.2,14.6
2024-06-18 18:35:38,2024-06-18 18:40:38,海淀区,顺义区,18.8,3.8
2024-06-08 19:10:17,2024-06-08 19:39:17,房山区,门头沟区,45.4,16.2
2024-06-12 15:28:47,2024-06-12 15:48:47,海淀区,朝阳区,24.6,7.8
2024-06-03 05:37:13,2024-06-03 05:51:13,丰台区,朝阳区,22.0,6.9
2024-06-16 07:40:50,2024-06-16 07:43:50,石景山区,西城区,14.2,1.2
2024-07-01 17:53:00,2024-07-01 18:23:00,朝阳区,海淀区,25.0,7.7
2024-06-21 13:53:45,2024-06-21 14:08:45,顺义区,通州区,27.2,7.6
2024-06-14 12:37:38,2024-06-14 12:50:38,东城区,通州区,20.3,6.0
2024-06-15 13:43:50,2024-06-15 14:15:50,房山区,石景山区,50.3,17.6
2024-06-12 09:43:23,2024-06-12 09:51:23,丰台区,昌平区,16.1,4.0
2024-06-27 17:00:35,2024-06-27 17:10:35,通州区,东城区,28.5,7.8
2024-06-27 09:40:25,2024-06-27 10:14:25,西城区,昌平区,47.2,16.2
2024-07-01 19:46:55,2024-07-01 20:19:55,顺义区,昌平区,34.8,12.2
2024-06-21 16:38:33,2024-06-21 17:13:33,石景山区,通州区,23.1,5.8
2024-06-23 07:52:53,2024-06-23 08:05:53,朝阳区,门头沟区,26.6,8.9
2024-06-24 13:56:14,2024-06-24 13:59:14,昌平区,西城区,16.0,1.0
2024-06-18 21:45:48,2024-06-18 21:55:48,通州区,朝阳区,27.2,7.4
2024-06-01 23:54:59,2024-06-02 00:32:59,海淀区,海淀区,28.1,8.6
2024-06-18 08:13:23,2024-06-18 08:18:23,海淀区,海淀区,17.0,3.8
2024-06-15 18:36:16,2024-06-15 19:00:16,海淀区,大兴区,32.7,9.7
2024-06-16 18:16:13,2024-06-16 18:28:13,昌平区,海淀区,28.6,8.8
2024-06-22 12:05:29,2024-06-22 12:16:29,朝阳区,石景山区,22.2,5.2
2024-06-25 13:37:27,2024-06-25 14:06:27,通州区,大兴区,43.2,15.7
2024-06-28 05:37:29,2024-06-28 05:43:29,海淀区,通州区,14.7,2.6
2024-06-19 14:58:05,2024-06-19 15:23:05,朝阳区,海淀区,28.6,9.3
2024-06-30 08:17:19,2024-06-30 08:30:19,朝阳区,西城区,22.6,5.5
2024-06-16 16:50:12,2024-06-16 17:07:12,通州区,朝阳区,27.5,8.6
2024-06-16 11:11:11,2024-06-16 11:39:11,朝阳区,石景山区,36.8,12.4
2024-06-12 12:12:55,2024-06-12 12:19:55,海淀区,石景山区,16.9,3.3
2024-06-13 14:57:29,2024-06-13 15:00:29,石景山区,丰台区,14.7,1.0
2024-06-03 15:03:41,2024-06-03 15:06:41,海淀区,西城区,17.1,1.0
2024-06-18 22:29:45,2024-06-18 22:51:45,朝阳区,西城区,31.7,9.5
2024-06-10 14:17:33,2024-06-10 14:34:33,顺义区,西城区,42.4,15.5
2024-06-01 09:39:00,2024-06-01 10:10:00,朝阳区,丰台区,43.8,15.0
2024-06-11 13:04:12,2024-06-11 13:07:12,顺义区,房山区,15.2,1.2
2024-06-26 10:15:36,2024-06-26 10:34:36,昌平区,顺义区,34.0,10.6
2024-06-30 18:40:17,2024-06-30 18:59:17,海淀区,海淀区,29.6,8.4
2024-06-02 18:44:29,2024-06-02 18:51:29,丰台区,丰台区,14.9,3.0
2024-06-16 16:54:34,2024-06-16 17:15:34,西城区,房山区,22.4,6.9
2024-06-04 14:58:29,2024-06-04 15:13:29,朝阳区,房山区,18.1,5.1
2024-06-28 18:57:40,2024-06-28 19:00:40,大兴区,海淀区,14.5,1.0
2024-06-27 16:36:34,2024-06-27 16:49:34,海淀区,西城区,22.2,5.6
2024-06-03 14:23:41,2024-06-03 14:34:41,西城区,昌平区,23.6,6.6
2024-06-26 11:53:03,2024-06-26 12:17:03,西城区,门头沟区,40.5,13.6
2024-06-01 13:09:11,2024-06-01 13:26:11,顺义区,石景山区,15.1,3.6
2024-06-16 11:10:02,2024-06-16 11:58:02,海淀区,海淀区,35.3,12.1
2024-06-30 17:39:39,2024-06-30 17:57:39,西城区,通州区,23.9,7.0
2024-06-10 15:51:45,2024-06-10 15:55:45,昌平区,西城区,13.3,2.4
2024-06-15 21:47:15,2024-06-15 21:53:15,房山区,大兴区,20.4,4.5
2024-06-15 07:06:31,2024-06-15 07:26:31,顺义区,海淀区,28.9,9.1
2024-06-29 09:07:12,2024-06-29 09:50:12,丰台区,西城区,26.2,7.9
2024-06-01 17:27:08,2024-06-01 17:39:08,丰台区,石景山区,22.7,5.6
2024-06-21 12:01:42,2024-06-21 12:26:42,昌平区,门头沟区,33.1,11.7
2024-06-29 17:48:55,2024-06-29 17:51:55,昌平区,朝阳区,17.4,1.0
2024-06-13 11:24:55,2024-06-13 11:36:55,昌平区,房山区,27.8,7.8
2024-06-29 11:43:47,2024-06-29 12:09:47,大兴区,丰台区,27.5,9.2
2024-06-11 18:31:37,2024-06-11 18:39:37,东城区,通州区,16.0,4.3
2024-06-09 17:41:45,2024-06-09 17:52:45,西城区,丰台区,23.0,7.0
2024-06-23 19:51:20,2024-06-23 19:59:20,朝阳区,丰台区,22.1,6.0
2024-06-29 17:48:32,2024-06-29 18:26:32,丰台区,大兴区,41.3,13.2
2024-06-29 08:10:08,2024-06-29 08:13:08,朝阳区,西城区,17.5,1.0
2024-06-01 07:30:51,2024-06-01 07:47:51,西城区,东城区,42.8,14.5
2024-06-25 09:01:34,2024-06-25 09:16:34,昌平区,西城区,25.4,8.0
2024-06-29 19:12:46,2024-06-29 19:39:46,昌平区,房山区,35.3,11.0
2024-06-04 18:21:22,2024-06-04 18:58:22,朝阳区,昌平区,37.9,13.7
2024-06-16 06:04:44,2024-06-16 06:34:44,海淀区,东城区,24.0,6.2
2024-06-24 17:18:43,2024-06-24 17:37:43,朝阳区,朝阳区,31.1,9.2
2024-06-21 11:01:29,2024-06-21 11:04:29,海淀区,通州区,15.5,1.0
2024-06-22 13:09:47,2024-06-22 13:22:47,朝阳区,石景山区,23.4,6.3
2024-06-22 20:17:47,2024-06-22 20:45:47,朝阳区,房山区,38.8,13.3
2024-06-23 09:32:44,2024-06-23 10:05:44,西城区,丰台区,37.8,13.5
2024-06-18 17:24:55,2024-06-18 17:39:55,门头沟区,海淀区,22.5,7.0
2024-06-17 08:34:58,2024-06-17 09:04:58,朝阳区,顺义区,45.3,17.0
2024-06-23 19:35:13,2024-06-23 19:43:13,西城区,房山区,21.6,6.2
2024-06-30 12:52:59,2024-06-30 12:55:59,东城区,顺义区,18.0,1.0
2024-06-16 20:42:12,2024-06-16 21:00:12,昌平区,朝阳区,31.8,11.1
2024-06-27 08:23:44,2024-06-27 08:35:44,昌平区,房山区,29.1,8.0
2024-06-06 13:31:58,2024-06-06 13:46:58,东城区,大兴区,20.5,5.3
2024-06-10 09:01:47,2024-06-10 09:16:47,朝阳区,海淀区,22.2,5.7
2024-07-01 15:04:12,2024-07-01 15:27:12,西城区,通州区,40.7,13.8
2024-06-22 17:30:58,2024-06-22 17:46:58,朝阳区,大兴区,32.3,10.5
2024-06-26 03:52:32,2024-06-26 04:07:32,东城区,东城区,29.8,8.5
2024-06-14 07:40:59,2024-06-14 08:01:59,朝阳区,朝阳区,38.5,14.0
2024-06-29 12:53:55,2024-06-29 13:18:55,西城区,丰台区,40.1,13.9
2024-06-13 14:07:27,2024-06-13 14:52:27,朝阳区,石景山区,44.8,16.8
2024-06-07 18:35:31,2024-06-07 19:01:31,通州区,石景山区,36.1,11.1
2024-06-29 11:21:33,2024-06-29 11:40:33,海淀区,东城区,27.3,7.5
2024-06-13 20:06:14,2024-06-13 20:35:14,西城区,丰台区,29.3,9.1
2024-06-19 09:30:25,2024-06-19 09:43:25,昌平区,海淀区,25.8,7.7
2024-06-14 20:20:14,2024-06-14 20:50:14,昌平区,房山区,29.9,10.2
2024-06-28 08:19:11,2024-06-28 08:33:11,朝阳区,门头沟区,22.8,5.6
2024-06-10 08:36:17,2024-06-10 08:49:17,大兴区,门头沟区,29.4,9.0
2024-06-19 09:05:09,2024-06-19 09:17:09,石景山区,大兴区,18.7,4.2
2024-06-12 15:11:18,2024-06-12 15:23:18,丰台区,昌平区,25.9,6.8
2024-06-15 08:46:19,2024-06-15 09:05:19,顺义区,西城区,38.5,12.7
2024-06-04 12:49:24,2024-06-04 13:08:24,东城区,顺义区,29.9,8.5
2024-06-10 19:14:27,2024-06-10 19:36:27,朝阳区,海淀区,39.7,13.4
2024-06-09 11:21:46,2024-06-09 11:37:46,大兴区,石景山区,20.3,5.8
2024-06-01 17:36:18,2024-06-01 18:32:18,大兴区,门头沟区,33.3,10.2
2024-06-02 11:22:08,2024-06-02 11:53:08,石景山区,昌平区,23.3,7.2
2024-06-11 09:09:51,2024-06-11 09:18:51,石景山区,朝阳区,21.0,6.0
2024-06-20 14:43:58,2024-06-20 15:08:58,朝阳区,大兴区,35.1,12.6
2024-06-09 21:22:06,2024-06-09 21:42:06,大兴区,顺义区,29.5,10.0
2024-06-16 12:52:14,2024-06-16 13:47:14,海淀区,通州区,30.3,9.2
2024-06-16 11:46:42,2024-06-16 11:52:42,朝阳区,房山区,14.9,2.6
2024-06-18 18:13:55,2024-06-18 18:21:55,丰台区,海淀区,17.7,4.2
2024-06-25 13:11:04,2024-06-25 13:19:04,朝阳区,丰台区,16.9,3.5
2024-06-25 10:11:04,2024-06-25 10:23:04,海淀区,丰台区,23.9,6.7
2024-06-28 12:45:10,2024-06-28 13:21:10,顺义区,丰台区,48.6,16.9
2024-06-22 23:48:37,2024-06-22 23:58:37,通州区,西城区,22.7,6.5
2024-06-29 19:27:46,2024-06-29 19:36:46,海淀区,丰台区,16.6,2.5
2024-06-14 09:18:19,2024-06-14 09:41:19,朝阳区,通州区,26.8,8.5
2024-06-19 08:04:05,2024-06-19 08:07:05,石景山区,石景山区,17.4,1.0
2024-06-24 17:24:24,2024-06-24 17:36:24,顺义区,顺义区,26.4,7.9
2024-06-14 12:42:05,2024-06-14 13:02:05,大兴区,通州区,29.3,9.8
2024-06-22 21:38:40,2024-06-22 21:54:40,西城区,西城区,30.4,10.4
2024-06-14 16:48:16,2024-06-14 17:12:16,海淀区,通州区,42.8,14.8
2024-06-02 13:22:46,2024-06-02 13:52:46,西城区,西城区,33.3,9.8
2024-06-26 13:21:05,2024-06-26 13:24:05,石景山区,丰台区,14.2,1.9
2024-06-01 18:38:02,2024-06-01 18:41:02,朝阳区,门头沟区,16.3,1.0
2024-06-10 15:00:52,2024-06-10 15:28:52,朝阳区,大兴区,35.1,10.8
2024-06-22 07:16:05,2024-06-22 07:19:05,大兴区,石景山区,16.7,1.0
2024-06-03 18:51:59,2024-06-03 19:30:59,丰台区,东城区,53.2,20.3
2024-06-27 01:59:39,2024-06-27 02:16:39,丰台区,门头沟区,36.2,11.7
2024-06-28 16:05:08,2024-06-28 16:18:08,房山区,西城区,16.0,3.4
2024-06-03 17:48:03,2024-06-03 18:27:03,朝阳区,东城区,56.2,20.8
2024-06-09 10:22:09,2024-06-09 10:46:09,大兴区,顺义区,33.8,11.6
2024-06-28 12:31:23,2024-06-28 13:09:23,门头沟区,昌平区,24.8,6.5
2024-06-04 19:53:40,2024-06-04 19:56:40,通州区,大兴区,14.9,1.0
2024-06-04 14:33:49,2024-06-04 14:53:49,大兴区,门头沟区,36.8,11.8
2024-06-17 19:51:48,2024-06-17 19:54:48,海淀区,顺义区,14.0,1.6
2024-06-28 07:32:13,2024-06-28 07:53:13,昌平区,丰台区,42.9,15.2
2024-06-20 11:02:49,2024-06-20 11:15:49,朝阳区,丰台区,15.1,3.7
2024-06-19 14:24:18,2024-06-19 14:27:18,东城区,房山区,17.7,1.0
2024-06-30 18:07:29,2024-06-30 18:11:29,通州区,海淀区,15.2,2.1
2024-06-26 08:50:33,2024-06-26 09:17:33,丰台区,顺义区,26.5,7.4
2024-06-05 12:57:53,2024-06-05 13:08:53,门头沟区,东城区,19.0,4.4
2024-06-06 17:59:54,2024-06-06 18:20:54,石景山区,门头沟区,43.3,14.4
2024-06-13 17:01:54,2024-06-13 17:45:54,昌平区,石景山区,48.0,16.7
2024-06-19 07:30:59,2024-06-19 07:38:59,朝阳区,房山区,18.0,3.4
2024-06-08 08:30:27,2024-06-08 08:47:27,大兴区,通州区,29.7,9.3
2024-06-04 08:37:25,2024-06-04 09:00:25,门头沟区,朝阳区,26.0,7.4
2024-07-01 09:23:18,2024-07-01 09:26:18,西城区,海淀区,14.9,1.0
2024-06-27 13:35:46,2024-06-27 14:00:46,丰台区,门头沟区,38.9,12.4
2024-06-04 15:05:07,2024-06-04 15:23:07,房山区,海淀区,29.9,10.2
2024-06-09 14:25:30,2024-06-09 14:55:30,朝阳区,丰台区,34.8,12.3
2024-06-06 06:10:24,2024-06-06 06:13:24,昌平区,西城区,15.5,2.0
2024-06-14 23:30:26,2024-06-15 00:05:26,昌平区,昌平区,39.0,13.3
2024-06-13 11:49:01,2024-06-13 11:52:01,朝阳区,门头沟区,16.7,2.2
2024-06-11 08:35:40,2024-06-11 09:09:40,通州区,东城区,29.8,9.5
2024-06-27 16:31:06,2024-06-27 16:54:06,大兴区,房山区,37.8,12.7
2024-06-04 12:25:49,2024-06-04 12:51:49,西城区,丰台区,29.3,9.0
2024-06-18 08:07:23,2024-06-18 08:25:23,西城区,东城区,39.9,14.5
2024-06-20 16:27:02,2024-06-20 16:41:02,朝阳区,丰台区,25.5,7.1
2024-06-27 16:28:45,2024-06-27 16:51:45,西城区,房山区,21.1,6.1
2024-06-22 00:00:51,2024-06-22 00:18:51,通州区,大兴区,23.0,6.5
2024-06-20 12:21:04,2024-06-20 13:04:04,顺义区,通州区,31.8,9.7
2024-06-29 23:10:37,2024-06-29 23:23:37,西城区,顺义区,31.6,9.7
2024-06-02 09:02:39,2024-06-02 09:08:39,东城区,海淀区,19.9,4.6
2024-06-24 11:32:17,2024-06-24 11:45:17,西城区,东城区,20.8,5.3
2024-06-15 12:36:18,2024-06-15 12:50:18,丰台区,大兴区,33.2,10.0
2024-06-03 16:15:39,2024-06-03 16:45:39,门头沟区,东城区,39.0,12.5
2024-06-16 17:35:05,2024-06-16 17:47:05,朝阳区,顺义区,25.5,6.6
2024-06-27 13:39:53,2024-06-27 13:54:53,大兴区,西城区,23.7,7.0
2024-06-20 08:28:57,2024-06-20 08:59:57,门头沟区,大兴区,45.7,15.1
2024-06-14 05:43:06,2024-06-14 06:05:06,昌平区,通州区,35.4,11.2
2024-06-06 09:35:43,2024-06-06 09:48:43,西城区,海淀区,34.3,10.5
2024-06-18 12:17:44,2024-06-18 12:35:44,房山区,房山区,23.2,5.6
2024-06-18 16:50:09,2024-06-18 17:06:09,东城区,朝阳区,31.5,10.9
2024-06-15 20:13:07,2024-06-15 20:38:07,顺义区,西城区,33.4,11.4
2024-06-18 07:21:46,2024-06-18 07:29:46,房山区,顺义区,20.7,6.3
2024-06-11 17:48:21,2024-06-11 18:06:21,丰台区,顺义区,29.8,10.3
2024-06-19 08:35:28,2024-06-19 08:53:28,西城区,通州区,32.2,11.3
2024-06-27 15:12:23,2024-06-27 15:24:23,西城区,丰台区,24.6,7.0
2024-06-14 14:39:29,2024-06-14 15:09:29,通州区,顺义区,33.7,11.6
2024-06-02 18:32:30,2024-06-02 18:42:30,石景山区,大兴区,27.0,8.1
2024-06-18 15:18:28,2024-06-18 15:51:28,大兴区,海淀区,47.8,16.8
2024-06-12 18:51:49,2024-06-12 19:08:49,西城区,丰台区,24.7,7.5
2024-06-26 12:25:48,2024-06-26 12:50:48,海淀区,大兴区,19.0,4.2
2024-06-05 13:21:56,2024-06-05 13:46:56,石景山区,西城区,38.3,13.0
2024-06-12 13:49:26,2024-06-12 14:05:26,顺义区,通州区,36.3,11.6
2024-06-23 23:52:00,2024-06-24 00:35:00,门头沟区,东城区,38.3,13.1
2024-06-06 20:04:52,2024-06-06 20:32:52,东城区,东城区,20.6,6.2
2024-06-18 11:39:36,2024-06-18 11:42:36,昌平区,房山区,15.1,1.0
2024-06-04 17:02:01,2024-06-04 17:45:01,东城区,房山区,38.0,13.4
2024-06-30 09:41:28,2024-06-30 10:04:28,通州区,大兴区,43.9,15.4
2024-06-19 16:38:14,2024-06-19 17:15:14,丰台区,西城区,36.2,12.2
2024-06-06 19:01:46,2024-06-06 19:21:46,大兴区,门头沟区,22.2,6.8
2024-06-01 11:02:09,2024-06-01 11:25:09,门头沟区,丰台区,27.3,9.0
2024-06-14 14:31:31,2024-06-14 14:34:31,昌平区,朝阳区,14.5,1.0
2024-06-02 11:00:58,2024-06-02 11:21:58,丰台区,西城区,23.9,7.0
2024-06-18 12:14:19,2024-06-18 12:45:19,东城区,西城区,40.2,13.0
2024-06-04 11:08:22,2024-06-04 11:20:22,海淀区,朝阳区,26.7,7.5
2024-06-01 07:01:41,2024-06-01 07:29:41,丰台区,门头沟区,44.7,14.7
2024-06-04 13:04:29,2024-06-04 13:19:29,朝阳区,朝阳区,29.8,9.6
2024-06-26 12:00:00,2024-06-26 12:29:00,西城区,石景山区,37.4,12.2
2024-06-26 13:55:01,2024-06-26 14:17:01,丰台区,顺义区,25.5,7.6
2024-06-11 11:05:41,2024-06-11 11:19:41,西城区,石景山区,28.4,9.0
2024-06-01 07:07:03,2024-06-01 07:19:03,海淀区,昌平区,28.7,8.3
2024-06-20 07:14:45,2024-06-20 07:29:45,大兴区,大兴区,19.3,3.7
2024-06-29 19:33:17,2024-06-29 19:40:17,西城区,门头沟区,18.6,3.6
2024-06-21 16:14:50,2024-06-21 16:22:50,房山区,顺义区,17.4,4.5
2024-06-11 08:27:58,2024-06-11 08:57:58,朝阳区,房山区,33.2,9.9
2024-06-01 18:19:21,2024-06-01 18:35:21,海淀区,西城区,18.3,5.1
2024-06-09 11:45:47,2024-06-09 12:11:47,西城区,丰台区,29.4,9.7
2024-06-27 21:12:12,2024-06-27 21:17:12,西城区,通州区,15.5,2.6
2024-06-16 17:58:13,2024-06-16 18:46:13,大兴区,海淀区,47.0,16.1
2024-06-04 17:29:48,2024-06-04 17:36:48,丰台区,石景山区,17.0,3.4
2024-06-03 17:22:26,2024-06-03 17:51:26,海淀区,通州区,32.8,9.6
2024-06-21 14:57:07,2024-06-21 15:17:07,西城区,大兴区,34.0,11.6
2024-06-29 09:27:09,2024-06-29 10:07:09,朝阳区,朝阳区,54.4,19.3
2024-06-02 13:04:59,2024-06-02 13:07:59,西城区,门头沟区,14.1,1.8
2024-06-13 13:11:53,2024-06-13 13:23:53,石景山区,西城区,19.1,4.8
2024-06-15 11:06:24,2024-06-15 11:12:24,东城区,门头沟区,18.3,3.2
2024-06-16 06:34:25,2024-06-16 06:48:25,东城区,顺义区,25.2,7.8
2024-06-03 13:31:16,2024-06-03 13:53:16,通州区,房山区,32.9,10.0
2024-06-28 19:20:08,2024-06-28 19:40:08,朝阳区,丰台区,39.6,12.6
2024-06-03 16:32:29,2024-06-03 16:39:29,石景山区,昌平区,21.3,4.7
2024-06-28 19:28:00,2024-06-28 20:11:00,朝阳区,昌平区,49.7,18.3
2024-06-24 12:40:48,2024-06-24 13:22:48,朝阳区,大兴区,31.1,10.7
2024-06-28 11:02:44,2024-06-28 11:14:44,海淀区,昌平区,19.5,5.0
2024-06-08 14:09:57,2024-06-08 14:29:57,海淀区,海淀区,30.3,9.8
2024-06-29 21:18:15,2024-06-29 23:01:15,丰台区,丰台区,68.0,25.4
2024-06-07 21:53:23,2024-06-07 22:27:23,通州区,石景山区,35.6,12.6
2024-06-02 18:46:17,2024-06-02 19:02:17,朝阳区,顺义区,23.3,6.8
2024-06-14 10:06:13,2024-06-14 10:23:13,海淀区,东城区,45.5,15.2
2024-06-09 18:32:05,2024-06-09 18:51:05,丰台区,顺义区,34.0,11.6
2024-06-19 14:08:29,2024-06-19 14:21:29,海淀区,房山区,24.7,6.8
2024-06-22 10:19:26,2024-06-22 10:28:26,东城区,房山区,23.8,5.6
2024-06-21 07:55:05,2024-06-21 08:16:05,朝阳区,顺义区,32.3,10.0
2024-06-28 17:51:19,2024-06-28 17:56:19,东城区,朝阳区,13.2,2.7
2024-06-23 08:30:22,2024-06-23 08:35:22,通州区,石景山区,15.6,2.9
2024-06-18 13:55:27,2024-06-18 14:05:27,丰台区,朝阳区,23.4,7.3
2024-06-28 10:14:44,2024-06-28 10:20:44,海淀区,通州区,19.6,4.0
2024-06-26 09:12:22,2024-06-26 09:22:22,丰台区,大兴区,22.1,5.3
2024-06-14 10:15:31,2024-06-14 10:28:31,东城区,海淀区,24.2,6.0
2024-06-30 08:45:00,2024-06-30 08:54:00,石景山区,昌平区,19.8,5.6
2024-06-21 04:41:38,2024-06-21 05:26:38,朝阳区,朝阳区,26.8,8.0
2024-06-14 09:29:25,2024-06-14 09:42:25,东城区,西城区,17.8,5.0
2024-06-21 11:08:20,2024-06-21 11:13:20,朝阳区,西城区,14.8,3.0
2024-06-04 09:23:19,2024-06-04 09:49:19,西城区,石景山区,37.3,12.2
2024-06-12 08:42:00,2024-06-12 08:53:00,顺义区,顺义区,20.7,6.2
2024-06-23 11:19:05,2024-06-23 11:23:05,东城区,房山区,15.5,2.9
2024-06-22 12:54:31,2024-06-22 13:02:31,朝阳区,昌平区,20.8,4.7
2024-06-01 13:14:04,2024-06-01 13:38:04,东城区,石景山区,35.3,12.2
2024-06-20 18:34:28,2024-06-20 18:53:28,海淀区,朝阳区,22.6,7.0
2024-06-01 08:55:40,2024-06-01 09:07:40,朝阳区,朝阳区,22.9,7.2
2024-06-26 12:37:52,2024-06-26 13:04:52,朝阳区,海淀区,46.5,15.6
2024-06-01 18:21:30,2024-06-01 18:31:30,西城区,海淀区,20.4,4.8
2024-06-18 12:09:09,2024-06-18 12:12:09,海淀区,海淀区,17.9,1.0
2024-06-08 09:35:14,2024-06-08 10:02:14,顺义区,房山区,47.4,16.0
2024-06-16 08:11:58,2024-06-16 09:14:58,朝阳区,丰台区,41.8,15.0
2024-06-20 11:13:10,2024-06-20 11:51:10,海淀区,西城区,43.3,14.5
2024-06-14 11:46:49,2024-06-14 12:00:49,海淀区,通州区,22.5,6.7
2024-06-15 09:55:00,2024-06-15 10:03:00,丰台区,大兴区,19.6,4.4
2024-06-26 08:49:26,2024-06-26 09:36:26,通州区,昌平区,25.1,8.0
2024-06-16 08:26:54,2024-06-16 08:51:54,朝阳区,朝阳区,34.5,11.5
2024-06-30 18:25:14,2024-06-30 18:46:14,门头沟区,大兴区,38.1,11.8
2024-06-13 03:45:12,2024-06-13 03:58:12,房山区,海淀区,27.6,8.4
2024-06-07 17:06:04,2024-06-07 17:28:04,朝阳区,西城区,25.9,7.1
2024-06-09 14:38:26,2024-06-09 14:58:26,海淀区,通州区,47.7,16.5
2024-06-11 20:04:31,2024-06-11 20:43:31,西城区,丰台区,29.0,9.7
2024-06-21 12:11:00,2024-06-21 12:17:00,朝阳区,石景山区,18.3,3.7
2024-06-05 09:59:56,2024-06-05 10:41:56,朝阳区,门头沟区,41.2,15.0
2024-07-01 11:35:32,2024-07-01 11:39:32,通州区,丰台区,15.6,3.1
2024-07-01 18:11:31,2024-07-01 18:39:31,通州区,大兴区,37.4,13.3
2024-06-17 17:10:51,2024-06-17 17:21:51,西城区,通州区,23.3,6.4
2024-06-05 09:20:08,2024-06-05 09:23:08,海淀区,海淀区,15.5,1.0
2024-06-01 07:00:22,2024-06-01 07:25:22,朝阳区,昌平区,45.8,15.1
2024-06-27 06:38:21,2024-06-27 06:56:21,西城区,丰台区,19.4,5.5
2024-06-16 10:08:06,2024-06-16 10:31:06,东城区,通州区,46.8,15.8
2024-06-05 14:42:34,2024-06-05 14:49:34,朝阳区,昌平区,17.5,4.9
2024-06-14 14:06:43,2024-06-14 14:16:43,西城区,通州区,16.4,3.0
2024-06-26 14:10:00,2024-06-26 14:27:00,朝阳区,房山区,25.5,7.9
2024-06-02 12:12:24,2024-06-02 12:15:24,海淀区,东城区,17.7,1.3
2024-06-09 07:24:29,2024-06-09 07:54:29,朝阳区,西城区,35.7,11.7
2024-07-01 13:02:47,2024-07-01 13:21:47,东城区,海淀区,28.8,9.3
2024-06-15 12:33:22,2024-06-15 12:42:22,海淀区,东城区,20.5,6.1
2024-06-17 07:06:48,2024-06-17 07:21:48,房山区,大兴区,23.9,7.1
2024-06-28 19:59:49,2024-06-28 20:05:49,东城区,丰台区,19.5,3.7
2024-06-14 09:26:43,2024-06-14 09:38:43,西城区,朝阳区,26.0,8.1
2024-06-23 17:37:11,2024-06-23 18:08:11,朝阳区,石景山区,31.1,9.7
2024-06-03 16:05:17,2024-06-03 16:28:17,东城区,西城区,30.7,9.4
2024-06-10 19:40:28,2024-06-10 19:57:28,海淀区,西城区,29.8,10.2
2024-06-02 19:54:52,2024-06-02 19:59:52,通州区,东城区,14.5,3.4
2024-06-23 09:25:07,2024-06-23 09:34:07,房山区,顺义区,17.3,4.3
2024-06-19 13:03:38,2024-06-19 13:22:38,东城区,石景山区,32.9,10.8
2024-06-21 12:13:12,2024-06-21 12:29:12,通州区,昌平区,28.7,9.7
2024-06-11 23:19:48,2024-06-11 23:34:48,朝阳区,房山区,31.2,10.2
2024-06-22 11:12:40,2024-06-22 11:48:40,顺义区,海淀区,27.8,7.7
2024-06-07 18:42:18,2024-06-07 19:27:18,朝阳区,丰台区,46.6,15.5
2024-06-14 12:12:38,2024-06-14 12:29:38,丰台区,海淀区,33.2,9.7
2024-06-03 12:06:39,2024-06-03 12:24:39,东城区,朝阳区,32.0,11.2
2024-06-29 09:13:58,2024-06-29 09:29:58,丰台区,石景山区,31.2,10.0
2024-06-18 13:39:14,2024-06-18 13:49:14,西城区,房山区,25.8,8.3
2024-06-24 08:01:37,2024-06-24 08:17:37,西城区,房山区,27.1,8.6
2024-06-02 12:09:54,2024-06-02 12:15:54,朝阳区,门头沟区,19.9,4.7
2024-06-24 11:58:09,2024-06-24 12:01:09,通州区,西城区,13.7,1.0
2024-06-11 12:46:37,2024-06-11 12:59:37,房山区,丰台区,28.2,8.3
2024-06-21 17:17:17,2024-06-21 17:41:17,通州区,西城区,27.2,7.6
2024-06-23 08:00:35,2024-06-23 08:22:35,大兴区,大兴区,34.5,11.9
2024-06-19 09:18:08,2024-06-19 09:52:08,昌平区,丰台区,44.6,15.4
2024-06-16 15:27:28,2024-06-16 15:35:28,海淀区,昌平区,20.4,4.5
2024-06-03 15:11:19,2024-06-03 15:25:19,海淀区,门头沟区,28.2,9.4
2024-06-02 10:24:03,2024-06-02 10:56:03,海淀区,朝阳区,43.1,14.1
2024-06-28 10:56:09,2024-06-28 11:27:09,房山区,顺义区,43.7,15.3
2024-06-04 09:50:20,2024-06-04 10:03:20,西城区,海淀区,31.0,9.0
2024-06-27 12:14:18,2024-06-27 12:51:18,门头沟区,大兴区,45.2,16.5
2024-06-10 13:42:23,2024-06-10 13:53:23,西城区,通州区,22.6,6.1
2024-06-10 11:06:02,2024-06-10 11:31:02,石景山区,大兴区,33.7,11.2
2024-06-18 18:05:00,2024-06-18 18:36:00,西城区,门头沟区,34.0,10.7
2024-06-27 13:41:59,2024-06-27 14:01:59,西城区,海淀区,32.6,11.0
2024-06-26 03:47:30,2024-06-26 04:03:30,丰台区,顺义区,34.5,11.3
2024-06-21 09:27:02,2024-06-21 09:48:02,石景山区,房山区,21.7,6.2
2024-06-02 15:38:32,2024-06-02 16:08:32,门头沟区,顺义区,39.2,12.4
2024-06-09 09:35:06,2024-06-09 09:51:06,西城区,房山区,27.3,8.3
2024-06-02 07:44:04,2024-06-02 08:15:04,昌平区,海淀区,29.8,10.3
2024-06-30 17:25:24,2024-06-30 17:42:24,通州区,顺义区,29.3,9.8
2024-06-21 14:23:10,2024-06-21 15:11:10,通州区,通州区,27.1,8.3
2024-07-01 19:36:40,2024-07-01 20:00:40,东城区,昌平区,37.3,13.2
2024-06-13 12:18:25,2024-06-13 12:24:25,石景山区,大兴区,13.0,2.9
2024-06-16 16:50:01,2024-06-16 17:14:01,顺义区,朝阳区,25.5,8.0
2024-06-12 07:23:16,2024-06-12 07:26:16,昌平区,通州区,13.8,1.0
2024-06-17 17:55:52,2024-06-17 18:11:52,大兴区,丰台区,30.0,10.0
2024-06-01 17:20:54,2024-06-01 17:23:54,丰台区,昌平区,14.0,1.0
2024-06-19 13:34:19,2024-06-19 13:52:19,通州区,石景山区,39.5,12.8
2024-06-13 05:28:47,2024-06-13 05:51:47,房山区,西城区,36.9,13.2
2024-06-20 12:08:53,2024-06-20 12:11:53,海淀区,朝阳区,15.7,1.0
2024-06-10 00:02:30,2024-06-10 00:23:30,西城区,石景山区,31.8,10.1
2024-06-03 18:47:10,2024-06-03 19:12:10,朝阳区,昌平区,32.3,10.0
2024-06-05 17:42:44,2024-06-05 18:00:44,朝阳区,大兴区,34.0,10.4
2024-06-01 21:39:13,2024-06-01 22:01:13,大兴区,丰台区,20.0,4.0
2024-06-04 16:29:42,2024-06-04 17:00:42,通州区,东城区,39.3,12.5
2024-06-10 06:10:18,2024-06-10 06:13:18,朝阳区,通州区,13.5,1.0
2024-06-26 09:08:30,2024-06-26 09:22:30,朝阳区,西城区,27.0,8.0
2024-06-19 16:09:42,2024-06-19 16:27:42,大兴区,顺义区,20.5,6.1
2024-06-25 18:27:01,2024-06-25 19:26:01,丰台区,昌平区,43.5,14.9
2024-06-18 17:37:00,2024-06-18 17:52:00,丰台区,丰台区,35.9,11.4
2024-06-06 11:17:58,2024-06-06 11:20:58,西城区,西城区,16.2,1.0
2024-06-06 12:06:09,2024-06-06 12:36:09,丰台区,门头沟区,41.7,14.9
2024-06-26 09:18:18,2024-06-26 09:34:18,朝阳区,海淀区,38.0,12.0
2024-06-13 07:48:48,2024-06-13 07:56:48,西城区,西城区,18.6,4.0
2024-06-23 09:18:51,2024-06-23 10:23:51,昌平区,门头沟区,33.3,10.9
2024-06-12 11:53:14,2024-06-12 12:23:14,大兴区,海淀区,24.6,7.9
2024-06-16 13:40:49,2024-06-16 14:16:49,昌平区,西城区,32.5,10.9
2024-06-12 13:55:06,2024-06-12 14:08:06,朝阳区,东城区,38.7,13.7
2024-06-25 08:44:47,2024-06-25 09:02:47,东城区,通州区,30.3,10.5
2024-06-20 21:19:18,2024-06-20 21:59:18,朝阳区,昌平区,43.9,14.5
2024-06-11 18:23:36,2024-06-11 18:43:36,昌平区,西城区,29.9,9.9
2024-06-05 10:42:04,2024-06-05 11:07:04,昌平区,丰台区,44.4,15.7
2024-06-13 17:14:13,2024-06-13 17:18:13,门头沟区,海淀区,13.8,2.0
2024-06-16 09:43:24,2024-06-16 10:34:24,朝阳区,大兴区,47.2,15.8
2024-06-12 17:37:40,2024-06-12 18:08:40,通州区,大兴区,44.8,15.3
2024-06-13 09:15:45,2024-06-13 09:32:45,东城区,东城区,34.5,10.2
2024-06-12 23:16:26,2024-06-12 23:19:26,朝阳区,朝阳区,15.6,1.2
2024-06-24 13:35:01,2024-06-24 13:47:01,昌平区,大兴区,14.8,3.4
2024-06-25 17:48:57,2024-06-25 17:56:57,西城区,东城区,17.1,2.1
2024-06-30 23:00:54,2024-06-30 23:37:54,通州区,门头沟区,34.6,11.7
2024-06-11 08:57:33,2024-06-11 09:10:33,通州区,丰台区,34.7,10.6
2024-06-17 13:57:00,2024-06-17 14:32:00,丰台区,海淀区,43.1,14.8
2024-06-24 19:23:10,2024-06-24 19:37:10,昌平区,昌平区,24.2,7.1
2024-06-05 13:31:46,2024-06-05 13:44:46,丰台区,顺义区,27.7,8.4
2024-06-18 13:42:12,2024-06-18 14:00:12,朝阳区,昌平区,35.3,11.1
2024-06-13 12:18:59,2024-06-13 12:32:59,通州区,朝阳区,26.5,7.6
2024-06-25 04:17:54,2024-06-25 05:10:54,房山区,昌平区,38.2,12.1
2024-06-10 11:07:57,2024-06-10 11:21:57,海淀区,顺义区,30.3,8.5
2024-06-11 08:45:46,2024-06-11 09:27:46,房山区,昌平区,29.1,9.5
2024-06-08 18:58:26,2024-06-08 19:01:26,朝阳区,东城区,16.0,1.0
2024-06-12 17:41:35,2024-06-12 17:57:35,海淀区,昌平区,25.3,7.9
2024-06-26 10:34:35,2024-06-26 10:45:35,朝阳区,昌平区,23.9,7.6
2024-06-17 18:48:18,2024-06-17 18:51:18,通州区,门头沟区,17.6,1.0
2024-06-27 13:00:06,2024-06-27 13:14:06,通州区,门头沟区,25.2,6.7
2024-06-17 19:07:29,2024-06-17 19:27:29,东城区,房山区,31.7,9.1
2024-06-06 18:22:48,2024-06-06 18:31:48,东城区,通州区,20.5,4.4
2024-06-06 13:13:43,2024-06-06 13:44:43,顺义区,房山区,44.4,16.2
2024-06-07 14:25:48,2024-06-07 14:45:48,朝阳区,东城区,37.1,12.0
2024-06-16 08:45:13,2024-06-16 09:20:13,海淀区,房山区,47.9,16.6
2024-06-23 18:15:41,2024-06-23 18:37:41,东城区,石景山区,38.2,12.8
2024-06-24 12:17:13,2024-06-24 12:56:13,朝阳区,丰台区,24.0,7.3
2024-06-25 11:33:57,2024-06-25 11:50:57,海淀区,门头沟区,24.4,7.2
2024-06-30 17:30:43,2024-06-30 17:47:43,海淀区,门头沟区,29.9,9.1
2024-06-29 17:13:51,2024-06-29 17:19:51,朝阳区,昌平区,18.7,3.9
2024-06-25 11:26:14,2024-06-25 11:46:14,朝阳区,顺义区,32.1,9.3
2024-06-11 19:27:55,2024-06-11 19:42:55,西城区,西城区,26.7,7.9
2024-06-01 15:32:25,2024-06-01 15:39:25,朝阳区,海淀区,14.9,3.3
2024-06-06 18:20:51,2024-06-06 18:28:51,西城区,西城区,20.3,5.8
2024-06-25 07:20:18,2024-06-25 07:27:18,昌平区,西城区,16.9,3.5
2024-06-18 16:22:56,2024-06-18 16:32:56,门头沟区,丰台区,30.5,9.0
2024-06-19 07:19:10,2024-06-19 07:34:10,西城区,通州区,22.0,6.8
2024-06-13 21:53:36,2024-06-13 22:02:36,丰台区,通州区,15.7,3.8
2024-06-02 13:40:42,2024-06-02 13:57:42,丰台区,房山区,25.5,8.1
2024-06-12 15:39:35,2024-06-12 16:17:35,大兴区,朝阳区,51.4,18.6
2024-06-20 14:58:31,2024-06-20 15:26:31,丰台区,房山区,36.9,11.6
2024-06-09 14:56:50,2024-06-09 15:21:50,大兴区,东城区,42.5,15.4
2024-06-13 13:49:59,2024-06-13 13:55:59,海淀区,昌平区,16.6,1.7
2024-06-09 12:52:27,2024-06-09 13:09:27,东城区,房山区,36.0,10.9
2024-06-16 17:28:06,2024-06-16 17:43:06,西城区,朝阳区,21.7,6.3
2024-06-03 12:38:10,2024-06-03 12:41:10,顺义区,石景山区,14.5,1.4
2024-06-11 13:52:46,2024-06-11 14:25:46,丰台区,顺义区,61.2,22.5
2024-06-05 12:48:03,2024-06-05 12:52:03,昌平区,大兴区,16.3,2.5
2024-06-12 12:30:55,2024-06-12 13:15:55,东城区,东城区,39.4,14.2
2024-07-01 18:29:22,2024-07-01 18:50:22,朝阳区,东城区,30.8,9.6
2024-06-16 15:50:18,2024-06-16 16:01:18,房山区,房山区,26.5,8.6
2024-06-24 15:09:52,2024-06-24 15:41:52,海淀区,门头沟区,50.8,18.5
2024-06-23 11:27:21,2024-06-23 11:42:21,昌平区,大兴区,33.5,11.5
2024-06-09 07:57:00,2024-06-09 08:17:00,朝阳区,门头沟区,31.0,9.2
2024-06-23 14:26:29,2024-06-23 14:43:29,海淀区,东城区,22.7,6.8
2024-06-03 11:09:27,2024-06-03 11:12:27,西城区,昌平区,13.6,1.7
2024-06-26 14:27:39,2024-06-26 14:45:39,昌平区,东城区,35.8,12.0
2024-07-01 16:27:24,2024-07-01 16:44:24,海淀区,丰台区,27.3,9.2
2024-06-12 23:22:36,2024-06-12 23:40:36,海淀区,西城区,31.0,10.1
2024-06-07 11:24:06,2024-06-07 11:54:06,通州区,东城区,41.7,15.2
2024-06-05 14:09:21,2024-06-05 14:16:21,通州区,昌平区,19.9,4.1
2024-06-03 01:09:31,2024-06-03 01:15:31,朝阳区,朝阳区,14.6,3.3
2024-06-06 14:39:46,2024-06-06 15:20:46,朝阳区,房山区,29.6,9.7
2024-06-09 18:59:06,2024-06-09 19:26:06,顺义区,昌平区,49.3,18.4
2024-06-24 12:32:04,2024-06-24 12:47:04,海淀区,东城区,36.2,11.2
2024-06-29 08:18:21,2024-06-29 09:01:21,东城区,房山区,38.7,12.9
2024-06-18 16:30:25,2024-06-18 16:47:25,朝阳区,东城区,16.3,3.5
2024-06-19 17:48:15,2024-06-19 18:20:15,丰台区,房山区,30.1,9.7
2024-06-15 21:21:58,2024-06-15 21:47:58,昌平区,东城区,34.4,11.7
2024-06-06 16:28:46,2024-06-06 16:57:46,顺义区,顺义区,40.9,13.9
2024-07-01 18:46:18,2024-07-01 19:03:18,丰台区,大兴区,34.1,10.3
2024-06-20 13:46:50,2024-06-20 14:07:50,大兴区,顺义区,34.0,10.8
2024-06-20 18:36:37,2024-06-20 18:59:37,西城区,通州区,32.0,10.4
2024-06-12 13:32:08,2024-06-12 13:44:08,西城区,大兴区,20.4,5.9
2024-06-19 18:46:36,2024-06-19 18:57:36,海淀区,通州区,23.4,7.1
2024-06-11 13:28:13,2024-06-11 13:56:13,西城区,昌平区,46.0,16.8
2024-06-20 08:18:55,2024-06-20 08:38:55,海淀区,丰台区,27.5,7.4
2024-06-28 21:01:20,2024-06-28 21:04:20,朝阳区,昌平区,16.1,1.0
2024-06-24 07:52:02,2024-06-24 08:10:02,海淀区,西城区,36.0,12.1
2024-06-24 14:42:58,2024-06-24 14:48:58,朝阳区,海淀区,16.3,3.6
2024-06-26 09:26:53,2024-06-26 09:40:53,海淀区,通州区,23.7,6.6
2024-06-02 17:27:11,2024-06-02 17:48:11,海淀区,海淀区,35.2,12.1
2024-06-06 07:02:04,2024-06-06 08:31:04,朝阳区,东城区,40.8,14.8
2024-06-30 23:47:50,2024-07-01 00:07:50,朝阳区,昌平区,35.2,11.6
2024-06-10 18:56:36,2024-06-10 19:12:36,海淀区,丰台区,24.0,6.7
2024-06-14 19:02:03,2024-06-14 19:11:03,东城区,东城区,17.3,2.3
2024-06-06 11:34:42,2024-06-06 11:45:42,丰台区,房山区,27.8,7.3
2024-06-19 09:12:39,2024-06-19 09:27:39,丰台区,丰台区,25.0,8.2
2024-06-26 20:43:03,2024-06-26 21:03:03,海淀区,顺义区,40.6,13.3
2024-06-07 12:32:18,2024-06-07 12:42:18,海淀区,大兴区,24.5,7.8
2024-06-08 13:57:45,2024-06-08 14:17:45,东城区,通州区,27.7,8.3
2024-06-02 13:12:18,2024-06-02 13:25:18,海淀区,房山区,29.4,10.0
2024-06-10 12:53:54,2024-06-10 15:09:54,海淀区,昌平区,63.2,22.7
2024-06-11 08:06:10,2024-06-11 08:24:10,东城区,昌平区,32.8,9.6
2024-06-06 17:04:33,2024-06-06 17:18:33,朝阳区,顺义区,24.6,7.2
2024-06-04 17:56:12,2024-06-04 18:12:12,通州区,海淀区,29.3,8.4
2024-06-21 23:13:23,2024-06-21 23:22:23,大兴区,海淀区,21.1,5.4
2024-06-28 18:16:06,2024-06-28 18:19:06,西城区,门头沟区,14.8,1.0
2024-06-14 22:27:39,2024-06-14 22:38:39,朝阳区,房山区,21.9,5.8
2024-06-27 00:00:04,2024-06-27 00:29:04,石景山区,大兴区,32.4,9.5
2024-06-26 02:01:03,2024-06-26 02:22:03,西城区,西城区,30.0,10.3
2024-07-01 11:17:47,2024-07-01 11:26:47,顺义区,房山区,22.1,4.8
2024-06-28 07:48:13,2024-06-28 07:54:13,房山区,房山区,18.9,3.4
2024-06-24 19:28:58,2024-06-24 19:48:58,通州区,朝阳区,33.5,10.3
2024-06-08 13:43:22,2024-06-08 13:51:22,大兴区,昌平区,18.4,3.7
2024-06-30 18:14:23,2024-06-30 18:25:23,朝阳区,石景山区,25.1,6.9
2024-06-25 09:54:26,2024-06-25 09:58:26,朝阳区,丰台区,14.9,1.3
2024-06-01 13:02:47,2024-06-01 13:21:47,西城区,丰台区,44.3,14.8
2024-06-16 19:25:30,2024-06-16 19:33:30,朝阳区,石景山区,19.7,5.5
2024-06-14 09:22:17,2024-06-14 09:44:17,顺义区,大兴区,21.0,6.2
2024-06-27 10:50:13,2024-06-27 11:00:13,丰台区,丰台区,19.5,3.8
2024-06-03 16:04:22,2024-06-03 16:15:22,朝阳区,顺义区,24.1,6.0
2024-06-05 18:13:28,2024-06-05 18:22:28,西城区,顺义区,17.9,4.2
2024-06-04 10:41:13,2024-06-04 10:44:13,东城区,房山区,13.2,1.0
2024-06-15 13:40:18,2024-06-15 14:12:18,通州区,大兴区,47.0,16.0
2024-06-26 16:50:34,2024-06-26 17:03:34,西城区,海淀区,20.5,6.0
2024-06-15 17:59:23,2024-06-15 18:02:23,朝阳区,昌平区,14.3,1.0
2024-06-16 21:14:31,2024-06-16 21:52:31,房山区,西城区,43.8,14.6
2024-06-15 11:59:00,2024-06-15 12:37:00,朝阳区,顺义区,48.6,16.5
2024-07-01 08:04:35,2024-07-01 08:20:35,海淀区,东城区,15.7,3.7
2024-06-05 08:56:21,2024-06-05 09:33:21,房山区,海淀区,53.5,20.4
2024-06-05 22:11:24,2024-06-05 22:17:24,门头沟区,丰台区,15.6,3.1
2024-06-15 11:39:01,2024-06-15 12:13:01,海淀区,海淀区,43.1,14.1
2024-06-19 19:16:01,2024-06-19 19:44:01,房山区,门头沟区,33.2,11.4
2024-06-12 08:50:15,2024-06-12 09:13:15,石景山区,朝阳区,39.2,14.3
2024-06-06 19:02:03,2024-06-06 20:05:03,西城区,石景山区,35.9,12.3
2024-06-22 10:52:28,2024-06-22 10:58:28,朝阳区,顺义区,18.3,3.8
2024-06-30 18:24:18,2024-06-30 18:40:18,海淀区,昌平区,16.6,3.7
2024-06-20 17:14:42,2024-06-20 17:40:42,房山区,海淀区,46.6,15.6
2024-06-20 17:45:30,2024-06-20 17:55:30,东城区,东城区,19.5,3.8
2024-06-16 09:22:01,2024-06-16 09:25:01,海淀区,顺义区,15.2,1.1
2024-06-19 10:55:21,2024-06-19 11:01:21,昌平区,昌平区,13.7,2.9
2024-06-14 11:07:44,2024-06-14 11:13:44,房山区,西城区,16.8,3.3
2024-06-20 11:31:47,2024-06-20 12:12:47,西城区,顺义区,38.3,13.8
2024-06-03 11:15:55,2024-06-03 11:48:55,西城区,东城区,38.8,13.2
2024-06-28 18:58:13,2024-06-28 19:08:13,通州区,西城区,19.0,3.5
2024-06-26 19:18:56,2024-06-26 19:21:56,东城区,东城区,14.6,1.2
2024-06-16 11:45:21,2024-06-16 12:01:21,海淀区,门头沟区,22.7,5.5
2024-06-13 18:21:57,2024-06-13 18:34:57,朝阳区,朝阳区,32.0,10.0
2024-06-30 09:52:16,2024-06-30 09:57:16,朝阳区,石景山区,13.6,2.8
2024-06-29 18:34:59,2024-06-29 18:37:59,通州区,海淀区,15.6,2.1
2024-06-01 12:35:54,2024-06-01 12:50:54,房山区,东城区,29.1,10.0
2024-06-19 08:29:45,2024-06-19 08:42:45,海淀区,丰台区,26.5,8.5
2024-06-15 19:02:28,2024-06-15 19:20:28,东城区,西城区,37.7,13.0
2024-06-30 12:00:02,2024-06-30 12:18:02,朝阳区,西城区,19.9,5.4
2024-06-10 12:51:30,2024-06-10 12:59:30,石景山区,通州区,20.9,4.5
2024-06-13 11:00:01,2024-06-13 11:20:01,大兴区,大兴区,36.1,11.9
2024-06-11 20:32:27,2024-06-11 20:52:27,朝阳区,昌平区,27.8,8.3
2024-06-15 14:03:47,2024-06-15 14:13:47,门头沟区,海淀区,18.7,5.1
2024-06-29 05:04:20,2024-06-29 05:09:20,东城区,朝阳区,17.3,2.0
2024-06-10 18:43:00,2024-06-10 18:57:00,昌平区,丰台区,31.4,10.8
2024-06-05 11:57:46,2024-06-05 12:13:46,昌平区,昌平区,28.3,8.3
2024-06-22 16:22:02,2024-06-22 17:01:02,通州区,昌平区,43.7,14.6
2024-06-09 12:37:11,2024-06-09 13:18:11,西城区,丰台区,38.4,13.7
2024-06-26 15:07:52,2024-06-26 15:36:52,东城区,昌平区,26.4,7.9
2024-06-25 13:19:06,2024-06-25 13:42:06,丰台区,海淀区,32.0,10.8
2024-06-24 12:50:10,2024-06-24 13:20:10,海淀区,房山区,35.7,11.9
2024-06-04 14:33:35,2024-06-04 15:30:35,西城区,海淀区,44.5,16.3
2024-06-23 22:59:23,2024-06-23 23:33:23,海淀区,昌平区,19.1,5.6
2024-06-24 09:00:26,2024-06-24 09:03:26,昌平区,通州区,13.6,1.0
2024-06-18 12:23:41,2024-06-18 12:55:41,丰台区,昌平区,50.3,17.3
2024-06-27 18:23:03,2024-06-27 19:08:03,西城区,丰台区,40.9,14.1
2024-06-30 17:16:33,2024-06-30 17:42:33,门头沟区,通州区,35.5,12.3
2024-06-29 17:28:02,2024-06-29 17:49:02,昌平区,门头沟区,32.0,9.6
2024-06-14 11:19:24,2024-06-14 11:23:24,顺义区,通州区,17.6,2.0
2024-06-08 10:24:57,2024-06-08 10:55:57,西城区,朝阳区,35.9,11.8
2024-06-06 18:30:52,2024-06-06 19:06:52,通州区,昌平区,43.3,15.8
2024-06-11 13:10:37,2024-06-11 13:41:37,丰台区,丰台区,41.6,14.1
2024-06-18 14:15:43,2024-06-18 14:39:43,顺义区,朝阳区,32.1,9.7
2024-07-01 17:27:44,2024-07-01 17:43:44,通州区,门头沟区,25.3,7.7
2024-06-15 19:47:54,2024-06-15 20:03:54,大兴区,朝阳区,32.6,10.7
2024-06-23 16:59:47,2024-06-23 17:24:47,海淀区,大兴区,52.7,18.1
2024-06-20 19:38:34,2024-06-20 20:08:34,大兴区,海淀区,53.1,19.3
2024-06-03 13:23:28,2024-06-03 13:45:28,朝阳区,大兴区,41.3,13.2
2024-06-23 20:53:43,2024-06-23 21:32:43,石景山区,房山区,52.2,18.1
2024-06-03 12:12:02,2024-06-03 12:44:02,东城区,门头沟区,39.9,12.7
2024-06-21 17:49:17,2024-06-21 18:22:17,房山区,丰台区,39.9,13.7
2024-06-28 19:36:49,2024-06-28 19:48:49,大兴区,通州区,26.6,8.2
2024-06-10 17:27:23,2024-06-10 17:41:23,房山区,东城区,35.2,11.8
2024-06-16 13:58:24,2024-06-16 14:13:24,西城区,房山区,21.7,5.9
2024-06-22 14:20:46,2024-06-22 15:50:46,通州区,昌平区,45.5,15.0
2024-06-26 08:03:19,2024-06-26 08:35:19,东城区,门头沟区,38.5,13.6
2024-06-30 19:26:34,2024-06-30 19:36:34,房山区,昌平区,20.8,4.6
2024-07-01 18:49:19,2024-07-01 19:00:19,西城区,丰台区,31.9,9.3
2024-06-27 13:42:19,2024-06-27 13:45:19,通州区,西城区,13.1,1.0
2024-06-27 13:15:14,2024-06-27 13:51:14,顺义区,海淀区,50.4,17.9
2024-06-07 13:52:08,2024-06-07 13:55:08,丰台区,房山区,15.0,1.0
2024-06-24 14:56:28,2024-06-24 15:30:28,通州区,顺义区,35.7,11.0
2024-06-15 21:58:36,2024-06-15 22:31:36,通州区,西城区,40.2,14.5
2024-07-01 09:23:30,2024-07-01 09:36:30,顺义区,东城区,25.9,6.6
2024-06-08 19:42:03,2024-06-08 20:02:03,海淀区,房山区,38.1,12.8
2024-06-13 11:05:30,2024-06-13 11:13:30,西城区,西城区,21.5,5.6
2024-06-30 11:26:01,2024-06-30 11:40:01,东城区,朝阳区,33.9,10.0
2024-06-22 20:22:12,2024-06-22 20:36:12,通州区,丰台区,24.0,7.7
2024-06-17 17:58:50,2024-06-17 18:39:50,朝阳区,门头沟区,46.2,15.8
2024-06-23 11:39:21,2024-06-23 12:28:21,海淀区,门头沟区,40.2,14.5
2024-06-05 07:16:00,2024-06-05 07:31:00,西城区,房山区,30.1,9.1
2024-06-23 13:38:24,2024-06-23 14:20:24,门头沟区,房山区,35.1,11.1
2024-07-01 12:36:07,2024-07-01 12:46:07,朝阳区,房山区,21.3,5.1
2024-06-16 20:34:16,2024-06-16 21:17:16,通州区,东城区,50.9,18.3
2024-06-28 15:46:50,2024-06-28 15:49:50,西城区,海淀区,15.7,1.0
2024-06-16 13:40:35,2024-06-16 14:02:35,海淀区,西城区,30.3,9.7
2024-06-29 21:06:34,2024-06-29 21:12:34,大兴区,朝阳区,16.1,1.0
2024-06-14 21:46:56,2024-06-14 22:11:56,朝阳区,门头沟区,31.6,10.6
2024-06-16 09:40:14,2024-06-16 10:08:14,海淀区,东城区,43.8,14.8
2024-07-01 11:16:40,2024-07-01 11:35:40,朝阳区,通州区,24.5,6.0
2024-07-01 18:20:50,2024-07-01 18:26:50,大兴区,石景山区,17.1,1.0
2024-06-29 13:07:14,2024-06-29 13:55:14,海淀区,房山区,32.8,11.5
2024-06-28 23:37:45,2024-06-28 23:51:45,海淀区,房山区,43.9,14.3
2024-06-24 09:12:54,2024-06-24 09:24:54,西城区,顺义区,17.2,3.4
2024-07-01 12:06:17,2024-07-01 12:16:17,朝阳区,海淀区,18.0,4.6
2024-06-15 10:12:44,2024-06-15 10:38:44,昌平区,石景山区,47.4,17.2
2024-06-22 17:02:45,2024-06-22 17:35:45,门头沟区,房山区,31.8,11.0
2024-06-14 18:36:41,2024-06-14 18:40:41,朝阳区,门头沟区,13.2,2.2
2024-07-01 13:27:14,2024-07-01 13:34:14,朝阳区,大兴区,16.5,3.3
2024-06-11 11:34:55,2024-06-11 11:38:55,丰台区,大兴区,16.5,1.3
2024-06-24 13:16:31,2024-06-24 13:33:31,石景山区,门头沟区,30.0,9.7
2024-06-17 15:23:27,2024-06-17 15:49:27,房山区,东城区,34.2,11.0
2024-06-17 05:45:43,2024-06-17 06:08:43,海淀区,通州区,42.6,15.6
2024-07-01 07:39:43,2024-07-01 08:08:43,昌平区,大兴区,32.2,11.0
2024-06-03 12:05:20,2024-06-03 12:10:20,通州区,门头沟区,14.4,2.8
2024-06-07 17:22:43,2024-06-07 17:40:43,房山区,房山区,30.7,9.9
2024-06-22 17:00:03,2024-06-22 17:16:03,通州区,顺义区,32.7,10.2
2024-06-09 07:57:52,2024-06-09 08:00:52,房山区,门头沟区,15.6,1.0
2024-06-03 12:50:43,2024-06-03 12:58:43,房山区,丰台区,22.4,5.0
2024-06-19 16:10:31,2024-06-19 16:30:31,石景山区,房山区,31.5,10.8
2024-06-14 12:02:48,2024-06-14 12:09:48,东城区,海淀区,19.1,4.9
2024-06-11 09:36:46,2024-06-11 09:57:46,昌平区,西城区,32.0,10.9
2024-06-12 12:09:34,2024-06-12 12:26:34,石景山区,房山区,28.5,8.9
2024-06-26 12:28:39,2024-06-26 12:40:39,房山区,大兴区,18.0,4.6
2024-06-26 18:38:53,2024-06-26 18:49:53,朝阳区,通州区,29.0,9.3
2024-06-15 18:54:58,2024-06-15 19:04:58,海淀区,丰台区,24.7,6.3
2024-06-16 13:54:17,2024-06-16 14:07:17,丰台区,东城区,23.4,7.4
2024-06-19 21:22:27,2024-06-19 21:37:27,丰台区,海淀区,38.9,12.3
2024-06-15 13:23:02,2024-06-15 14:06:02,东城区,门头沟区,41.3,13.6
2024-06-22 02:13:24,2024-06-22 02:30:24,大兴区,东城区,25.2,6.7
2024-06-14 19:37:54,2024-06-14 19:49:54,海淀区,门头沟区,31.0,8.7
2024-06-04 15:07:43,2024-06-04 15:10:43,房山区,通州区,15.3,1.0
2024-06-16 11:07:59,2024-06-16 11:28:59,丰台区,大兴区,40.4,14.4
2024-06-07 16:01:23,2024-06-07 16:19:23,丰台区,朝阳区,40.1,13.0
2024-06-27 18:26:05,2024-06-27 18:41:05,顺义区,门头沟区,22.9,6.5
2024-06-03 09:38:33,2024-06-03 09:42:33,门头沟区,房山区,14.6,3.0
2024-06-22 07:18:57,2024-06-22 07:48:57,顺义区,东城区,45.3,15.5
2024-06-09 14:31:09,2024-06-09 14:44:09,石景山区,通州区,32.6,9.4
2024-06-02 09:30:23,2024-06-02 09:50:23,昌平区,石景山区,38.8,12.1
2024-06-30 21:14:20,2024-06-30 21:18:20,东城区,丰台区,16.3,2.6
2024-06-21 17:32:54,2024-06-21 17:49:54,西城区,海淀区,31.0,10.5
2024-06-28 09:24:45,2024-06-28 09:36:45,朝阳区,昌平区,22.7,5.6
2024-06-09 11:19:42,2024-06-09 11:27:42,朝阳区,顺义区,27.0,7.3
2024-06-12 09:54:09,2024-06-12 10:06:09,东城区,朝阳区,26.5,7.4
2024-06-02 09:15:41,2024-06-02 09:24:41,房山区,朝阳区,24.8,6.2
2024-06-29 18:11:50,2024-06-29 18:31:50,朝阳区,大兴区,19.9,5.7
2024-06-27 07:04:32,2024-06-27 07:35:32,昌平区,石景山区,44.9,16.4
2024-06-27 12:37:14,2024-06-27 12:47:14,顺义区,通州区,15.6,2.8
2024-06-07 15:02:12,2024-06-07 15:29:12,石景山区,顺义区,35.1,10.6
2024-06-09 22:00:30,2024-06-09 22:05:30,西城区,顺义区,15.9,3.8
2024-06-08 07:37:38,2024-06-08 07:41:38,丰台区,顺义区,16.8,1.9
2024-06-26 12:05:02,2024-06-26 12:28:02,通州区,朝阳区,22.7,5.5
2024-06-17 18:22:52,2024-06-17 18:27:52,朝阳区,海淀区,15.1,1.3
2024-06-20 11:14:15,2024-06-20 11:32:15,丰台区,门头沟区,24.4,7.8
2024-06-28 08:27:36,2024-06-28 08:39:36,通州区,门头沟区,22.0,5.8
2024-06-25 07:35:31,2024-06-25 07:45:31,海淀区,石景山区,25.1,7.4
2024-06-03 09:19:02,2024-06-03 09:33:02,石景山区,门头沟区,27.4,7.1
2024-06-05 12:55:41,2024-06-05 13:06:41,昌平区,门头沟区,25.1,6.6
2024-06-14 20:20:47,2024-06-14 20:41:47,海淀区,东城区,36.1,12.5
2024-06-06 13:52:06,2024-06-06 14:00:06,海淀区,石景山区,21.2,5.1
2024-06-10 12:32:28,2024-06-10 13:01:28,房山区,昌平区,40.3,13.2
2024-06-05 12:46:14,2024-06-05 13:00:14,东城区,海淀区,21.2,5.9
2024-06-27 17:59:22,2024-06-27 18:08:22,朝阳区,昌平区,22.9,6.9
2024-06-19 12:39:32,2024-06-19 12:55:32,西城区,朝阳区,21.6,6.7
2024-06-25 18:56:34,2024-06-25 19:15:34,海淀区,门头沟区,33.7,9.9
2024-06-06 15:33:06,2024-06-06 15:45:06,顺义区,通州区,36.4,11.3
2024-06-12 14:54:43,2024-06-12 14:58:43,大兴区,门头沟区,13.3,2.5
2024-06-16 09:02:35,2024-06-16 09:05:35,东城区,顺义区,17.3,1.0
2024-06-14 12:00:09,2024-06-14 12:10:09,朝阳区,西城区,29.9,8.3
2024-06-17 08:34:08,2024-06-17 08:59:08,西城区,东城区,42.6,14.0
2024-06-11 17:50:13,2024-06-11 18:01:13,朝阳区,朝阳区,27.6,8.4
2024-06-19 09:31:33,2024-06-19 09:41:33,西城区,门头沟区,22.6,6.6
2024-06-18 18:24:05,2024-06-18 18:54:05,海淀区,海淀区,35.9,11.6
2024-06-26 08:10:22,2024-06-26 08:30:22,昌平区,门头沟区,43.6,15.9
2024-06-24 11:32:50,2024-06-24 12:00:50,朝阳区,朝阳区,45.1,15.1
2024-06-22 17:42:29,2024-06-22 18:01:29,东城区,门头沟区,25.1,7.9
2024-06-21 08:18:30,2024-06-21 08:41:30,丰台区,门头沟区,32.2,9.8
2024-06-24 19:57:41,2024-06-24 20:27:41,大兴区,东城区,39.0,13.4
2024-06-29 18:18:43,2024-06-29 18:27:43,丰台区,东城区,14.2,3.2
2024-06-15 09:38:04,2024-06-15 10:04:04,通州区,门头沟区,40.4,13.9
2024-06-05 09:10:41,2024-06-05 09:38:41,顺义区,石景山区,32.1,11.2
2024-06-28 09:19:21,2024-06-28 09:47:21,大兴区,丰台区,28.4,8.9
2024-06-09 12:37:11,2024-06-09 13:12:11,东城区,昌平区,35.9,11.4
2024-06-07 13:15:22,2024-06-07 14:15:22,朝阳区,通州区,41.9,14.0
2024-06-29 09:47:39,2024-06-29 10:03:39,丰台区,丰台区,24.7,7.5
2024-06-29 19:21:50,2024-06-29 19:33:50,大兴区,东城区,27.1,7.3
2024-06-19 14:20:00,2024-06-19 14:39:00,丰台区,顺义区,35.0,12.2
2024-06-04 11:49:56,2024-06-04 12:01:56,石景山区,东城区,26.0,7.2
2024-06-08 17:26:03,2024-06-08 17:30:03,西城区,大兴区,14.8,3.1
2024-06-18 13:05:51,2024-06-18 13:13:51,东城区,海淀区,18.5,4.0
2024-06-16 17:18:13,2024-06-16 17:32:13,顺义区,西城区,17.4,3.1
2024-06-02 17:38:05,2024-06-02 17:50:05,东城区,昌平区,26.7,7.5
2024-06-19 18:37:20,2024-06-19 19:18:20,丰台区,通州区,45.7,16.1
2024-06-03 12:13:30,2024-06-03 12:28:30,大兴区,海淀区,29.5,8.9
2024-06-07 18:39:09,2024-06-07 19:25:09,东城区,顺义区,52.1,18.8
2024-06-24 11:22:09,2024-06-24 11:35:09,顺义区,昌平区,26.4,8.0
2024-06-09 13:10:38,2024-06-09 13:17:38,东城区,丰台区,16.0,3.7
2024-06-25 08:00:17,2024-06-25 08:10:17,顺义区,西城区,23.3,6.6
2024-06-09 07:17:12,2024-06-09 07:38:12,西城区,通州区,30.5,9.4
2024-06-04 00:30:16,2024-06-04 00:33:16,朝阳区,门头沟区,14.7,1.0
2024-06-06 13:14:47,2024-06-06 13:33:47,石景山区,西城区,24.6,8.0
2024-06-02 18:29:46,2024-06-02 18:44:46,房山区,石景山区,27.2,8.8
2024-06-24 22:41:04,2024-06-24 23:04:04,朝阳区,顺义区,38.3,12.0
2024-06-01 11:26:55,2024-06-01 11:34:55,通州区,石景山区,25.6,6.5
2024-06-25 17:09:14,2024-06-25 17:54:14,东城区,房山区,27.2,7.5
2024-06-24 12:44:34,2024-06-24 13:12:34,房山区,房山区,31.3,10.9
2024-06-06 14:13:18,2024-06-06 14:17:18,丰台区,西城区,14.4,2.3
2024-06-03 16:10:44,2024-06-03 16:43:44,大兴区,通州区,25.3,7.0
2024-06-03 03:40:25,2024-06-03 04:01:25,朝阳区,朝阳区,39.5,12.7
2024-06-13 16:58:12,2024-06-13 17:25:12,西城区,石景山区,28.4,8.4
2024-06-05 09:32:34,2024-06-05 09:54:34,顺义区,东城区,38.7,12.2
2024-06-22 19:58:12,2024-06-22 20:08:12,海淀区,海淀区,20.0,5.5
2024-06-18 07:52:52,2024-06-18 07:55:52,东城区,通州区,16.2,1.0
2024-06-11 08:03:28,2024-06-11 08:35:28,西城区,门头沟区,28.7,9.6
2024-06-01 13:00:11,2024-06-01 13:22:11,通州区,门头沟区,25.3,6.6
2024-06-29 09:51:10,2024-06-29 10:23:10,西城区,房山区,39.8,13.3
2024-06-07 13:05:00,2024-06-07 13:25:00,朝阳区,西城区,30.9,10.1
2024-06-23 17:07:40,2024-06-23 17:32:40,石景山区,朝阳区,39.5,12.4
2024-06-05 19:17:13,2024-06-05 21:05:13,昌平区,房山区,56.3,20.2
2024-06-05 11:36:25,2024-06-05 12:00:25,西城区,房山区,45.3,15.7
2024-06-12 15:44:27,2024-06-12 15:54:27,海淀区,朝阳区,16.8,4.5
2024-06-28 08:44:59,2024-06-28 09:55:59,海淀区,海淀区,47.6,16.4
2024-06-24 08:03:11,2024-06-24 08:07:11,海淀区,大兴区,13.4,2.2
2024-06-25 20:55:34,2024-06-25 21:16:34,东城区,顺义区,24.8,7.9
2024-06-20 08:31:22,2024-06-20 08:34:22,大兴区,房山区,17.3,1.0
2024-06-18 17:16:13,2024-06-18 17:33:13,东城区,丰台区,23.1,6.7
2024-06-07 09:11:55,2024-06-07 09:42:55,丰台区,石景山区,35.5,11.2
2024-06-05 13:05:49,2024-06-05 13:08:49,顺义区,海淀区,14.1,1.0
2024-06-05 10:03:38,2024-06-05 10:06:38,东城区,通州区,15.4,1.7
2024-06-28 07:46:08,2024-06-28 08:11:08,门头沟区,东城区,32.5,10.1
2024-06-10 15:22:27,2024-06-10 15:42:27,丰台区,东城区,19.7,5.2
2024-06-24 19:49:20,2024-06-24 20:00:20,海淀区,海淀区,26.0,7.6
2024-06-17 15:14:34,2024-06-17 15:23:34,西城区,石景山区,24.2,7.5
2024-06-22 08:31:09,2024-06-22 09:08:09,朝阳区,顺义区,37.1,12.1
2024-06-21 08:19:07,2024-06-21 08:43:07,门头沟区,西城区,30.7,9.1
2024-06-26 08:47:35,2024-06-26 09:09:35,朝阳区,东城区,36.5,12.3
2024-06-14 09:12:25,2024-06-14 09:16:25,海淀区,朝阳区,15.4,2.3
2024-06-10 12:18:51,2024-06-10 12:51:51,顺义区,石景山区,20.7,5.5
2024-06-13 14:49:32,2024-06-13 15:00:32,丰台区,门头沟区,25.6,7.6
2024-06-14 12:01:46,2024-06-14 12:10:46,丰台区,朝阳区,18.9,3.4
2024-06-17 13:23:08,2024-06-17 13:36:08,海淀区,门头沟区,21.7,5.7
2024-06-11 17:41:37,2024-06-11 18:13:37,房山区,昌平区,35.1,11.5
2024-06-05 17:43:35,2024-06-05 18:01:35,丰台区,朝阳区,35.4,11.4
2024-06-22 13:49:43,2024-06-22 13:55:43,丰台区,海淀区,14.6,2.6
2024-06-05 09:24:42,2024-06-05 09:45:42,东城区,东城区,23.0,6.8
2024-06-19 05:25:06,2024-06-19 05:48:06,东城区,西城区,23.4,6.5
2024-06-12 19:04:18,2024-06-12 19:25:18,顺义区,通州区,36.6,11.7
2024-06-11 11:14:34,2024-06-11 11:31:34,海淀区,西城区,35.4,12.7
2024-06-23 23:47:35,2024-06-23 23:50:35,东城区,西城区,13.7,1.6
2024-06-02 18:58:22,2024-06-02 19:17:22,海淀区,大兴区,32.9,11.0
2024-06-04 09:43:42,2024-06-04 09:57:42,西城区,昌平区,22.8,7.2
2024-06-18 17:26:28,2024-06-18 18:06:28,西城区,朝阳区,36.0,11.0
2024-06-19 08:55:00,2024-06-19 09:16:00,朝阳区,海淀区,38.2,13.1
2024-06-24 14:42:14,2024-06-24 15:19:14,朝阳区,朝阳区,44.1,15.0
2024-06-27 12:16:23,2024-06-27 12:37:23,通州区,丰台区,38.1,13.5
2024-06-01 21:51:58,2024-06-01 21:54:58,大兴区,顺义区,14.3,1.0
2024-06-05 04:10:04,2024-06-05 04:19:04,东城区,昌平区,22.6,5.2
2024-06-27 11:05:29,2024-06-27 11:32:29,海淀区,西城区,33.1,10.9
2024-06-17 16:42:28,2024-06-17 17:15:28,东城区,房山区,30.7,9.3
2024-07-01 18:10:41,2024-07-01 18:47:41,通州区,东城区,40.6,14.2
2024-06-05 19:49:19,2024-06-05 20:04:19,通州区,石景山区,29.1,7.9
2024-06-05 08:23:23,2024-06-05 09:03:23,昌平区,朝阳区,35.2,10.9
2024-06-26 21:50:00,2024-06-26 22:22:00,海淀区,丰台区,39.9,14.0
2024-06-30 03:31:16,2024-06-30 04:02:16,门头沟区,昌平区,44.7,15.8
2024-06-25 15:28:08,2024-06-25 15:39:08,海淀区,门头沟区,17.7,4.6
2024-06-03 15:09:06,2024-06-03 15:23:06,大兴区,朝阳区,20.3,5.5
2024-06-17 17:49:46,2024-06-17 18:02:46,朝阳区,朝阳区,21.4,6.3
2024-06-05 11:13:14,2024-06-05 11:26:14,昌平区,海淀区,20.1,5.5
2024-06-05 11:34:04,2024-06-05 11:54:04,海淀区,顺义区,23.0,6.2
2024-06-05 11:53:17,2024-06-05 12:28:17,房山区,顺义区,30.1,10.4
2024-06-01 12:02:20,2024-06-01 12:05:20,丰台区,东城区,16.8,1.0
2024-06-04 21:37:23,2024-06-04 22:01:23,朝阳区,门头沟区,33.2,9.7
2024-06-03 10:01:51,2024-06-03 10:17:51,东城区,东城区,30.6,10.1
2024-07-01 19:11:45,2024-07-01 19:25:45,海淀区,海淀区,29.2,8.2
2024-06-04 11:44:36,2024-06-04 11:50:36,大兴区,通州区,18.7,3.5
2024-06-27 07:25:22,2024-06-27 08:02:22,顺义区,大兴区,45.9,16.2
2024-06-23 13:51:05,2024-06-23 14:00:05,东城区,门头沟区,16.9,4.0
2024-06-09 12:03:04,2024-06-09 12:22:04,大兴区,顺义区,23.8,7.1
2024-06-09 23:55:38,2024-06-10 00:10:38,丰台区,通州区,24.2,7.7
2024-06-21 11:32:37,2024-06-21 11:41:37,通州区,石景山区,18.0,4.6
2024-06-07 11:27:40,2024-06-07 11:54:40,东城区,顺义区,41.5,14.1
2024-06-09 17:45:29,2024-06-09 17:48:29,东城区,朝阳区,13.8,1.0
2024-06-01 08:54:48,2024-06-01 09:15:48,朝阳区,通州区,44.9,15.1
2024-06-26 12:22:12,2024-06-26 12:33:12,顺义区,朝阳区,19.9,4.8
2024-06-28 08:13:56,2024-06-28 08:18:56,东城区,朝阳区,17.1,1.8
2024-06-04 09:06:08,2024-06-04 09:20:08,朝阳区,顺义区,19.6,5.2
2024-06-03 08:11:18,2024-06-03 08:45:18,丰台区,东城区,20.6,5.7
2024-06-30 16:29:43,2024-06-30 16:39:43,石景山区,丰台区,26.0,7.0
2024-06-30 19:43:57,2024-06-30 20:17:57,西城区,朝阳区,45.5,15.3
2024-06-01 17:27:40,2024-06-01 17:50:40,东城区,朝阳区,45.6,16.4
2024-06-21 19:26:07,2024-06-21 19:39:07,海淀区,丰台区,19.4,5.6
2024-06-16 13:25:05,2024-06-16 13:32:05,丰台区,西城区,20.7,4.3
2024-06-25 06:00:14,2024-06-25 06:17:14,海淀区,丰台区,37.3,13.5
2024-06-19 18:07:20,2024-06-19 18:17:20,海淀区,昌平区,20.5,5.9
2024-06-21 12:01:48,2024-06-21 12:22:48,海淀区,朝阳区,31.3,10.8
2024-06-17 17:23:37,2024-06-17 18:02:37,房山区,丰台区,40.1,14.5
2024-06-15 11:39:07,2024-06-15 11:43:07,西城区,海淀区,16.7,2.0
2024-06-21 12:21:19,2024-06-21 12:37:19,通州区,丰台区,30.9,8.8
2024-06-04 23:22:43,2024-06-04 23:38:43,丰台区,西城区,32.1,10.7
2024-06-19 21:29:56,2024-06-19 21:46:56,丰台区,大兴区,35.0,11.0
2024-06-17 18:03:03,2024-06-17 18:41:03,石景山区,东城区,47.8,16.4
2024-06-15 10:36:56,2024-06-15 10:54:56,丰台区,大兴区,34.0,10.2
2024-07-01 23:55:01,2024-07-01 23:58:01,通州区,通州区,14.9,1.0
2024-06-17 16:24:47,2024-06-17 17:11:47,朝阳区,石景山区,30.8,8.7
2024-06-01 07:03:21,2024-06-01 07:46:21,海淀区,大兴区,33.7,10.7
2024-06-12 21:57:04,2024-06-12 22:19:04,丰台区,朝阳区,25.7,8.3
2024-07-01 10:54:03,2024-07-01 11:37:03,西城区,西城区,34.9,12.0
2024-06-16 08:09:37,2024-06-16 09:40:37,东城区,昌平区,45.9,15.2
2024-06-29 16:28:44,2024-06-29 16:31:44,朝阳区,丰台区,14.5,1.0
2024-06-24 05:22:20,2024-06-24 05:25:20,通州区,朝阳区,13.4,1.0
2024-06-29 13:18:08,2024-06-29 13:28:08,朝阳区,顺义区,23.9,7.3
2024-06-24 11:45:36,2024-06-24 11:51:36,昌平区,顺义区,16.1,3.3
2024-06-19 12:20:02,2024-06-19 12:32:02,大兴区,通州区,27.6,8.5
2024-06-01 18:01:49,2024-06-01 18:26:49,通州区,西城区,33.5,10.3
2024-06-13 18:49:34,2024-06-13 19:10:34,石景山区,大兴区,40.1,13.4
2024-06-06 12:48:26,2024-06-06 13:22:26,朝阳区,大兴区,46.8,17.4
2024-06-25 15:13:49,2024-06-25 15:32:49,西城区,东城区,27.8,7.4
2024-06-02 11:57:46,2024-06-02 12:04:46,朝阳区,东城区,19.2,4.7
2024-06-04 08:54:30,2024-06-04 09:00:30,丰台区,顺义区,14.3,3.5
2024-06-27 10:06:41,2024-06-27 10:09:41,通州区,通州区,14.0,1.0
2024-06-24 10:23:32,2024-06-24 10:42:32,通州区,昌平区,30.9,9.4
2024-06-05 08:19:03,2024-06-05 08:54:03,房山区,石景山区,45.2,15.2
2024-06-30 06:52:45,2024-06-30 06:59:45,海淀区,通州区,21.3,5.1
2024-06-29 12:57:47,2024-06-29 13:14:47,西城区,房山区,27.6,8.2
2024-06-17 16:22:08,2024-06-17 16:41:08,海淀区,顺义区,29.8,9.1
2024-06-18 07:35:40,2024-06-18 07:47:40,门头沟区,门头沟区,29.2,8.7
2024-06-07 08:32:12,2024-06-07 08:36:12,顺义区,海淀区,17.7,3.0
2024-06-16 09:06:50,2024-06-16 09:25:50,西城区,昌平区,33.3,10.2
2024-06-25 07:40:24,2024-06-25 07:54:24,朝阳区,海淀区,24.1,5.7
2024-06-01 07:42:18,2024-06-01 07:49:18,门头沟区,石景山区,18.4,5.1
2024-06-25 14:54:38,2024-06-25 15:33:38,丰台区,丰台区,47.3,17.5
2024-06-17 17:12:11,2024-06-17 17:41:11,石景山区,石景山区,33.4,11.3
2024-06-06 06:59:26,2024-06-06 07:56:26,通州区,顺义区,39.8,14.0
2024-06-28 11:49:28,2024-06-28 12:07:28,东城区,顺义区,42.7,14.7
2024-06-26 19:27:48,2024-06-26 19:45:48,西城区,顺义区,31.9,9.1
2024-06-29 12:03:02,2024-06-29 12:20:02,大兴区,昌平区,29.1,8.1
2024-06-09 12:54:06,2024-06-09 13:28:06,丰台区,海淀区,39.4,14.1
2024-06-25 07:32:14,2024-06-25 07:53:14,顺义区,门头沟区,35.4,11.2
2024-06-08 15:11:37,2024-06-08 15:21:37,通州区,丰台区,26.4,6.9
2024-06-08 09:58:35,2024-06-08 10:49:35,房山区,顺义区,39.0,13.4
2024-06-16 19:18:30,2024-06-16 19:23:30,朝阳区,大兴区,13.4,2.0
2024-06-05 17:41:59,2024-06-05 18:20:59,东城区,大兴区,42.1,15.2
2024-06-04 22:32:32,2024-06-04 23:13:32,丰台区,丰台区,40.1,13.7
2024-06-30 19:13:31,2024-06-30 19:33:31,通州区,顺义区,39.6,12.5
2024-06-11 09:31:29,2024-06-11 10:17:29,大兴区,房山区,34.1,10.3
2024-06-11 13:12:17,2024-06-11 13:20:17,东城区,海淀区,19.1,4.8
2024-06-12 12:51:43,2024-06-12 13:03:43,大兴区,顺义区,20.5,5.3
2024-06-23 12:38:33,2024-06-23 12:41:33,朝阳区,大兴区,15.3,1.0
2024-06-30 17:39:32,2024-06-30 17:42:32,丰台区,朝阳区,16.0,1.3
2024-06-05 08:10:15,2024-06-05 08:19:15,门头沟区,大兴区,23.0,7.1
2024-06-06 15:46:01,2024-06-06 15:49:01,东城区,石景山区,16.0,1.0
2024-06-05 18:03:10,2024-06-05 18:06:10,东城区,房山区,16.9,1.7
2024-06-05 11:44:59,2024-06-05 11:55:59,通州区,昌平区,26.6,6.9
2024-06-14 07:39:26,2024-06-14 07:54:26,朝阳区,西城区,26.3,7.1
2024-06-20 16:50:13,2024-06-20 17:01:13,丰台区,顺义区,25.0,8.1
2024-06-20 14:18:42,2024-06-20 14:40:42,海淀区,丰台区,45.0,15.6
2024-06-06 16:32:00,2024-06-06 17:02:00,朝阳区,大兴区,41.1,13.2
2024-06-07 17:51:05,2024-06-07 17:54:05,昌平区,丰台区,14.6,1.6
2024-06-17 14:14:47,2024-06-17 14:17:47,顺义区,海淀区,14.8,1.0
2024-06-06 08:21:32,2024-06-06 08:41:32,东城区,石景山区,36.3,12.0
2024-06-19 12:45:25,2024-06-19 13:11:25,大兴区,大兴区,43.3,14.8
2024-06-04 13:00:03,2024-06-04 13:16:03,海淀区,昌平区,32.8,9.6
2024-06-16 09:44:48,2024-06-16 10:07:48,西城区,朝阳区,36.5,11.5
2024-06-22 04:01:23,2024-06-22 04:17:23,大兴区,丰台区,33.1,11.1
2024-06-22 11:30:56,2024-06-22 12:06:56,丰台区,东城区,35.8,11.8
2024-06-04 08:06:05,2024-06-04 08:15:05,丰台区,顺义区,17.4,4.5
2024-06-01 16:02:10,2024-06-01 16:27:10,西城区,房山区,22.9,6.8
2024-06-02 15:08:11,2024-06-02 15:27:11,房山区,门头沟区,27.2,7.4
2024-06-25 09:30:34,2024-06-25 09:33:34,西城区,石景山区,16.7,1.0
2024-06-21 14:38:09,2024-06-21 14:52:09,朝阳区,顺义区,25.9,6.8
2024-06-23 18:49:19,2024-06-23 19:08:19,丰台区,石景山区,20.4,5.4
2024-06-12 17:42:54,2024-06-12 17:57:54,房山区,昌平区,33.1,10.1
2024-06-12 08:42:13,2024-06-12 08:54:13,朝阳区,石景山区,20.9,4.4
2024-06-14 08:50:58,2024-06-14 09:15:58,朝阳区,门头沟区,48.0,16.3
2024-06-15 12:25:14,2024-06-15 12:36:14,朝阳区,顺义区,24.7,6.7
2024-06-11 12:47:42,2024-06-11 12:54:42,石景山区,朝阳区,21.7,4.9
2024-06-02 12:45:00,2024-06-02 12:58:00,大兴区,大兴区,20.9,4.6
2024-06-06 13:57:05,2024-06-06 14:53:05,大兴区,朝阳区,29.1,9.3
2024-06-08 13:15:36,2024-06-08 14:08:36,通州区,通州区,41.5,14.9
2024-06-30 17:35:09,2024-06-30 17:38:09,西城区,海淀区,14.1,1.4
2024-06-11 09:27:55,2024-06-11 09:32:55,海淀区,昌平区,13.2,1.8
2024-07-01 14:52:37,2024-07-01 14:55:37,大兴区,通州区,13.2,1.8
2024-06-06 13:08:07,2024-06-06 14:10:07,西城区,门头沟区,61.7,22.5
2024-06-24 18:14:58,2024-06-24 18:17:58,西城区,西城区,14.1,1.0
2024-06-26 10:06:05,2024-06-26 10:13:05,西城区,昌平区,20.1,5.8
2024-06-05 12:48:33,2024-06-05 13:03:33,朝阳区,门头沟区,24.4,5.8
2024-06-01 18:09:23,2024-06-01 18:22:23,朝阳区,丰台区,23.1,5.8
2024-06-17 11:29:43,2024-06-17 11:50:43,海淀区,西城区,34.3,11.1
2024-06-14 07:13:57,2024-06-14 07:25:57,东城区,西城区,22.3,5.5
2024-06-05 17:05:34,2024-06-05 17:14:34,西城区,朝阳区,16.7,4.5
2024-06-07 18:04:23,2024-06-07 18:23:23,东城区,房山区,15.8,3.1
2024-06-10 11:41:06,2024-06-10 11:49:06,朝阳区,朝阳区,14.2,3.0
2024-06-13 15:03:38,2024-06-13 15:09:38,石景山区,昌平区,21.2,4.5
2024-06-15 19:07:11,2024-06-15 19:36:11,丰台区,西城区,40.5,14.2
2024-06-28 13:41:33,2024-06-28 14:08:33,西城区,门头沟区,20.9,5.1
2024-06-10 20:41:21,2024-06-10 20:54:21,丰台区,东城区,23.5,5.4
2024-06-12 07:48:57,2024-06-12 07:51:57,大兴区,朝阳区,13.0,1.5
2024-06-15 15:41:26,2024-06-15 15:56:26,朝阳区,石景山区,25.7,8.0
2024-06-13 17:41:53,2024-06-13 18:08:53,朝阳区,门头沟区,33.7,11.4
2024-06-01 17:40:59,2024-06-01 18:15:59,东城区,朝阳区,24.2,5.9
2024-06-16 04:59:44,2024-06-16 05:02:44,海淀区,顺义区,13.1,1.0
2024-06-04 12:45:06,2024-06-04 13:20:06,西城区,大兴区,35.7,12.0
2024-06-20 09:57:58,2024-06-20 10:05:58,石景山区,西城区,20.4,4.3
2024-06-27 17:42:50,2024-06-27 18:00:50,朝阳区,门头沟区,33.1,10.6
2024-06-01 17:17:21,2024-06-01 17:23:21,朝阳区,东城区,16.1,4.2
2024-06-03 09:49:48,2024-06-03 10:03:48,朝阳区,西城区,30.8,9.0
2024-06-04 23:45:27,2024-06-04 23:48:27,朝阳区,东城区,14.1,1.0
2024-06-15 10:19:34,2024-06-15 10:47:34,通州区,朝阳区,30.1,9.3
2024-06-27 09:08:42,2024-06-27 09:26:42,东城区,东城区,22.6,7.1
2024-06-29 12:55:23,2024-06-29 13:05:23,朝阳区,昌平区,19.9,6.0
2024-06-19 17:03:13,2024-06-19 17:25:13,海淀区,房山区,27.5,7.3
2024-06-19 14:37:46,2024-06-19 15:16:46,朝阳区,朝阳区,33.5,11.6
2024-06-06 18:50:48,2024-06-06 19:02:48,顺义区,海淀区,23.6,5.9
2024-06-29 15:34:56,2024-06-29 15:39:56,门头沟区,海淀区,15.8,2.3
2024-06-19 19:55:10,2024-06-19 20:32:10,西城区,昌平区,24.9,6.1
2024-06-30 22:37:49,2024-06-30 22:42:49,丰台区,石景山区,13.4,3.0
2024-06-01 21:29:04,2024-06-01 21:46:04,朝阳区,石景山区,38.4,14.0
2024-06-14 18:12:16,2024-06-14 18:29:16,大兴区,石景山区,32.7,9.4
2024-06-05 23:53:35,2024-06-06 00:39:35,东城区,海淀区,30.3,10.1
2024-06-28 18:01:06,2024-06-28 18:33:06,房山区,房山区,49.2,17.6
2024-06-18 12:02:00,2024-06-18 12:33:00,东城区,门头沟区,32.7,11.3
2024-06-28 15:47:05,2024-06-28 15:56:05,东城区,朝阳区,17.1,3.7
2024-06-24 14:44:40,2024-06-24 14:58:40,东城区,大兴区,28.2,9.5
2024-06-15 12:39:27,2024-06-15 13:14:27,西城区,海淀区,43.9,14.6
2024-06-09 10:39:39,2024-06-09 10:56:39,顺义区,房山区,27.9,7.3
2024-06-19 19:26:23,2024-06-19 20:24:23,大兴区,房山区,28.4,9.6
2024-06-06 12:19:59,2024-06-06 12:36:59,石景山区,海淀区,26.9,7.0
2024-06-02 15:26:47,2024-06-02 15:41:47,昌平区,朝阳区,34.7,11.8
2024-06-08 08:10:42,2024-06-08 08:23:42,东城区,石景山区,32.6,11.1
2024-06-19 11:20:39,2024-06-19 11:54:39,丰台区,石景山区,51.3,19.0
2024-06-03 17:22:14,2024-06-03 17:44:14,通州区,西城区,27.6,8.2
2024-06-25 12:32:26,2024-06-25 12:59:26,朝阳区,丰台区,20.1,6.0
2024-06-20 12:57:29,2024-06-20 13:15:29,东城区,通州区,27.8,8.6
2024-06-01 08:18:29,2024-06-01 08:30:29,朝阳区,丰台区,26.3,7.8
2024-06-08 06:23:32,2024-06-08 06:43:32,大兴区,房山区,33.0,10.4
2024-06-18 23:15:19,2024-06-18 23:38:19,朝阳区,石景山区,37.6,13.0
2024-07-01 16:12:39,2024-07-01 16:28:39,昌平区,石景山区,33.9,10.1
2024-06-03 15:35:57,2024-06-03 15:38:57,东城区,昌平区,17.6,1.0
2024-06-23 07:44:04,2024-06-23 08:32:04,顺义区,丰台区,46.0,15.9
2024-06-06 14:13:53,2024-06-06 15:05:53,朝阳区,朝阳区,46.3,16.0
2024-06-19 19:27:07,2024-06-19 19:55:07,通州区,丰台区,51.2,18.4
2024-06-16 09:04:41,2024-06-16 10:19:41,东城区,石景山区,39.1,12.5
2024-06-26 13:37:23,2024-06-26 13:52:23,通州区,顺义区,23.7,7.3
2024-06-02 16:32:08,2024-06-02 16:39:08,西城区,石景山区,18.1,4.9
2024-06-25 17:48:30,2024-06-25 18:15:30,海淀区,丰台区,30.7,10.7
2024-06-15 12:27:58,2024-06-15 12:52:58,通州区,海淀区,49.2,18.5
2024-06-11 09:26:03,2024-06-11 09:38:03,海淀区,顺义区,26.5,7.1
2024-06-12 10:57:14,2024-06-12 11:09:14,通州区,朝阳区,29.8,9.4
2024-06-16 11:04:43,2024-06-16 11:32:43,通州区,丰台区,24.8,7.7
2024-06-13 08:07:41,2024-06-13 08:30:41,西城区,昌平区,33.2,11.1
2024-06-30 13:52:37,2024-06-30 14:01:37,丰台区,西城区,24.3,7.5
2024-06-05 11:33:46,2024-06-05 11:51:46,大兴区,门头沟区,32.8,9.8
2024-07-01 08:00:16,2024-07-01 08:23:16,丰台区,西城区,30.3,9.5
2024-06-14 10:15:36,2024-06-14 10:19:36,朝阳区,海淀区,17.7,1.8
2024-06-18 18:43:08,2024-06-18 18:49:08,石景山区,海淀区,14.0,3.0
2024-06-19 12:54:32,2024-06-19 13:02:32,顺义区,顺义区,20.0,4.1
2024-06-23 14:27:54,2024-06-23 14:45:54,海淀区,顺义区,27.6,7.5
2024-06-24 13:23:17,2024-06-24 13:42:17,海淀区,丰台区,26.8,8.9
2024-06-21 11:35:43,2024-06-21 11:59:43,昌平区,大兴区,42.9,13.9
2024-06-07 17:33:00,2024-06-07 17:50:00,朝阳区,西城区,30.6,10.1
2024-06-16 12:40:40,2024-06-16 12:43:40,石景山区,海淀区,13.9,1.0
2024-06-02 20:47:20,2024-06-02 20:50:20,朝阳区,丰台区,15.7,1.0
2024-06-20 12:05:26,2024-06-20 12:40:26,丰台区,石景山区,45.3,14.9
2024-06-02 17:33:26,2024-06-02 17:49:26,石景山区,通州区,16.8,4.2
2024-06-26 08:59:45,2024-06-26 09:15:45,大兴区,通州区,30.3,9.0
2024-06-04 08:13:54,2024-06-04 08:23:54,海淀区,昌平区,26.5,7.3
2024-06-14 07:01:17,2024-06-14 07:17:17,西城区,海淀区,29.0,9.1
2024-06-05 19:34:40,2024-06-05 19:38:40,西城区,西城区,14.8,1.7
2024-06-21 17:43:31,2024-06-21 17:47:31,房山区,海淀区,14.1,2.0
2024-06-02 11:53:53,2024-06-02 11:56:53,大兴区,顺义区,17.0,1.3
2024-07-01 13:56:35,2024-07-01 14:09:35,房山区,大兴区,17.9,3.7
2024-06-04 19:54:23,2024-06-04 20:06:23,朝阳区,海淀区,20.0,5.8
2024-06-03 09:07:08,2024-06-03 09:37:08,昌平区,房山区,39.6,12.5
2024-06-12 06:22:05,2024-06-12 06:35:05,西城区,丰台区,20.0,4.5
2024-06-01 12:06:18,2024-06-01 12:25:18,昌平区,门头沟区,41.7,13.5
2024-06-19 13:04:27,2024-06-19 13:39:27,海淀区,海淀区,36.1,11.4
2024-06-25 14:25:10,2024-06-25 14:33:10,朝阳区,通州区,25.7,6.5
2024-06-17 07:52:24,2024-06-17 08:07:24,房山区,丰台区,23.4,6.4
2024-06-17 07:45:52,2024-06-17 07:57:52,海淀区,顺义区,20.5,5.5
2024-06-08 15:26:36,2024-06-08 15:33:36,西城区,海淀区,16.6,3.1
2024-06-30 17:33:38,2024-06-30 17:57:38,西城区,西城区,31.0,10.8
2024-06-09 15:39:59,2024-06-09 15:58:59,海淀区,房山区,23.1,5.3
2024-06-22 12:38:50,2024-06-22 12:48:50,海淀区,朝阳区,29.1,8.4
2024-06-21 12:52:32,2024-06-21 13:34:32,海淀区,通州区,38.5,13.1
2024-06-02 09:33:14,2024-06-02 09:38:14,石景山区,丰台区,19.6,4.0
2024-06-07 12:08:47,2024-06-07 12:36:47,朝阳区,西城区,26.9,8.9
2024-06-22 14:41:52,2024-06-22 14:47:52,通州区,门头沟区,18.0,2.8
2024-06-03 18:31:41,2024-06-03 19:10:41,昌平区,东城区,34.3,11.0
2024-06-30 07:34:40,2024-06-30 07:40:40,西城区,房山区,17.7,1.0
2024-06-25 11:30:54,2024-06-25 11:48:54,丰台区,朝阳区,43.3,15.2
2024-06-12 13:02:51,2024-06-12 14:09:51,海淀区,东城区,33.8,11.1
2024-06-19 16:29:18,2024-06-19 16:34:18,石景山区,门头沟区,14.6,3.1
2024-06-28 07:19:15,2024-06-28 07:35:15,昌平区,海淀区,33.7,11.8
2024-06-29 13:36:21,2024-06-29 14:06:21,海淀区,大兴区,34.9,12.2
2024-06-29 19:22:49,2024-06-29 19:32:49,昌平区,朝阳区,18.8,5.1
2024-06-04 07:39:27,2024-06-04 07:49:27,东城区,房山区,26.3,6.7
2024-06-28 17:39:30,2024-06-28 17:42:30,东城区,昌平区,17.4,1.0
2024-06-11 17:30:57,2024-06-11 17:39:57,门头沟区,通州区,19.6,3.9
2024-06-20 05:37:48,2024-06-20 06:00:48,门头沟区,石景山区,35.9,11.1
2024-06-01 17:48:37,2024-06-01 17:51:37,通州区,海淀区,17.3,1.6
2024-06-11 09:07:04,2024-06-11 09:10:04,海淀区,海淀区,17.9,1.0
2024-06-08 11:21:47,2024-06-08 11:26:47,海淀区,西城区,14.0,2.9
2024-06-14 13:21:46,2024-06-14 13:41:46,西城区,大兴区,35.9,11.4
2024-06-05 18:14:10,2024-06-05 18:37:10,通州区,丰台区,41.6,14.0
2024-06-17 19:45:06,2024-06-17 19:53:06,顺义区,通州区,14.1,3.4
2024-06-27 22:18:31,2024-06-27 22:25:31,顺义区,西城区,14.3,2.0
2024-06-02 19:42:32,2024-06-02 20:31:32,海淀区,朝阳区,32.7,10.9
2024-06-29 08:03:01,2024-06-29 08:21:01,海淀区,门头沟区,31.5,10.1
2024-06-02 16:11:01,2024-06-02 16:20:01,西城区,房山区,28.8,7.8
2024-06-16 13:56:27,2024-06-16 14:37:27,朝阳区,房山区,36.2,12.7
2024-06-24 12:25:23,2024-06-24 12:43:23,顺义区,石景山区,27.6,8.0
2024-06-09 08:50:14,2024-06-09 09:09:14,丰台区,丰台区,33.5,10.7
2024-06-25 12:14:59,2024-06-25 12:19:59,昌平区,昌平区,16.6,3.7
2024-06-15 11:02:38,2024-06-15 11:10:38,西城区,房山区,15.1,3.7
2024-06-02 23:36:30,2024-06-02 23:54:30,东城区,通州区,25.8,7.7
2024-06-25 18:47:12,2024-06-25 18:50:12,朝阳区,通州区,13.8,1.4
2024-06-17 08:56:50,2024-06-17 09:06:50,西城区,东城区,18.7,3.6
2024-06-13 07:02:44,2024-06-13 07:10:44,东城区,东城区,22.5,5.3
2024-06-20 11:43:37,2024-06-20 12:02:37,昌平区,丰台区,26.9,7.5
2024-06-10 15:17:04,2024-06-10 15:20:04,丰台区,门头沟区,17.8,1.0
2024-06-15 16:38:44,2024-06-15 16:47:44,西城区,通州区,19.4,4.4
2024-06-17 11:00:13,2024-06-17 11:27:13,海淀区,西城区,31.4,10.9
2024-06-08 18:59:38,2024-06-08 19:05:38,丰台区,大兴区,17.8,1.6
2024-06-08 19:23:58,2024-06-08 19:45:58,东城区,朝阳区,40.9,13.7
2024-06-27 08:46:24,2024-06-27 09:03:24,西城区,通州区,29.5,8.7
2024-06-27 21:45:56,2024-06-27 22:06:56,门头沟区,房山区,38.4,12.8
2024-06-17 12:01:42,2024-06-17 12:05:42,大兴区,通州区,15.7,1.5
2024-06-16 18:36:34,2024-06-16 18:43:34,海淀区,石景山区,17.8,3.8
2024-06-01 08:57:16,2024-06-01 09:10:16,昌平区,通州区,19.6,5.8
2024-07-01 05:57:04,2024-07-01 06:00:04,大兴区,丰台区,17.7,1.2
2024-06-07 21:44:40,2024-06-07 22:19:40,大兴区,海淀区,34.9,10.7
2024-06-30 12:33:46,2024-06-30 13:04:46,海淀区,西城区,41.1,14.0
2024-07-01 11:30:45,2024-07-01 12:09:45,丰台区,海淀区,42.0,13.7
2024-06-28 07:46:23,2024-06-28 08:04:23,石景山区,通州区,37.4,11.7
2024-06-26 18:36:02,2024-06-26 18:47:02,朝阳区,房山区,19.9,4.6
2024-06-12 08:09:45,2024-06-12 08:32:45,房山区,石景山区,25.7,7.9
2024-06-20 18:16:03,2024-06-20 18:45:03,房山区,通州区,20.4,4.9
2024-06-21 16:28:10,2024-06-21 16:48:10,海淀区,石景山区,41.6,14.4
2024-06-29 17:42:40,2024-06-29 18:00:40,通州区,房山区,29.8,8.8
2024-06-20 08:15:41,2024-06-20 08:26:41,朝阳区,房山区,32.3,10.0
2024-06-08 13:39:07,2024-06-08 14:01:07,东城区,房山区,33.6,11.2
2024-06-05 17:07:04,2024-06-05 17:28:04,门头沟区,房山区,21.8,6.1
2024-07-01 19:22:03,2024-07-01 19:25:03,东城区,大兴区,13.3,1.0
2024-06-16 19:01:54,2024-06-16 19:08:54,海淀区,顺义区,19.1,4.1
2024-06-25 08:11:23,2024-06-25 08:14:23,石景山区,顺义区,17.0,1.0
2024-06-02 19:38:04,2024-06-02 19:57:04,丰台区,昌平区,32.1,10.5
2024-06-07 11:53:42,2024-06-07 12:07:42,朝阳区,顺义区,26.2,6.7
2024-06-19 12:44:47,2024-06-19 12:59:47,海淀区,西城区,26.4,7.8
2024-06-01 18:47:36,2024-06-01 18:50:36,西城区,房山区,13.4,1.0
2024-06-21 15:20:02,2024-06-21 15:49:02,东城区,通州区,32.7,11.1
2024-06-01 13:55:04,2024-06-01 14:11:04,丰台区,房山区,30.4,8.9
2024-06-01 11:50:05,2024-06-01 11:59:05,昌平区,东城区,21.5,5.8
2024-06-09 23:32:15,2024-06-09 23:48:15,西城区,东城区,28.3,9.5
2024-06-21 08:28:15,2024-06-21 08:37:15,朝阳区,丰台区,19.9,5.9
2024-06-09 16:00:04,2024-06-09 16:05:04,石景山区,门头沟区,15.1,1.6
2024-06-05 10:27:05,2024-06-05 10:44:05,昌平区,朝阳区,31.9,9.8
2024-06-13 09:03:10,2024-06-13 09:11:10,东城区,朝阳区,16.5,4.5
2024-06-06 17:43:07,2024-06-06 18:03:07,朝阳区,门头沟区,23.1,6.8
2024-06-20 18:23:13,2024-06-20 18:36:13,海淀区,通州区,26.3,7.3
2024-06-04 08:13:02,2024-06-04 08:22:02,海淀区,房山区,22.9,5.8
2024-06-14 08:51:41,2024-06-14 09:03:41,东城区,房山区,30.0,8.7
2024-06-19 17:00:17,2024-06-19 17:22:17,通州区,丰台区,32.5,10.6
2024-06-02 18:42:58,2024-06-02 19:09:58,东城区,石景山区,35.2,11.4
2024-06-23 11:20:03,2024-06-23 11:23:03,西城区,海淀区,17.3,1.0
2024-06-20 07:15:20,2024-06-20 07:34:20,丰台区,丰台区,45.1,16.1
2024-06-11 14:35:16,2024-06-11 14:43:16,朝阳区,昌平区,15.4,2.8
2024-06-28 17:43:55,2024-06-28 18:34:55,房山区,丰台区,44.6,15.8
2024-06-05 23:23:22,2024-06-05 23:26:22,东城区,通州区,13.5,1.0
2024-06-11 11:46:50,2024-06-11 12:03:50,东城区,东城区,36.2,11.0
2024-07-01 07:09:31,2024-07-01 07:35:31,通州区,昌平区,32.1,11.3
2024-06-02 14:32:19,2024-06-02 15:23:19,朝阳区,东城区,51.5,18.4
2024-06-30 09:00:03,2024-06-30 09:14:03,石景山区,石景山区,25.7,7.3
2024-06-16 11:56:05,2024-06-16 12:19:05,海淀区,石景山区,36.8,11.5
2024-06-05 22:41:42,2024-06-05 23:22:42,顺义区,朝阳区,39.1,13.0
2024-06-16 14:55:20,2024-06-16 15:17:20,大兴区,东城区,40.9,13.1
2024-06-04 13:59:05,2024-06-04 14:10:05,朝阳区,房山区,30.1,9.2
2024-06-07 19:03:26,2024-06-07 19:40:26,海淀区,丰台区,28.1,9.3
2024-06-19 13:04:47,2024-06-19 13:07:47,东城区,顺义区,14.8,1.0
2024-06-14 11:31:03,2024-06-14 12:02:03,昌平区,西城区,57.4,20.2
2024-06-14 11:12:17,2024-06-14 11:44:17,东城区,丰台区,31.7,9.7
2024-06-14 15:32:09,2024-06-14 15:42:09,丰台区,朝阳区,20.5,5.6
2024-06-16 17:56:58,2024-06-16 17:59:58,朝阳区,顺义区,15.4,1.0
2024-06-11 20:45:09,2024-06-11 21:12:09,朝阳区,丰台区,37.3,13.1
2024-06-22 19:35:25,2024-06-22 20:05:25,房山区,通州区,25.5,6.7
2024-06-23 11:24:04,2024-06-23 11:47:04,大兴区,大兴区,31.6,9.1
2024-06-10 09:41:34,2024-06-10 09:56:34,海淀区,丰台区,29.5,8.8
2024-06-28 17:30:33,2024-06-28 17:51:33,丰台区,石景山区,35.1,10.5
2024-06-18 13:42:27,2024-06-18 13:59:27,东城区,房山区,31.1,10.1
2024-06-25 09:42:40,2024-06-25 10:06:40,东城区,顺义区,41.6,15.1
2024-06-18 11:02:30,2024-06-18 11:26:30,通州区,顺义区,25.8,7.9
2024-06-13 00:53:18,2024-06-13 00:56:18,房山区,门头沟区,14.7,1.5
2024-06-22 13:29:13,2024-06-22 13:36:13,海淀区,东城区,18.3,3.6
2024-06-15 09:53:54,2024-06-15 10:23:54,门头沟区,丰台区,27.5,8.5
2024-06-01 14:05:36,2024-06-01 14:19:36,顺义区,顺义区,29.4,8.9
2024-06-21 21:09:33,2024-06-21 21:12:33,房山区,石景山区,16.3,1.0
2024-06-13 08:37:24,2024-06-13 08:54:24,西城区,顺义区,29.5,8.2
2024-06-27 09:46:37,2024-06-27 10:21:37,海淀区,西城区,38.3,12.8
2024-06-29 15:09:58,2024-06-29 15:38:58,西城区,西城区,45.4,15.7
2024-06-04 20:40:29,2024-06-04 20:43:29,朝阳区,西城区,14.7,1.0
2024-06-05 10:24:09,2024-06-05 10:29:09,西城区,门头沟区,15.5,2.9
2024-06-20 22:35:34,2024-06-20 22:54:34,朝阳区,大兴区,33.0,10.5
2024-06-08 07:19:18,2024-06-08 07:26:18,丰台区,房山区,19.5,4.3
2024-06-08 18:52:54,2024-06-08 18:55:54,丰台区,大兴区,14.5,1.0
2024-06-08 19:10:33,2024-06-08 19:32:33,房山区,昌平区,41.6,13.5
2024-06-06 10:40:43,2024-06-06 11:01:43,朝阳区,海淀区,33.4,11.1
2024-06-05 10:03:53,2024-06-05 10:32:53,东城区,顺义区,49.0,16.7
2024-06-15 12:36:15,2024-06-15 12:49:15,西城区,朝阳区,26.8,7.0
2024-06-07 12:30:31,2024-06-07 12:52:31,海淀区,东城区,27.6,8.1
2024-06-10 11:33:59,2024-06-10 11:42:59,丰台区,东城区,19.0,4.0
2024-06-20 13:54:13,2024-06-20 14:42:13,朝阳区,昌平区,60.7,22.2
2024-06-25 11:52:30,2024-06-25 11:59:30,海淀区,西城区,18.3,4.5
2024-06-12 20:14:39,2024-06-12 20:30:39,房山区,朝阳区,30.6,8.8
2024-06-26 12:02:51,2024-06-26 12:25:51,房山区,丰台区,31.2,9.7
2024-06-20 18:35:55,2024-06-20 19:03:55,通州区,丰台区,46.7,17.6
2024-06-03 13:43:05,2024-06-03 14:02:05,朝阳区,昌平区,19.2,4.7
2024-06-14 12:01:21,2024-06-14 12:25:21,通州区,海淀区,31.4,9.8
2024-06-04 19:34:51,2024-06-04 19:59:51,石景山区,顺义区,40.7,13.7
2024-06-04 17:23:18,2024-06-04 17:46:18,门头沟区,房山区,33.7,11.2
2024-06-09 11:03:08,2024-06-09 11:06:08,通州区,朝阳区,16.7,1.0
2024-06-18 07:44:35,2024-06-18 07:52:35,朝阳区,昌平区,20.6,6.0
2024-06-23 18:38:51,2024-06-23 19:21:51,海淀区,石景山区,48.2,16.5
2024-06-20 09:52:05,2024-06-20 10:02:05,海淀区,西城区,22.1,5.8
2024-06-09 19:57:30,2024-06-09 20:10:30,昌平区,昌平区,28.0,8.3
2024-06-27 19:06:52,2024-06-27 19:09:52,东城区,西城区,13.4,1.5
2024-06-12 12:39:12,2024-06-12 12:46:12,门头沟区,昌平区,19.0,4.8
2024-06-10 11:10:08,2024-06-10 11:50:08,朝阳区,通州区,41.3,13.4
2024-06-21 14:04:25,2024-06-21 14:35:25,朝阳区,顺义区,41.5,15.3
2024-06-18 23:33:37,2024-06-18 23:50:37,海淀区,海淀区,38.0,12.8
2024-07-01 06:52:46,2024-07-01 07:05:46,石景山区,海淀区,22.2,5.2
2024-06-08 18:37:06,2024-06-08 18:56:06,东城区,东城区,24.7,7.8
2024-06-01 09:31:34,2024-06-01 09:48:34,东城区,东城区,30.7,9.2
2024-06-29 15:11:36,2024-06-29 15:44:36,大兴区,大兴区,39.5,13.5
2024-06-04 07:18:28,2024-06-04 08:09:28,朝阳区,房山区,38.0,13.7
2024-06-19 18:26:52,2024-06-19 18:33:52,丰台区,顺义区,23.4,6.6
2024-06-17 18:51:26,2024-06-17 19:17:26,西城区,房山区,28.4,9.1
2024-06-22 12:33:52,2024-06-22 12:44:52,丰台区,朝阳区,22.4,5.0
2024-06-25 18:45:39,2024-06-25 19:09:39,通州区,门头沟区,35.2,12.2
2024-06-28 17:09:12,2024-06-28 17:17:12,海淀区,门头沟区,26.5,7.3
2024-06-12 16:49:28,2024-06-12 17:16:28,石景山区,石景山区,35.5,12.4
2024-06-23 09:42:27,2024-06-23 10:04:27,昌平区,通州区,30.9,9.8
2024-06-18 17:41:47,2024-06-18 17:50:47,通州区,丰台区,21.0,4.4
2024-06-23 13:52:41,2024-06-23 14:02:41,朝阳区,门头沟区,23.5,5.8
2024-06-18 11:13:27,2024-06-18 11:23:27,通州区,房山区,16.6,3.8
2024-06-23 22:50:03,2024-06-23 22:53:03,丰台区,房山区,14.9,1.0
2024-06-21 19:21:23,2024-06-21 19:46:23,西城区,房山区,44.8,16.5
2024-06-05 08:22:44,2024-06-05 08:42:44,朝阳区,房山区,31.5,10.6
2024-06-26 13:46:46,2024-06-26 13:49:46,石景山区,门头沟区,13.5,1.0
2024-06-02 12:44:04,2024-06-02 13:15:04,东城区,大兴区,60.2,22.6
2024-06-25 08:39:39,2024-06-25 08:50:39,通州区,房山区,16.2,2.7
2024-06-17 11:49:48,2024-06-17 12:13:48,海淀区,房山区,39.1,14.0
2024-06-04 20:11:43,2024-06-04 20:26:43,石景山区,门头沟区,25.7,8.2
2024-06-15 11:47:26,2024-06-15 11:59:26,顺义区,东城区,30.4,9.1
2024-06-14 13:32:11,2024-06-14 14:01:11,西城区,东城区,34.2,10.8
2024-06-15 16:23:46,2024-06-15 16:42:46,丰台区,朝阳区,32.2,10.9
2024-06-27 08:04:24,2024-06-27 08:35:24,海淀区,房山区,46.8,15.7
2024-06-24 07:09:16,2024-06-24 07:17:16,顺义区,东城区,17.9,3.3
2024-06-22 17:43:21,2024-06-22 17:48:21,朝阳区,房山区,17.7,3.0
2024-06-27 18:47:21,2024-06-27 19:11:21,顺义区,房山区,24.8,7.0
2024-06-17 08:36:49,2024-06-17 08:53:49,海淀区,通州区,19.4,5.1
2024-06-14 14:42:11,2024-06-14 14:58:11,通州区,通州区,23.1,6.0
2024-06-02 09:12:53,2024-06-02 09:47:53,门头沟区,东城区,58.4,20.7
2024-06-15 12:27:05,2024-06-15 12:45:05,通州区,东城区,27.5,7.6
2024-06-24 19:50:35,2024-06-24 19:57:35,石景山区,大兴区,16.4,3.6
2024-06-30 19:35:38,2024-06-30 19:55:38,朝阳区,通州区,38.6,13.8
2024-06-04 23:07:12,2024-06-05 00:03:12,昌平区,东城区,33.6,9.8
2024-06-11 18:20:05,2024-06-11 18:33:05,西城区,昌平区,19.1,5.2
2024-06-09 17:18:19,2024-06-09 17:34:19,东城区,西城区,26.2,7.7
2024-06-06 22:53:52,2024-06-06 23:11:52,朝阳区,东城区,33.3,10.3
2024-06-11 09:36:14,2024-06-11 10:13:14,通州区,大兴区,40.0,13.4
2024-06-24 13:55:12,2024-06-24 14:22:12,海淀区,海淀区,29.2,9.4
2024-06-21 07:44:55,2024-06-21 07:51:55,东城区,昌平区,23.3,5.6
2024-06-18 08:44:25,2024-06-18 09:08:25,顺义区,顺义区,31.4,9.8
2024-06-18 15:01:55,2024-06-18 15:25:55,大兴区,朝阳区,40.9,15.1
2024-06-03 11:37:31,2024-06-03 12:19:31,海淀区,大兴区,27.5,9.2
2024-06-11 17:11:43,2024-06-11 17:30:43,房山区,顺义区,32.5,10.1
2024-07-01 07:29:57,2024-07-01 07:41:57,房山区,房山区,22.2,6.3
2024-06-19 03:11:40,2024-06-19 03:14:40,朝阳区,朝阳区,15.4,1.0
2024-06-02 18:26:54,2024-06-02 18:46:54,海淀区,西城区,34.4,10.8
2024-06-22 08:09:37,2024-06-22 08:30:37,丰台区,石景山区,32.7,10.4
2024-06-17 14:20:15,2024-06-17 14:48:15,西城区,朝阳区,44.1,15.5
2024-06-22 19:14:02,2024-06-22 19:37:02,朝阳区,通州区,30.2,8.7
2024-06-14 10:38:24,2024-06-14 10:45:24,通州区,顺义区,20.4,4.4
2024-06-16 09:03:42,2024-06-16 09:28:42,海淀区,朝阳区,30.9,8.9
2024-06-23 19:22:19,2024-06-23 19:29:19,西城区,东城区,18.9,3.4
2024-06-29 17:25:56,2024-06-29 17:33:56,石景山区,大兴区,16.9,2.2
2024-06-28 17:50:26,2024-06-28 18:12:26,大兴区,通州区,47.0,16.9
2024-06-17 08:10:32,2024-06-17 08:20:32,朝阳区,西城区,17.7,4.0
2024-06-18 08:06:34,2024-06-18 08:23:34,海淀区,丰台区,17.5,4.8
2024-06-18 15:12:08,2024-06-18 15:26:08,东城区,海淀区,25.7,7.1
2024-06-05 18:59:36,2024-06-05 19:11:36,朝阳区,门头沟区,23.9,5.8
2024-06-01 17:12:34,2024-06-01 17:25:34,大兴区,顺义区,22.2,6.4
2024-06-25 11:00:21,2024-06-25 11:30:21,大兴区,大兴区,38.6,12.1
2024-06-29 12:36:55,2024-06-29 12:39:55,朝阳区,西城区,16.6,1.0
2024-06-28 17:41:06,2024-06-28 17:48:06,顺义区,门头沟区,15.8,3.1
2024-06-23 17:14:25,2024-06-23 17:41:25,朝阳区,东城区,22.5,7.1
2024-06-04 13:27:22,2024-06-04 13:46:22,东城区,朝阳区,30.8,9.9
2024-06-29 10:48:09,2024-06-29 10:58:09,顺义区,顺义区,17.0,4.3
2024-06-30 14:22:20,2024-06-30 14:32:20,昌平区,海淀区,18.6,3.4
2024-06-21 11:54:10,2024-06-21 11:57:10,海淀区,通州区,16.3,1.0
2024-06-12 12:40:11,2024-06-12 13:24:11,朝阳区,西城区,48.4,16.3
2024-06-30 17:45:00,2024-06-30 18:11:00,门头沟区,丰台区,34.3,10.8
2024-06-12 14:30:37,2024-06-12 15:07:37,朝阳区,西城区,41.5,14.7
2024-06-30 05:07:06,2024-06-30 05:25:06,通州区,大兴区,22.8,6.8
2024-06-16 18:34:42,2024-06-16 19:03:42,大兴区,丰台区,36.7,11.8
2024-06-25 19:12:19,2024-06-25 19:15:19,丰台区,昌平区,16.8,1.3
2024-06-17 10:04:05,2024-06-17 10:16:05,朝阳区,大兴区,28.0,7.7
2024-06-04 17:04:05,2024-06-04 17:07:05,西城区,通州区,16.0,1.0
2024-06-26 16:54:48,2024-06-26 17:10:48,西城区,丰台区,26.2,8.0
2024-06-07 10:33:22,2024-06-07 11:28:22,东城区,顺义区,45.5,16.3
2024-06-10 09:14:12,2024-06-10 09:32:12,西城区,朝阳区,17.3,4.6
2024-06-13 11:24:37,2024-06-13 11:38:37,海淀区,丰台区,31.1,8.9
2024-06-24 16:05:38,2024-06-24 16:43:38,大兴区,房山区,29.2,9.4
2024-06-12 17:43:33,2024-06-12 18:38:33,西城区,房山区,58.7,22.6
2024-06-09 08:04:56,2024-06-09 08:10:56,西城区,西城区,16.9,3.1
2024-06-24 10:42:07,2024-06-24 11:17:07,通州区,大兴区,40.3,12.9
2024-06-30 16:35:02,2024-06-30 17:15:02,海淀区,房山区,42.7,13.9
2024-06-10 17:53:06,2024-06-10 18:12:06,大兴区,东城区,31.5,10.9
2024-06-20 18:17:38,2024-06-20 18:41:38,房山区,通州区,36.4,11.4
2024-07-01 10:33:45,2024-07-01 10:37:45,朝阳区,门头沟区,15.1,1.4
2024-06-19 15:54:41,2024-06-19 16:29:41,丰台区,朝阳区,50.4,17.5
2024-06-12 18:15:04,2024-06-12 18:30:04,朝阳区,东城区,31.2,9.7
2024-06-10 13:07:27,2024-06-10 13:37:27,海淀区,海淀区,41.3,15.3
2024-06-24 17:25:17,2024-06-24 17:32:17,朝阳区,房山区,17.0,3.2
2024-06-04 15:45:49,2024-06-04 15:49:49,海淀区,石景山区,17.8,1.0
2024-06-13 13:38:46,2024-06-13 13:57:46,西城区,朝阳区,19.8,5.4
2024-06-10 13:43:13,2024-06-10 14:02:13,通州区,丰台区,21.8,6.7
2024-06-27 16:04:54,2024-06-27 16:09:54,朝阳区,门头沟区,15.7,2.6
2024-06-30 04:02:39,2024-06-30 04:10:39,顺义区,通州区,19.4,3.8
2024-06-15 09:40:52,2024-06-15 09:44:52,通州区,顺义区,15.4,2.2
2024-06-07 08:28:45,2024-06-07 08:31:45,丰台区,东城区,13.7,1.0
2024-06-14 11:21:37,2024-06-14 11:33:37,海淀区,大兴区,21.8,5.7
2024-06-26 12:54:56,2024-06-26 13:26:56,房山区,门头沟区,47.8,16.2
2024-06-03 12:31:47,2024-06-03 13:03:47,丰台区,昌平区,35.4,11.4
2024-07-01 17:39:38,2024-07-01 17:53:38,海淀区,海淀区,28.2,9.4
2024-06-27 21:48:33,2024-06-27 21:51:33,海淀区,西城区,14.5,1.0
2024-06-14 11:37:58,2024-06-14 11:51:58,西城区,顺义区,18.0,3.5
2024-06-30 09:55:59,2024-06-30 10:04:59,昌平区,西城区,24.4,6.1
2024-06-22 12:36:37,2024-06-22 12:58:37,海淀区,西城区,17.3,3.8
2024-06-29 17:53:47,2024-06-29 18:09:47,海淀区,通州区,19.3,5.7
2024-06-28 09:49:20,2024-06-28 09:58:20,顺义区,通州区,22.1,4.9
2024-06-26 12:49:03,2024-06-26 12:52:03,东城区,房山区,14.9,1.0
2024-06-02 17:03:50,2024-06-02 17:28:50,海淀区,昌平区,38.9,12.8
2024-06-15 11:15:17,2024-06-15 11:36:17,西城区,通州区,49.9,17.2
2024-06-19 14:08:24,2024-06-19 14:27:24,西城区,顺义区,28.3,9.3
2024-06-29 17:28:32,2024-06-29 17:44:32,门头沟区,海淀区,26.1,8.3
2024-06-19 16:58:40,2024-06-19 17:21:40,通州区,朝阳区,29.1,9.1
2024-06-27 22:37:28,2024-06-27 22:46:28,昌平区,房山区,24.2,6.9
2024-06-19 13:58:18,2024-06-19 14:29:18,海淀区,朝阳区,40.5,13.4
2024-06-15 13:27:59,2024-06-15 13:39:59,丰台区,房山区,22.3,6.8
2024-06-05 13:22:41,2024-06-05 13:46:41,海淀区,门头沟区,32.4,11.3
2024-06-30 07:53:33,2024-06-30 08:19:33,西城区,昌平区,43.3,15.6
2024-06-01 13:43:28,2024-06-01 14:01:28,丰台区,昌平区,29.7,9.5
2024-06-12 13:41:32,2024-06-12 13:49:32,大兴区,房山区,19.0,5.1
2024-06-17 18:11:01,2024-06-17 18:27:01,朝阳区,朝阳区,31.0,9.5
2024-06-14 09:10:11,2024-06-14 09:13:11,西城区,昌平区,17.5,1.0
2024-06-09 13:38:40,2024-06-09 13:48:40,西城区,房山区,17.8,4.3
2024-06-25 12:03:26,2024-06-25 12:24:26,东城区,石景山区,38.4,12.7
2024-06-15 14:25:40,2024-06-15 14:28:40,石景山区,通州区,13.4,1.0
2024-06-08 09:18:56,2024-06-08 09:36:56,朝阳区,石景山区,30.9,9.0
2024-06-07 16:18:46,2024-06-07 16:22:46,西城区,通州区,15.6,2.3
2024-06-07 10:12:05,2024-06-07 10:36:05,西城区,门头沟区,30.0,9.8
2024-06-04 12:41:27,2024-06-04 12:55:27,西城区,通州区,21.5,6.2
2024-06-01 18:17:04,2024-06-01 18:50:04,东城区,昌平区,33.2,11.7
2024-06-09 07:35:02,2024-06-09 07:38:02,海淀区,房山区,13.4,1.0
2024-06-19 12:08:22,2024-06-19 12:16:22,石景山区,东城区,24.9,6.5
2024-06-28 19:39:39,2024-06-28 19:43:39,丰台区,丰台区,17.0,1.9
2024-06-16 09:10:45,2024-06-16 09:31:45,朝阳区,房山区,29.8,8.7
2024-06-03 19:55:19,2024-06-03 20:23:19,西城区,顺义区,33.5,11.9
2024-06-22 17:33:33,2024-06-22 18:09:33,东城区,朝阳区,36.2,12.2
2024-06-09 11:44:03,2024-06-09 11:47:03,朝阳区,通州区,15.5,1.0
2024-06-04 14:50:51,2024-06-04 15:36:51,昌平区,东城区,43.7,15.0
2024-06-21 10:13:28,2024-06-21 10:48:28,海淀区,大兴区,37.9,12.1
2024-06-27 11:43:42,2024-06-27 11:46:42,东城区,朝阳区,14.0,1.0
2024-06-01 18:26:58,2024-06-01 18:30:58,石景山区,西城区,17.4,1.3
2024-07-01 12:37:47,2024-07-01 12:56:47,朝阳区,朝阳区,21.2,6.5
2024-06-18 11:32:44,2024-06-18 11:51:44,朝阳区,朝阳区,29.6,9.8
2024-06-24 07:31:56,2024-06-24 07:34:56,通州区,朝阳区,16.0,1.0
2024-06-29 09:07:46,2024-06-29 09:20:46,朝阳区,海淀区,30.6,8.6
2024-06-23 13:13:20,2024-06-23 13:20:20,朝阳区,门头沟区,20.0,4.2
2024-06-06 12:44:30,2024-06-06 12:47:30,大兴区,海淀区,17.5,1.5
2024-06-25 12:52:42,2024-06-25 12:59:42,朝阳区,房山区,15.8,1.2
2024-06-29 08:26:31,2024-06-29 08:36:31,海淀区,海淀区,22.2,5.4
2024-06-17 11:00:58,2024-06-17 11:31:58,丰台区,朝阳区,36.5,12.2
2024-06-19 11:37:16,2024-06-19 12:42:16,海淀区,海淀区,35.8,10.8
2024-06-03 12:40:55,2024-06-03 12:43:55,西城区,大兴区,17.1,1.0
2024-06-21 07:02:45,2024-06-21 07:26:45,石景山区,通州区,45.8,15.3
2024-06-02 19:34:28,2024-06-02 19:57:28,房山区,房山区,33.4,10.5
2024-06-01 09:24:16,2024-06-01 10:12:16,西城区,房山区,42.7,13.8
2024-06-16 12:40:36,2024-06-16 12:43:36,门头沟区,丰台区,17.4,1.0
2024-06-25 06:09:05,2024-06-25 06:12:05,通州区,东城区,15.5,1.0
2024-06-09 13:06:10,2024-06-09 13:20:10,海淀区,顺义区,25.5,8.4
2024-06-11 19:38:11,2024-06-11 19:45:11,西城区,东城区,18.4,4.5
2024-06-16 08:27:48,2024-06-16 08:39:48,西城区,大兴区,20.1,5.3
2024-06-16 12:41:45,2024-06-16 12:48:45,朝阳区,大兴区,15.4,4.0
2024-06-15 12:25:27,2024-06-15 12:38:27,海淀区,海淀区,27.3,8.5
2024-06-04 21:07:54,2024-06-04 21:18:54,通州区,门头沟区,35.7,11.3
2024-06-20 13:55:09,2024-06-20 14:13:09,东城区,朝阳区,33.3,11.4
2024-06-23 16:39:01,2024-06-23 16:52:01,大兴区,朝阳区,27.8,8.0
2024-06-25 17:30:18,2024-06-25 17:52:18,通州区,朝阳区,34.4,10.9
2024-06-10 16:09:42,2024-06-10 16:12:42,海淀区,东城区,13.7,1.8
2024-06-24 14:31:46,2024-06-24 14:50:46,顺义区,通州区,17.0,4.5
2024-06-07 02:55:41,2024-06-07 03:30:41,石景山区,朝阳区,47.6,16.0
2024-06-14 23:42:55,2024-06-14 23:45:55,朝阳区,朝阳区,13.7,1.0
2024-06-03 09:09:04,2024-06-03 09:38:04,大兴区,大兴区,41.0,14.9
2024-06-29 08:41:41,2024-06-29 09:15:41,顺义区,朝阳区,49.1,18.4
2024-06-19 19:20:30,2024-06-19 19:45:30,朝阳区,昌平区,33.6,10.2
2024-06-12 10:09:52,2024-06-12 10:27:52,顺义区,海淀区,37.0,11.3
2024-06-26 11:54:43,2024-06-26 12:09:43,通州区,通州区,35.3,11.6
2024-06-02 09:41:49,2024-06-02 09:48:49,海淀区,东城区,25.7,6.5
2024-06-16 13:04:23,2024-06-16 13:15:23,顺义区,房山区,17.7,3.9
2024-06-23 11:43:23,2024-06-23 12:30:23,丰台区,房山区,30.3,9.4
2024-06-21 13:51:15,2024-06-21 13:57:15,海淀区,大兴区,14.4,2.9
2024-06-02 20:57:18,2024-06-02 21:37:18,海淀区,东城区,37.3,13.5
2024-06-08 06:12:38,2024-06-08 06:26:38,朝阳区,丰台区,17.9,4.5
2024-06-09 17:29:07,2024-06-09 17:46:07,东城区,通州区,43.0,14.5
2024-06-19 17:28:53,2024-06-19 17:52:53,昌平区,朝阳区,37.4,13.5
2024-07-01 09:26:56,2024-07-01 09:39:56,海淀区,东城区,21.6,5.4
2024-06-19 09:04:02,2024-06-19 09:13:02,西城区,石景山区,21.1,5.4
2024-06-12 14:22:05,2024-06-12 14:35:05,西城区,石景山区,27.7,8.0
2024-06-21 18:28:12,2024-06-21 18:34:12,房山区,昌平区,18.0,3.6
2024-06-05 09:44:54,2024-06-05 09:54:54,朝阳区,东城区,25.6,6.6
2024-06-10 13:59:02,2024-06-10 14:10:02,海淀区,石景山区,24.9,6.5
2024-06-26 15:50:14,2024-06-26 16:20:14,东城区,西城区,28.8,8.4
2024-06-14 18:59:30,2024-06-14 19:03:30,东城区,海淀区,17.2,2.0
2024-06-22 09:53:51,2024-06-22 10:04:51,海淀区,石景山区,21.3,4.8
2024-06-10 15:37:03,2024-06-10 15:45:03,东城区,朝阳区,16.6,3.5
2024-06-01 13:53:15,2024-06-01 13:56:15,门头沟区,海淀区,16.4,1.1
2024-06-21 05:40:25,2024-06-21 06:05:25,房山区,东城区,35.8,12.7
2024-06-22 16:21:21,2024-06-22 16:33:21,朝阳区,海淀区,26.2,8.3
2024-06-23 08:32:50,2024-06-23 08:57:50,通州区,大兴区,42.1,14.6
2024-06-25 07:01:31,2024-06-25 07:34:31,海淀区,门头沟区,36.4,12.3
2024-06-04 07:31:15,2024-06-04 07:37:15,朝阳区,石景山区,13.4,3.1
2024-06-11 12:59:36,2024-06-11 13:46:36,丰台区,大兴区,42.9,14.1
2024-06-11 17:08:14,2024-06-11 17:20:14,朝阳区,石景山区,18.8,4.7
2024-06-11 11:59:12,2024-06-11 12:13:12,丰台区,通州区,24.4,7.5
2024-06-02 17:08:10,2024-06-02 17:31:10,昌平区,通州区,33.5,11.7
2024-06-03 23:55:20,2024-06-03 23:59:20,海淀区,东城区,16.3,1.4
2024-06-25 08:27:01,2024-06-25 08:30:01,西城区,丰台区,15.9,1.0
2024-06-10 11:38:42,2024-06-10 12:06:42,海淀区,东城区,31.7,10.0
2024-06-29 13:38:37,2024-06-29 14:12:37,海淀区,通州区,38.2,12.1
2024-06-28 13:48:30,2024-06-28 13:58:30,朝阳区,顺义区,28.2,8.4
2024-06-18 20:11:06,2024-06-18 20:34:06,房山区,昌平区,22.6,6.2
2024-06-06 06:13:52,2024-06-06 06:27:52,丰台区,石景山区,21.7,6.2
2024-06-25 11:07:03,2024-06-25 11:48:03,朝阳区,东城区,39.5,12.5
2024-06-21 10:05:05,2024-06-21 10:28:05,西城区,顺义区,30.6,9.3
2024-06-13 12:51:11,2024-06-13 12:54:11,东城区,门头沟区,16.4,1.5
2024-06-02 10:53:45,2024-06-02 11:17:45,西城区,海淀区,27.7,9.2
2024-06-29 13:17:07,2024-06-29 13:22:07,西城区,昌平区,13.8,3.0
2024-06-02 17:39:45,2024-06-02 18:00:45,海淀区,海淀区,33.7,10.0
2024-06-02 08:30:19,2024-06-02 08:42:19,丰台区,昌平区,23.7,5.6
2024-06-22 13:21:14,2024-06-22 13:37:14,朝阳区,丰台区,24.5,6.2
2024-06-20 11:48:39,2024-06-20 11:51:39,西城区,门头沟区,15.8,1.0
2024-06-03 11:00:29,2024-06-03 11:25:29,西城区,通州区,33.8,11.0
2024-06-13 18:31:38,2024-06-13 19:00:38,朝阳区,大兴区,37.2,12.1
2024-06-02 09:33:25,2024-06-02 10:09:25,海淀区,海淀区,34.9,12.1
2024-06-28 11:21:04,2024-06-28 11:54:04,昌平区,朝阳区,43.8,14.8
2024-06-25 18:49:48,2024-06-25 19:04:48,东城区,东城区,30.8,10.1
2024-06-29 22:17:20,2024-06-29 22:29:20,朝阳区,大兴区,30.1,8.9
2024-06-24 12:58:44,2024-06-24 13:03:44,门头沟区,丰台区,17.6,1.8
2024-06-07 19:41:21,2024-06-07 20:23:21,海淀区,房山区,29.4,9.4
2024-06-10 11:34:37,2024-06-10 11:37:37,海淀区,顺义区,16.7,1.0
2024-06-15 19:48:48,2024-06-15 20:20:48,海淀区,西城区,37.1,12.5
2024-06-27 08:30:04,2024-06-27 08:53:04,通州区,海淀区,18.9,5.0
2024-06-21 12:41:14,2024-06-21 12:44:14,丰台区,东城区,18.0,1.0
2024-06-05 16:24:54,2024-06-05 16:41:54,东城区,西城区,28.3,8.9
2024-06-20 11:21:25,2024-06-20 11:59:25,海淀区,西城区,41.1,13.4
2024-06-27 09:16:34,2024-06-27 09:33:34,通州区,房山区,34.4,11.7
2024-06-20 07:37:57,2024-06-20 07:51:57,东城区,大兴区,29.5,8.8
2024-07-01 19:46:51,2024-07-01 19:52:51,海淀区,顺义区,16.7,3.0
2024-06-30 16:10:21,2024-06-30 16:39:21,西城区,房山区,52.9,18.7
2024-06-03 12:23:24,2024-06-03 12:34:24,西城区,通州区,20.8,6.1
2024-06-24 13:32:29,2024-06-24 13:48:29,顺义区,海淀区,33.1,10.2
2024-06-28 15:16:57,2024-06-28 15:39:57,通州区,海淀区,34.5,10.5
2024-06-27 18:13:18,2024-06-27 18:18:18,通州区,丰台区,18.2,4.3
2024-06-20 21:51:33,2024-06-20 22:00:33,海淀区,房山区,20.9,5.5
2024-06-27 14:29:49,2024-06-27 14:38:49,石景山区,通州区,18.9,4.2
2024-06-08 23:06:10,2024-06-08 23:13:10,海淀区,通州区,21.3,4.8
2024-06-09 13:58:27,2024-06-09 14:11:27,顺义区,西城区,28.6,9.2
2024-06-22 11:35:05,2024-06-22 11:49:05,东城区,门头沟区,26.3,8.7
2024-06-06 09:40:47,2024-06-06 10:22:47,通州区,东城区,43.7,16.2
2024-06-21 04:35:47,2024-06-21 05:20:47,西城区,石景山区,32.4,10.4
2024-06-06 18:15:38,2024-06-06 18:30:38,东城区,门头沟区,36.4,11.5
2024-06-04 17:50:34,2024-06-04 18:04:34,丰台区,朝阳区,22.6,6.9
2024-06-17 12:56:47,2024-06-17 13:05:47,石景山区,房山区,26.5,7.3
2024-06-14 13:13:02,2024-06-14 13:42:02,海淀区,门头沟区,60.0,22.8
2024-06-30 17:44:54,2024-06-30 17:53:54,朝阳区,顺义区,25.8,6.8
2024-06-17 11:29:07,2024-06-17 11:32:07,门头沟区,昌平区,13.4,1.0
2024-06-29 18:34:21,2024-06-29 19:15:21,顺义区,大兴区,30.5,9.2
2024-06-19 14:39:06,2024-06-19 14:51:06,东城区,丰台区,17.1,2.6
2024-06-29 14:18:26,2024-06-29 14:28:26,东城区,东城区,25.8,7.2
2024-07-01 17:03:19,2024-07-01 17:11:19,西城区,东城区,14.5,2.3
2024-06-14 12:58:47,2024-06-14 13:28:47,朝阳区,顺义区,44.1,14.6
2024-06-01 21:34:09,2024-06-01 22:01:09,通州区,朝阳区,35.1,11.7
2024-06-14 05:17:40,2024-06-14 05:40:40,顺义区,丰台区,31.8,10.3
2024-06-06 10:34:31,2024-06-06 10:40:31,石景山区,房山区,13.1,2.9
2024-06-14 14:05:08,2024-06-14 14:31:08,西城区,东城区,33.0,10.7
2024-06-24 18:18:06,2024-06-24 18:24:06,西城区,西城区,16.2,3.7
2024-06-11 12:01:39,2024-06-11 12:08:39,西城区,通州区,19.8,4.8
2024-06-22 18:46:33,2024-06-22 19:36:33,昌平区,海淀区,37.8,13.5
2024-06-02 17:04:04,2024-06-02 17:23:04,石景山区,丰台区,34.2,11.2
2024-06-05 23:51:24,2024-06-06 00:00:24,朝阳区,房山区,14.9,2.3
2024-06-16 12:16:14,2024-06-16 13:16:14,西城区,大兴区,42.1,14.0
2024-06-14 17:28:34,2024-06-14 17:35:34,西城区,朝阳区,19.3,5.5
2024-06-12 09:41:31,2024-06-12 09:58:31,朝阳区,西城区,28.5,8.8
2024-06-07 13:46:04,2024-06-07 14:16:04,海淀区,房山区,48.2,16.2
2024-06-16 20:05:02,2024-06-16 20:23:02,通州区,朝阳区,24.1,7.1
2024-06-19 08:06:55,2024-06-19 08:33:55,东城区,昌平区,36.8,12.7
2024-06-29 09:26:52,2024-06-29 09:42:52,房山区,房山区,37.6,11.6
2024-06-01 15:56:36,2024-06-01 16:21:36,石景山区,海淀区,33.0,10.9
2024-06-23 13:47:34,2024-06-23 14:03:34,西城区,昌平区,30.2,9.6
2024-06-19 13:22:51,2024-06-19 13:29:51,朝阳区,石景山区,14.0,3.1
2024-06-15 12:15:09,2024-06-15 12:35:09,丰台区,通州区,18.8,4.5
2024-06-30 13:50:05,2024-06-30 14:03:05,东城区,大兴区,19.8,5.2
2024-06-24 08:08:43,2024-06-24 08:14:43,朝阳区,石景山区,17.6,2.7
2024-06-23 07:27:21,2024-06-23 07:35:21,昌平区,海淀区,22.5,6.2
2024-06-24 18:11:44,2024-06-24 18:19:44,东城区,东城区,18.4,4.7
2024-06-26 09:07:43,2024-06-26 09:12:43,门头沟区,石景山区,21.5,4.7
2024-06-21 18:32:58,2024-06-21 19:36:58,大兴区,西城区,31.5,10.6
2024-06-18 10:49:40,2024-06-18 11:13:40,房山区,门头沟区,21.2,5.4
2024-06-12 08:57:48,2024-06-12 09:00:48,顺义区,丰台区,18.0,1.9
2024-06-08 17:37:12,2024-06-08 17:57:12,东城区,西城区,43.0,14.7
2024-06-26 11:25:52,2024-06-26 11:37:52,房山区,昌平区,28.5,8.7
2024-06-03 22:18:34,2024-06-03 22:40:34,石景山区,石景山区,32.8,10.2
2024-06-19 15:40:53,2024-06-19 15:50:53,通州区,海淀区,22.2,4.9
2024-06-28 08:14:26,2024-06-28 08:33:26,昌平区,朝阳区,35.0,11.9
2024-06-16 18:48:23,2024-06-16 18:51:23,昌平区,顺义区,15.4,1.0
2024-06-03 17:46:53,2024-06-03 18:08:53,朝阳区,顺义区,36.2,11.1
2024-06-05 18:05:49,2024-06-05 18:12:49,通州区,门头沟区,16.7,3.7
2024-06-07 19:53:12,2024-06-07 20:13:12,房山区,昌平区,31.7,10.4
2024-06-17 10:49:24,2024-06-17 11:23:24,大兴区,门头沟区,37.9,11.7
2024-06-20 15:14:33,2024-06-20 15:27:33,顺义区,丰台区,22.8,7.2
2024-06-01 05:56:29,2024-06-01 06:05:29,通州区,西城区,20.0,4.9
2024-06-04 11:03:07,2024-06-04 11:23:07,朝阳区,石景山区,37.7,12.3
2024-06-04 18:09:57,2024-06-04 18:41:57,西城区,顺义区,28.3,9.0
2024-06-17 03:43:33,2024-06-17 04:36:33,西城区,通州区,40.3,13.8
2024-06-26 10:01:51,2024-06-26 10:11:51,东城区,西城区,28.0,7.6
2024-06-12 05:10:10,2024-06-12 05:13:10,朝阳区,通州区,17.5,1.0
2024-06-29 13:50:30,2024-06-29 14:09:30,海淀区,门头沟区,33.4,11.8
2024-06-28 23:57:12,2024-06-29 00:16:12,东城区,西城区,35.3,11.7
2024-06-28 17:07:26,2024-06-28 17:51:26,昌平区,大兴区,39.6,13.0
2024-06-08 09:25:22,2024-06-08 09:40:22,西城区,海淀区,24.8,6.8
2024-06-04 12:42:40,2024-06-04 13:02:40,石景山区,门头沟区,29.2,8.9
2024-06-06 19:27:22,2024-06-06 19:40:22,西城区,昌平区,34.3,11.6
2024-06-27 13:45:17,2024-06-27 14:08:17,昌平区,石景山区,40.5,13.2
2024-06-15 19:45:03,2024-06-15 19:56:03,海淀区,石景山区,20.8,6.0
2024-06-13 07:17:09,2024-06-13 07:27:09,朝阳区,通州区,26.8,8.6
2024-06-19 07:15:02,2024-06-19 07:32:02,丰台区,西城区,38.8,12.3
2024-06-04 13:13:10,2024-06-04 13:32:10,丰台区,昌平区,39.2,14.1
2024-06-23 11:53:41,2024-06-23 12:00:41,昌平区,房山区,17.9,4.0
2024-07-01 21:07:35,2024-07-01 21:10:35,东城区,丰台区,15.3,1.1
2024-06-08 18:23:47,2024-06-08 18:47:47,昌平区,丰台区,41.1,14.0
2024-06-29 18:20:54,2024-06-29 18:51:54,西城区,海淀区,31.8,10.6
2024-06-02 08:30:38,2024-06-02 08:41:38,石景山区,房山区,23.9,7.0
2024-06-20 11:27:35,2024-06-20 11:39:35,朝阳区,通州区,26.0,7.1
2024-06-01 17:02:07,2024-06-01 17:07:07,丰台区,门头沟区,15.3,3.5
2024-06-11 22:02:36,2024-06-11 22:24:36,门头沟区,朝阳区,28.4,7.6
2024-06-05 19:08:44,2024-06-05 19:17:44,朝阳区,朝阳区,22.3,6.6
2024-07-01 14:56:02,2024-07-01 15:15:02,昌平区,大兴区,31.6,9.0
2024-06-14 08:05:03,2024-06-14 08:26:03,海淀区,丰台区,29.6,9.8
2024-07-01 08:36:07,2024-07-01 08:55:07,大兴区,顺义区,44.4,14.7
2024-06-09 08:26:11,2024-06-09 08:52:11,房山区,房山区,30.2,10.4
2024-06-06 09:43:15,2024-06-06 10:25:15,西城区,顺义区,48.2,18.3
2024-06-26 13:08:16,2024-06-26 13:35:16,石景山区,大兴区,26.1,7.7
2024-06-16 08:59:15,2024-06-16 09:08:15,昌平区,门头沟区,19.3,5.2
2024-06-25 13:35:45,2024-06-25 13:52:45,海淀区,石景山区,28.2,8.0
2024-06-05 18:06:53,2024-06-05 18:19:53,西城区,西城区,20.8,5.6
2024-06-25 17:19:27,2024-06-25 17:30:27,朝阳区,房山区,21.5,6.5
2024-06-10 12:37:55,2024-06-10 12:43:55,丰台区,石景山区,19.4,3.8
2024-06-20 12:16:12,2024-06-20 12:26:12,昌平区,丰台区,20.3,5.7
2024-06-14 17:20:37,2024-06-14 17:23:37,海淀区,顺义区,14.8,1.1
2024-06-25 12:21:18,2024-06-25 12:35:18,海淀区,东城区,26.1,7.8
2024-06-20 18:06:48,2024-06-20 18:41:48,丰台区,海淀区,44.6,15.2
2024-06-13 07:13:44,2024-06-13 07:32:44,石景山区,门头沟区,30.6,8.5
2024-06-29 15:02:56,2024-06-29 15:32:56,丰台区,西城区,29.6,8.8
2024-06-22 12:31:22,2024-06-22 12:51:22,西城区,房山区,42.9,14.1
2024-06-03 09:56:15,2024-06-03 10:09:15,东城区,昌平区,30.3,10.1
2024-06-28 12:53:25,2024-06-28 13:01:25,石景山区,海淀区,14.0,3.4
2024-06-27 14:40:56,2024-06-27 14:49:56,昌平区,朝阳区,19.2,4.3
2024-06-22 16:43:31,2024-06-22 17:02:31,大兴区,顺义区,33.1,10.4
2024-06-10 13:23:51,2024-06-10 13:39:51,东城区,东城区,28.9,8.7
2024-06-07 11:22:08,2024-06-07 11:46:08,西城区,西城区,24.9,6.5
2024-06-03 08:24:03,2024-06-03 09:05:03,西城区,大兴区,47.2,15.8
2024-06-24 10:09:22,2024-06-24 10:24:22,通州区,海淀区,25.3,7.9
2024-06-18 12:39:50,2024-06-18 12:48:50,石景山区,昌平区,18.5,5.3
2024-06-30 17:26:22,2024-06-30 17:58:22,房山区,通州区,52.4,19.6
2024-06-23 06:48:26,2024-06-23 07:03:26,朝阳区,朝阳区,31.4,8.9
2024-06-05 20:21:02,2024-06-05 20:44:02,大兴区,西城区,32.6,9.9
2024-06-05 09:14:28,2024-06-05 09:35:28,丰台区,昌平区,38.3,13.3
2024-06-22 12:12:24,2024-06-22 12:39:24,通州区,西城区,35.9,11.8
2024-06-08 08:33:53,2024-06-08 08:39:53,朝阳区,西城区,22.0,4.8
2024-06-03 14:59:46,2024-06-03 15:16:46,石景山区,丰台区,30.9,8.9
2024-06-04 12:39:47,2024-06-04 12:51:47,丰台区,石景山区,25.7,8.1
2024-07-01 21:15:57,2024-07-01 21:31:57,东城区,丰台区,35.1,12.3
2024-06-10 12:47:32,2024-06-10 13:10:32,朝阳区,大兴区,30.4,9.6
2024-06-10 15:36:38,2024-06-10 15:53:38,朝阳区,顺义区,30.5,9.2
2024-06-28 13:57:32,2024-06-28 14:20:32,房山区,昌平区,44.3,14.5
2024-06-08 13:47:48,2024-06-08 14:08:48,朝阳区,西城区,33.4,10.3
2024-06-29 10:07:03,2024-06-29 10:10:03,通州区,海淀区,14.8,1.0
2024-06-21 09:06:19,2024-06-21 09:26:19,海淀区,海淀区,31.9,9.2
2024-06-16 21:03:23,2024-06-16 21:25:23,海淀区,朝阳区,26.9,8.1
2024-06-01 20:00:05,2024-06-01 20:07:05,海淀区,门头沟区,15.2,2.9
2024-06-07 13:31:20,2024-06-07 13:46:20,朝阳区,门头沟区,19.4,5.5
2024-07-01 06:38:49,2024-07-01 07:55:49,丰台区,顺义区,46.8,16.8
2024-06-25 12:36:27,2024-06-25 12:41:27,昌平区,顺义区,17.0,3.2
2024-06-24 18:28:51,2024-06-24 18:35:51,西城区,房山区,17.3,3.8
2024-06-05 18:36:26,2024-06-05 18:46:26,朝阳区,门头沟区,21.0,5.5
2024-06-13 09:08:16,2024-06-13 09:12:16,丰台区,西城区,17.4,1.3
2024-06-19 13:27:45,2024-06-19 13:47:45,西城区,石景山区,37.7,13.1
2024-06-15 08:02:43,2024-06-15 08:17:43,大兴区,顺义区,29.4,9.3
2024-06-15 09:06:29,2024-06-15 09:21:29,朝阳区,大兴区,31.1,9.9
2024-06-11 20:27:21,2024-06-11 20:46:21,丰台区,丰台区,13.6,3.1
2024-06-26 08:17:47,2024-06-26 08:20:47,海淀区,顺义区,17.6,1.0
2024-06-10 09:32:21,2024-06-10 09:48:21,顺义区,朝阳区,34.8,12.3
2024-06-26 16:55:27,2024-06-26 16:58:27,石景山区,东城区,17.3,1.0
2024-06-20 09:26:44,2024-06-20 09:45:44,朝阳区,通州区,34.4,10.3
2024-06-19 12:11:27,2024-06-19 12:19:27,顺义区,顺义区,19.0,4.5
2024-06-18 17:32:00,2024-06-18 17:51:00,海淀区,东城区,26.6,7.6
2024-06-04 15:40:57,2024-06-04 15:56:57,东城区,朝阳区,28.1,8.4
2024-06-27 17:55:08,2024-06-27 18:08:08,通州区,西城区,26.6,7.9
2024-06-05 12:50:11,2024-06-05 13:53:11,房山区,昌平区,51.8,19.6
2024-06-16 17:27:17,2024-06-16 17:40:17,丰台区,大兴区,28.8,9.5
2024-06-26 23:10:05,2024-06-26 23:20:05,朝阳区,门头沟区,20.1,5.5
2024-06-08 09:23:27,2024-06-08 10:03:27,东城区,丰台区,49.6,18.0
2024-06-15 20:47:09,2024-06-15 21:00:09,顺义区,顺义区,25.5,6.9
2024-06-08 03:50:02,2024-06-08 04:24:02,昌平区,门头沟区,27.7,9.3
2024-06-11 07:27:22,2024-06-11 07:46:22,顺义区,东城区,37.9,13.7
2024-06-08 13:30:27,2024-06-08 13:42:27,西城区,门头沟区,23.1,6.9
2024-06-05 09:07:03,2024-06-05 09:10:03,东城区,西城区,15.9,1.0
2024-06-28 13:34:52,2024-06-28 13:37:52,西城区,门头沟区,16.3,1.0
2024-06-18 07:14:09,2024-06-18 07:31:09,东城区,顺义区,29.7,8.3
2024-06-18 05:49:16,2024-06-18 06:06:16,大兴区,海淀区,15.2,3.6
2024-06-26 09:37:55,2024-06-26 09:44:55,朝阳区,东城区,26.1,6.7
2024-06-09 04:56:30,2024-06-09 05:06:30,房山区,西城区,24.9,7.6
2024-06-27 13:10:50,2024-06-27 13:35:50,丰台区,房山区,31.6,10.8
2024-06-18 14:12:08,2024-06-18 14:25:08,大兴区,石景山区,22.9,6.7
2024-06-29 07:24:00,2024-06-29 08:23:00,通州区,丰台区,47.8,16.1
2024-06-01 13:33:51,2024-06-01 13:41:51,西城区,门头沟区,20.0,4.0
2024-06-16 17:43:23,2024-06-16 17:46:23,海淀区,顺义区,16.1,1.8
2024-06-08 08:18:52,2024-06-08 08:49:52,海淀区,西城区,52.1,18.4
2024-06-26 19:46:42,2024-06-26 20:22:42,海淀区,房山区,33.0,11.6
2024-06-24 09:19:49,2024-06-24 09:27:49,朝阳区,顺义区,16.4,3.4
2024-06-25 09:42:39,2024-06-25 09:50:39,通州区,朝阳区,17.4,4.8
2024-06-03 14:39:32,2024-06-03 14:59:32,海淀区,顺义区,36.6,11.7
2024-06-27 18:13:23,2024-06-27 18:20:23,门头沟区,朝阳区,18.0,3.6
2024-06-12 07:58:57,2024-06-12 08:23:57,东城区,顺义区,19.4,5.0
2024-06-30 16:45:13,2024-06-30 16:54:13,西城区,朝阳区,21.6,5.4
2024-06-13 14:50:52,2024-06-13 15:02:52,西城区,丰台区,27.9,9.1
2024-06-11 10:36:51,2024-06-11 11:00:51,朝阳区,顺义区,33.2,10.3
2024-06-22 19:11:33,2024-06-22 19:29:33,朝阳区,石景山区,38.7,13.0
2024-06-20 13:17:03,2024-06-20 13:40:03,东城区,大兴区,29.7,8.2
2024-06-10 11:12:40,2024-06-10 12:54:40,朝阳区,昌平区,49.2,17.4
2024-06-19 20:57:21,2024-06-19 21:05:21,通州区,门头沟区,20.7,5.7
2024-06-27 18:20:18,2024-06-27 18:37:18,顺义区,昌平区,29.3,8.9
2024-06-29 12:11:50,2024-06-29 12:29:50,大兴区,房山区,27.5,7.3
2024-06-03 12:58:49,2024-06-03 13:15:49,东城区,大兴区,21.5,6.6
2024-06-14 12:55:58,2024-06-14 13:09:58,大兴区,通州区,23.1,5.9
2024-06-01 07:52:19,2024-06-01 08:06:19,昌平区,东城区,28.5,8.6
2024-06-08 18:07:42,2024-06-08 18:11:42,房山区,顺义区,13.1,1.9
2024-06-03 09:31:18,2024-06-03 10:10:18,朝阳区,海淀区,36.6,12.2
2024-07-01 14:09:06,2024-07-01 14:23:06,朝阳区,西城区,26.6,7.4
2024-06-16 09:22:10,2024-06-16 09:38:10,丰台区,朝阳区,33.1,10.2
2024-07-01 18:08:14,2024-07-01 18:13:14,朝阳区,顺义区,13.7,2.9
2024-06-12 08:49:18,2024-06-12 09:13:18,房山区,东城区,34.1,12.0
2024-06-14 07:56:11,2024-06-14 08:00:11,丰台区,大兴区,15.6,1.7
2024-06-14 17:17:14,2024-06-14 17:27:14,朝阳区,昌平区,23.4,6.8
2024-06-01 09:47:30,2024-06-01 09:50:30,房山区,石景山区,14.6,1.0
2024-06-09 12:22:07,2024-06-09 13:24:07,丰台区,顺义区,30.8,10.3
2024-06-21 17:46:47,2024-06-21 18:07:47,朝阳区,房山区,44.8,15.4
2024-06-09 17:23:26,2024-06-09 17:43:26,通州区,昌平区,25.4,7.6
2024-06-09 03:35:51,2024-06-09 03:58:51,大兴区,丰台区,30.7,8.8
2024-06-22 22:05:43,2024-06-22 22:08:43,西城区,石景山区,14.0,1.0
2024-06-24 12:31:29,2024-06-24 13:07:29,海淀区,石景山区,60.2,21.4
2024-06-15 19:01:16,2024-06-15 19:18:16,朝阳区,西城区,27.0,8.2
2024-06-28 17:11:35,2024-06-28 17:28:35,西城区,朝阳区,33.6,10.3
2024-06-01 15:25:42,2024-06-01 16:25:42,丰台区,朝阳区,39.9,13.6
2024-06-14 07:31:23,2024-06-14 08:03:23,海淀区,昌平区,35.8,11.0
2024-06-03 11:01:04,2024-06-03 11:21:04,石景山区,朝阳区,23.8,6.4
2024-06-25 15:30:53,2024-06-25 15:37:53,大兴区,海淀区,13.9,2.1
2024-07-01 14:58:24,2024-07-01 15:23:24,海淀区,大兴区,36.3,11.8
2024-06-23 03:31:11,2024-06-23 03:56:11,大兴区,房山区,24.0,6.6
2024-06-30 18:13:55,2024-06-30 18:18:55,朝阳区,顺义区,15.6,4.0
2024-06-24 15:55:58,2024-06-24 16:09:58,朝阳区,海淀区,21.9,5.3
2024-06-22 19:40:18,2024-06-22 19:44:18,大兴区,大兴区,15.0,1.0
2024-06-27 11:04:26,2024-06-27 11:11:26,顺义区,大兴区,13.9,3.1
2024-06-14 09:16:12,2024-06-14 09:23:12,海淀区,石景山区,18.1,4.8
2024-06-12 16:48:03,2024-06-12 17:04:03,昌平区,通州区,33.3,10.4
2024-06-02 12:19:32,2024-06-02 12:26:32,海淀区,西城区,22.1,4.9
2024-06-20 08:48:57,2024-06-20 09:02:57,西城区,西城区,32.6,10.3
2024-06-23 09:50:10,2024-06-23 10:14:10,丰台区,昌平区,33.7,10.0
2024-06-27 08:55:17,2024-06-27 09:12:17,通州区,西城区,36.5,11.7
2024-06-18 12:34:01,2024-06-18 12:45:01,大兴区,通州区,20.4,4.9
2024-06-02 09:38:01,2024-06-02 09:41:01,通州区,大兴区,13.5,1.0
2024-06-25 07:21:57,2024-06-25 07:47:57,东城区,通州区,28.9,8.0
2024-06-26 21:50:06,2024-06-26 22:25:06,顺义区,西城区,24.4,5.8
2024-06-16 18:57:54,2024-06-16 19:14:54,西城区,朝阳区,33.1,11.2
2024-06-29 18:10:42,2024-06-29 18:28:42,丰台区,石景山区,30.8,10.1
2024-06-02 12:50:57,2024-06-02 13:05:57,东城区,东城区,21.7,6.5
2024-06-03 08:34:54,2024-06-03 08:55:54,海淀区,顺义区,40.2,12.8
2024-06-06 18:15:33,2024-06-06 18:27:33,昌平区,大兴区,29.8,8.6
2024-06-02 07:55:52,2024-06-02 08:04:52,西城区,西城区,16.3,4.4
2024-06-16 09:47:25,2024-06-16 09:53:25,顺义区,房山区,16.4,2.9
2024-06-05 08:19:30,2024-06-05 08:30:30,朝阳区,房山区,18.9,5.3
2024-06-06 19:23:02,2024-06-06 19:45:02,大兴区,海淀区,47.9,16.9
2024-06-23 09:41:26,2024-06-23 09:44:26,朝阳区,顺义区,16.2,1.0
2024-06-11 11:41:03,2024-06-11 11:53:03,大兴区,通州区,23.3,6.5
2024-06-21 00:34:05,2024-06-21 00:57:05,石景山区,石景山区,38.8,13.6
2024-06-26 17:04:30,2024-06-26 17:47:30,朝阳区,房山区,33.1,10.4
2024-06-30 08:07:56,2024-06-30 08:17:56,朝阳区,海淀区,25.5,6.9
2024-06-11 12:04:51,2024-06-11 12:35:51,房山区,西城区,32.7,10.0
2024-06-07 17:39:51,2024-06-07 17:46:51,海淀区,门头沟区,17.1,4.7
2024-06-28 18:50:07,2024-06-28 19:14:07,东城区,石景山区,44.0,14.5
2024-06-01 12:53:55,2024-06-01 12:56:55,丰台区,门头沟区,13.7,1.3
2024-06-22 14:50:27,2024-06-22 15:05:27,朝阳区,丰台区,35.5,11.3
2024-06-16 16:27:44,2024-06-16 16:30:44,西城区,西城区,14.4,1.0
2024-07-01 07:48:35,2024-07-01 08:13:35,昌平区,丰台区,24.1,5.8
2024-06-01 23:02:05,2024-06-01 23:27:05,丰台区,通州区,48.8,16.7
2024-06-03 15:50:53,2024-06-03 15:57:53,东城区,海淀区,19.1,4.7
2024-06-22 07:57:15,2024-06-22 08:43:15,丰台区,东城区,42.4,14.0
2024-07-01 17:07:03,2024-07-01 17:10:03,西城区,昌平区,15.5,1.8
2024-06-26 17:39:58,2024-06-26 18:17:58,海淀区,顺义区,24.5,6.3
2024-06-05 17:31:00,2024-06-05 17:39:00,顺义区,海淀区,24.6,6.1
2024-06-27 09:19:02,2024-06-27 09:44:02,海淀区,房山区,32.4,10.1
2024-06-10 11:57:52,2024-06-10 12:10:52,昌平区,东城区,29.6,8.6
2024-06-06 20:12:16,2024-06-06 20:16:16,东城区,丰台区,15.0,3.3
2024-06-04 21:58:29,2024-06-04 22:10:29,朝阳区,海淀区,23.7,6.8
2024-06-10 08:47:24,2024-06-10 08:50:24,西城区,门头沟区,14.6,1.0
2024-06-22 09:55:42,2024-06-22 10:10:42,房山区,昌平区,21.7,5.5
2024-06-29 10:41:30,2024-06-29 11:12:30,顺义区,海淀区,38.1,13.6
2024-06-13 13:05:35,2024-06-13 13:47:35,房山区,通州区,24.9,7.0
2024-06-10 18:15:43,2024-06-10 18:20:43,顺义区,西城区,17.4,1.9
2024-06-12 18:08:59,2024-06-12 18:25:59,门头沟区,石景山区,26.9,9.0
2024-07-01 14:17:59,2024-07-01 14:39:59,石景山区,朝阳区,30.1,8.4
2024-06-16 11:53:52,2024-06-16 12:13:52,西城区,顺义区,26.8,8.0
2024-06-28 20:15:43,2024-06-28 20:45:43,顺义区,门头沟区,31.2,10.9
2024-06-28 18:01:59,2024-06-28 18:05:59,西城区,房山区,13.3,2.3
2024-06-06 15:42:10,2024-06-06 16:20:10,大兴区,房山区,48.5,16.9
2024-06-16 18:29:30,2024-06-16 18:40:30,丰台区,房山区,19.7,5.0
2024-06-16 05:24:19,2024-06-16 05:34:19,东城区,顺义区,17.2,3.4
2024-06-19 17:39:35,2024-06-19 17:44:35,昌平区,顺义区,17.6,1.9
2024-06-02 11:27:09,2024-06-02 11:33:09,海淀区,东城区,16.9,3.1
2024-06-30 11:10:43,2024-06-30 11:16:43,通州区,房山区,16.2,3.0
2024-06-13 10:20:10,2024-06-13 10:23:10,房山区,石景山区,15.8,1.0
2024-06-16 20:33:47,2024-06-16 20:52:47,东城区,顺义区,29.4,8.2
2024-06-18 20:03:19,2024-06-18 20:59:19,大兴区,昌平区,34.8,11.7
2024-06-24 13:42:12,2024-06-24 13:45:12,大兴区,海淀区,17.7,1.0
2024-06-04 20:07:56,2024-06-04 20:28:56,昌平区,大兴区,42.0,13.5
2024-06-12 19:48:33,2024-06-12 20:02:33,通州区,通州区,26.2,7.0
2024-06-04 12:11:13,2024-06-04 12:52:13,海淀区,海淀区,38.8,12.4
2024-07-01 12:26:17,2024-07-01 12:29:17,朝阳区,东城区,17.2,1.0
2024-06-03 08:30:12,2024-06-03 08:33:12,朝阳区,石景山区,13.3,1.0
2024-07-01 08:35:02,2024-07-01 09:18:02,石景山区,西城区,38.0,13.7
2024-07-01 16:03:25,2024-07-01 16:08:25,房山区,通州区,19.3,4.6
2024-06-28 08:06:45,2024-06-28 08:23:45,海淀区,东城区,28.1,8.0
2024-06-29 19:10:53,2024-06-29 19:29:53,东城区,昌平区,28.4,7.8
2024-06-18 17:59:19,2024-06-18 18:02:19,大兴区,昌平区,16.8,1.0
2024-06-11 09:44:58,2024-06-11 10:01:58,昌平区,顺义区,14.8,3.7
2024-06-29 16:33:44,2024-06-29 16:38:44,西城区,朝阳区,14.8,3.0
2024-06-15 17:22:48,2024-06-15 17:47:48,顺义区,东城区,40.2,13.7
2024-06-08 16:23:19,2024-06-08 16:40:19,海淀区,顺义区,36.7,12.7
2024-07-01 09:56:13,2024-07-01 10:32:13,西城区,石景山区,52.0,19.7
2024-06-27 15:18:10,2024-06-27 15:36:10,朝阳区,丰台区,33.4,11.5
2024-06-29 14:45:55,2024-06-29 15:09:55,海淀区,大兴区,44.7,16.5
2024-06-15 17:11:09,2024-06-15 17:14:09,朝阳区,通州区,14.5,1.0
2024-06-04 08:40:27,2024-06-04 08:50:27,海淀区,朝阳区,23.9,7.6
2024-06-25 07:41:53,2024-06-25 07:51:53,东城区,朝阳区,19.8,5.7
2024-06-23 17:16:00,2024-06-23 17:42:00,通州区,门头沟区,37.3,12.1
2024-06-20 10:52:35,2024-06-20 11:05:35,石景山区,东城区,21.3,6.3
2024-06-25 07:16:33,2024-06-25 07:52:33,西城区,房山区,50.9,18.5
2024-06-18 15:41:08,2024-06-18 15:55:08,朝阳区,顺义区,26.4,8.3
2024-06-14 09:21:49,2024-06-14 10:18:49,昌平区,大兴区,54.6,21.0
2024-06-09 18:53:52,2024-06-09 19:16:52,丰台区,顺义区,23.9,7.2
2024-06-30 17:53:14,2024-06-30 18:01:14,海淀区,通州区,15.9,1.7
2024-06-06 07:45:10,2024-06-06 07:48:10,顺义区,石景山区,16.9,1.1
2024-06-17 04:38:55,2024-06-17 04:43:55,海淀区,石景山区,13.3,2.8
2024-06-14 16:08:53,2024-06-14 16:51:53,丰台区,昌平区,39.3,12.9
2024-06-20 15:47:43,2024-06-20 15:50:43,西城区,大兴区,17.5,1.1
2024-06-22 08:44:45,2024-06-22 08:58:45,朝阳区,昌平区,26.3,8.2
2024-06-21 15:17:55,2024-06-21 16:08:55,西城区,房山区,47.5,15.9
2024-06-12 19:29:20,2024-06-12 19:48:20,昌平区,石景山区,41.0,15.0
2024-06-08 12:36:41,2024-06-08 13:04:41,东城区,西城区,28.2,8.2
2024-06-29 18:01:38,2024-06-29 18:11:38,通州区,海淀区,19.5,4.8
2024-06-08 22:32:09,2024-06-08 23:11:09,通州区,房山区,35.2,11.6
2024-06-21 09:16:46,2024-06-21 09:52:46,朝阳区,通州区,41.4,13.9
2024-06-18 07:44:52,2024-06-18 08:38:52,东城区,通州区,43.2,14.1
2024-06-24 11:34:03,2024-06-24 12:03:03,丰台区,丰台区,46.3,17.0
2024-06-16 09:22:01,2024-06-16 09:39:01,东城区,丰台区,30.0,9.8
2024-06-15 19:42:02,2024-06-15 20:20:02,石景山区,西城区,28.5,8.2
2024-06-15 11:06:16,2024-06-15 11:24:16,海淀区,西城区,36.3,11.8
2024-06-03 18:37:52,2024-06-03 19:08:52,通州区,东城区,42.9,15.7
2024-06-09 15:13:03,2024-06-09 15:25:03,房山区,门头沟区,19.3,5.2
2024-06-13 12:00:03,2024-06-13 12:14:03,丰台区,顺义区,27.7,9.2
2024-06-15 07:16:34,2024-06-15 07:30:34,西城区,顺义区,23.6,6.5
2024-06-03 07:22:31,2024-06-03 07:48:31,海淀区,顺义区,18.8,4.6
2024-06-16 23:35:19,2024-06-17 00:29:19,朝阳区,丰台区,44.3,15.8
2024-06-10 18:13:29,2024-06-10 18:23:29,朝阳区,西城区,20.4,4.3
2024-06-03 09:46:35,2024-06-03 09:51:35,海淀区,门头沟区,17.7,3.0
2024-06-10 07:43:34,2024-06-10 08:01:34,石景山区,顺义区,30.3,9.7
2024-06-18 09:29:00,2024-06-18 09:48:00,东城区,昌平区,29.1,10.0
2024-06-09 23:57:27,2024-06-10 00:01:27,昌平区,石景山区,13.4,1.0
2024-06-06 17:16:44,2024-06-06 17:36:44,丰台区,昌平区,42.1,13.7
2024-06-18 19:20:18,2024-06-18 19:31:18,顺义区,昌平区,22.2,5.4
2024-06-24 12:17:44,2024-06-24 12:20:44,东城区,门头沟区,15.1,1.0
2024-06-08 08:47:56,2024-06-08 09:03:56,朝阳区,西城区,30.8,10.2
2024-06-02 17:41:20,2024-06-02 17:54:20,朝阳区,海淀区,31.5,10.4
2024-06-21 17:33:22,2024-06-21 17:48:22,朝阳区,昌平区,24.6,6.7
2024-06-17 11:16:13,2024-06-17 11:32:13,朝阳区,丰台区,19.6,5.8
2024-06-06 10:18:45,2024-06-06 10:23:45,朝阳区,丰台区,17.5,2.4
2024-06-16 18:02:36,2024-06-16 18:11:36,海淀区,西城区,13.9,2.7
2024-06-13 15:03:47,2024-06-13 15:14:47,丰台区,顺义区,26.5,6.9
2024-06-20 07:49:09,2024-06-20 08:04:09,朝阳区,房山区,17.9,4.5
2024-06-16 07:25:14,2024-06-16 07:48:14,海淀区,昌平区,33.9,10.9
2024-06-10 19:21:43,2024-06-10 19:50:43,门头沟区,门头沟区,42.7,13.9
2024-06-09 09:42:47,2024-06-09 09:54:47,东城区,门头沟区,28.2,9.0
2024-06-15 09:32:38,2024-06-15 09:48:38,东城区,门头沟区,39.7,14.2
2024-06-25 17:33:45,2024-06-25 17:49:45,西城区,海淀区,24.7,7.8
2024-06-18 20:28:32,2024-06-18 20:38:32,大兴区,石景山区,16.6,3.0
2024-06-01 12:48:40,2024-06-01 13:07:40,朝阳区,朝阳区,31.6,10.2
2024-06-23 17:35:40,2024-06-23 17:49:40,昌平区,昌平区,23.7,7.2
2024-06-01 11:15:18,2024-06-01 11:23:18,丰台区,东城区,19.8,4.0
2024-06-05 08:17:49,2024-06-05 08:33:49,昌平区,顺义区,24.7,7.3
2024-06-24 17:42:07,2024-06-24 17:56:07,房山区,顺义区,28.0,7.4
2024-06-29 08:36:10,2024-06-29 08:40:10,西城区,房山区,13.8,1.6
2024-06-26 12:10:16,2024-06-26 12:13:16,东城区,门头沟区,17.4,1.0
2024-06-04 08:11:50,2024-06-04 08:45:50,东城区,海淀区,32.6,11.1
2024-06-12 12:24:42,2024-06-12 12:27:42,丰台区,昌平区,14.1,1.0
2024-07-01 18:56:45,2024-07-01 19:02:45,丰台区,丰台区,16.4,3.0
2024-06-25 15:05:02,2024-06-25 15:34:02,朝阳区,丰台区,46.8,17.3
2024-06-17 15:38:01,2024-06-17 16:11:01,石景山区,昌平区,29.9,8.7
2024-06-13 11:39:14,2024-06-13 11:47:14,东城区,昌平区,19.8,5.2
2024-06-22 18:33:43,2024-06-22 18:45:43,朝阳区,西城区,17.9,3.4
2024-06-19 23:05:48,2024-06-19 23:16:48,东城区,大兴区,23.9,6.0
2024-06-03 05:15:53,2024-06-03 05:34:53,朝阳区,昌平区,25.7,6.7
2024-06-12 23:12:05,2024-06-12 23:41:05,朝阳区,海淀区,38.0,11.7
2024-06-29 13:16:16,2024-06-29 13:41:16,丰台区,大兴区,45.9,15.7
2024-06-29 16:48:25,2024-06-29 16:55:25,西城区,通州区,19.4,3.9
2024-06-20 13:32:08,2024-06-20 14:17:08,丰台区,通州区,43.4,15.5
2024-06-25 07:35:54,2024-06-25 07:38:54,西城区,丰台区,13.1,1.0
2024-06-18 19:07:43,2024-06-18 19:23:43,通州区,丰台区,30.9,9.2
2024-06-24 07:24:20,2024-06-24 07:27:20,东城区,房山区,15.5,1.0
2024-06-07 10:08:49,2024-06-07 10:41:49,东城区,通州区,39.9,12.9
2024-06-12 09:29:33,2024-06-12 09:32:33,丰台区,东城区,16.2,1.0
2024-06-30 14:05:49,2024-06-30 14:28:49,顺义区,昌平区,26.2,6.7
2024-06-15 15:14:56,2024-06-15 15:37:56,丰台区,门头沟区,33.9,10.5
2024-06-14 17:06:34,2024-06-14 17:10:34,大兴区,大兴区,15.2,2.8
2024-06-04 17:33:35,2024-06-04 17:41:35,海淀区,通州区,16.5,4.3
2024-06-17 11:22:40,2024-06-17 11:54:40,房山区,门头沟区,50.2,17.3
2024-06-02 19:19:01,2024-06-02 20:09:01,朝阳区,房山区,37.6,12.9
2024-06-30 18:01:25,2024-06-30 18:04:25,石景山区,通州区,15.2,1.0
2024-06-30 16:02:59,2024-06-30 16:07:59,东城区,石景山区,19.0,3.5
2024-07-01 08:46:33,2024-07-01 09:08:33,海淀区,大兴区,31.9,10.6
2024-06-10 17:10:03,2024-06-10 17:34:03,西城区,西城区,39.3,14.2
2024-06-05 09:48:46,2024-06-05 10:07:46,海淀区,石景山区,34.5,11.1
2024-06-11 19:51:41,2024-06-11 20:10:41,大兴区,石景山区,27.1,8.8
2024-06-25 14:46:40,2024-06-25 15:07:40,昌平区,西城区,29.3,9.7
2024-06-21 13:27:31,2024-06-21 13:31:31,房山区,西城区,17.4,1.7
2024-07-01 07:41:35,2024-07-01 08:13:35,通州区,石景山区,38.6,12.6
2024-06-25 15:34:12,2024-06-25 15:48:12,石景山区,西城区,29.3,9.6
2024-06-11 18:29:38,2024-06-11 18:42:38,朝阳区,东城区,30.2,8.6
2024-06-19 12:00:25,2024-06-19 12:04:25,东城区,丰台区,13.6,3.2
2024-06-30 11:21:46,2024-06-30 11:32:46,昌平区,丰台区,27.6,7.2
2024-06-18 00:29:45,2024-06-18 00:49:45,昌平区,东城区,27.8,9.0
2024-06-29 09:57:00,2024-06-29 10:16:00,海淀区,丰台区,33.0,10.4
2024-06-15 15:45:04,2024-06-15 16:13:04,西城区,朝阳区,25.0,8.2
2024-06-17 19:05:28,2024-06-17 19:23:28,丰台区,朝阳区,25.6,6.4
2024-06-14 13:48:13,2024-06-14 14:11:13,丰台区,门头沟区,34.9,12.1
2024-06-06 20:12:06,2024-06-06 20:15:06,海淀区,丰台区,13.1,1.0
2024-06-18 20:10:49,2024-06-18 20:13:49,房山区,门头沟区,17.6,1.5
2024-06-02 22:43:37,2024-06-02 22:51:37,石景山区,海淀区,16.8,4.2
2024-06-17 18:25:34,2024-06-17 18:35:34,东城区,石景山区,19.6,4.6
2024-06-10 10:30:09,2024-06-10 10:38:09,海淀区,海淀区,17.9,4.1
2024-06-09 21:24:12,2024-06-09 21:41:12,海淀区,顺义区,21.2,5.0
2024-06-13 06:31:00,2024-06-13 06:34:00,朝阳区,大兴区,15.1,1.0
2024-07-01 10:42:31,2024-07-01 11:08:31,西城区,石景山区,31.4,9.4
2024-06-01 19:51:41,2024-06-01 20:51:41,顺义区,门头沟区,42.5,15.0
2024-06-09 22:16:10,2024-06-09 22:39:10,丰台区,朝阳区,33.7,11.8
2024-06-19 12:46:12,2024-06-19 13:03:12,东城区,海淀区,29.9,10.0
2024-07-01 07:22:22,2024-07-01 07:30:22,顺义区,昌平区,22.2,6.5
2024-06-10 12:38:33,2024-06-10 12:57:33,朝阳区,朝阳区,37.5,12.0
2024-06-30 08:51:37,2024-06-30 09:04:37,朝阳区,顺义区,22.1,5.1
2024-06-06 15:00:17,2024-06-06 15:27:17,昌平区,海淀区,41.5,14.8
2024-06-08 17:17:16,2024-06-08 17:39:16,西城区,房山区,42.3,13.9
2024-06-16 12:27:05,2024-06-16 12:45:05,西城区,房山区,26.5,6.7
2024-07-01 13:48:06,2024-07-01 13:51:06,丰台区,丰台区,13.1,1.0
2024-06-18 10:50:37,2024-06-18 10:53:37,大兴区,石景山区,17.7,1.4
2024-06-15 23:47:07,2024-06-16 00:07:07,大兴区,海淀区,21.9,6.3
2024-06-17 05:57:25,2024-06-17 06:07:25,丰台区,顺义区,21.1,6.4
2024-06-12 19:12:54,2024-06-12 19:46:54,通州区,房山区,20.3,5.6
2024-06-20 21:19:34,2024-06-20 21:40:34,西城区,东城区,40.4,13.7
2024-06-06 06:11:42,2024-06-06 06:32:42,通州区,门头沟区,52.6,18.4
2024-06-21 13:40:21,2024-06-21 13:56:21,海淀区,石景山区,29.0,9.9
2024-06-03 05:15:29,2024-06-03 05:24:29,通州区,昌平区,23.2,5.6
2024-06-07 07:44:42,2024-06-07 08:11:42,大兴区,门头沟区,38.5,12.3
2024-06-05 16:14:56,2024-06-05 16:49:56,西城区,顺义区,47.0,16.1
2024-06-03 18:07:34,2024-06-03 18:16:34,朝阳区,东城区,25.5,7.4
2024-06-12 08:08:16,2024-06-12 08:11:16,朝阳区,西城区,16.1,1.4
2024-06-05 12:01:24,2024-06-05 12:09:24,东城区,石景山区,17.2,3.7
2024-06-12 19:15:06,2024-06-12 20:01:06,通州区,大兴区,48.9,17.2
2024-06-06 08:55:22,2024-06-06 09:16:22,昌平区,昌平区,49.5,16.9
2024-06-28 08:19:43,2024-06-28 08:22:43,朝阳区,昌平区,15.9,1.7
2024-06-30 10:18:53,2024-06-30 10:37:53,海淀区,朝阳区,36.4,12.4
2024-06-27 10:57:01,2024-06-27 11:01:01,西城区,丰台区,15.8,2.0
2024-06-08 14:26:56,2024-06-08 14:55:56,海淀区,东城区,47.3,16.6
2024-06-05 09:26:49,2024-06-05 09:33:49,东城区,通州区,17.8,2.9
2024-06-05 13:34:24,2024-06-05 13:39:24,顺义区,朝阳区,13.8,1.1
2024-06-27 13:44:13,2024-06-27 13:50:13,通州区,昌平区,16.5,2.5
2024-06-26 12:32:35,2024-06-26 12:36:35,海淀区,门头沟区,13.2,1.0
2024-06-10 15:11:12,2024-06-10 15:48:12,朝阳区,通州区,20.5,6.2
2024-06-15 18:49:42,2024-06-15 18:59:42,西城区,昌平区,19.5,4.9
2024-06-23 17:10:43,2024-06-23 18:14:43,西城区,东城区,51.0,17.4
2024-06-06 08:59:52,2024-06-06 09:27:52,海淀区,昌平区,46.1,15.3
2024-06-05 21:53:53,2024-06-05 21:58:53,朝阳区,东城区,14.1,2.1
2024-06-03 07:13:42,2024-06-03 07:29:42,西城区,石景山区,27.9,8.7
2024-06-26 12:42:09,2024-06-26 13:18:09,朝阳区,丰台区,20.6,6.0
2024-06-12 13:53:25,2024-06-12 13:56:25,昌平区,石景山区,16.1,1.4
2024-06-07 11:07:58,2024-06-07 11:10:58,通州区,东城区,17.1,1.0
2024-06-18 09:10:53,2024-06-18 09:13:53,大兴区,东城区,14.9,1.2
2024-06-28 11:05:07,2024-06-28 11:43:07,朝阳区,通州区,49.4,18.7
2024-06-30 13:43:15,2024-06-30 13:58:15,朝阳区,大兴区,26.6,8.7
2024-06-19 03:55:06,2024-06-19 03:58:06,大兴区,门头沟区,15.2,1.0
2024-06-26 15:43:39,2024-06-26 16:01:39,门头沟区,通州区,26.2,8.2
2024-06-23 06:35:13,2024-06-23 06:42:13,海淀区,房山区,23.2,5.6
2024-06-17 13:34:03,2024-06-17 13:53:03,门头沟区,门头沟区,36.7,11.9
2024-06-04 12:52:24,2024-06-04 12:55:24,朝阳区,石景山区,16.7,1.0
2024-06-18 18:01:34,2024-06-18 18:08:34,朝阳区,石景山区,16.2,3.7
2024-06-16 12:03:57,2024-06-16 12:38:57,东城区,昌平区,44.9,14.9
2024-06-12 08:27:28,2024-06-12 08:44:28,石景山区,丰台区,26.2,8.3
2024-06-18 07:46:01,2024-06-18 08:15:01,朝阳区,东城区,40.6,14.5
2024-06-19 12:09:54,2024-06-19 12:35:54,西城区,大兴区,37.6,12.9
2024-06-02 19:05:07,2024-06-02 19:18:07,朝阳区,房山区,25.9,7.5
2024-06-04 02:51:04,2024-06-04 03:05:04,东城区,大兴区,26.5,8.2
2024-06-12 15:22:23,2024-06-12 16:10:23,顺义区,大兴区,48.8,18.0
2024-06-19 14:50:21,2024-06-19 14:54:21,西城区,海淀区,14.3,1.5
2024-06-13 20:49:38,2024-06-13 21:02:38,海淀区,通州区,23.9,7.0
2024-06-22 07:08:48,2024-06-22 08:19:48,朝阳区,门头沟区,33.3,11.8
2024-06-16 07:23:55,2024-06-16 07:33:55,西城区,昌平区,20.6,5.1
2024-06-18 19:47:14,2024-06-18 20:09:14,昌平区,海淀区,43.0,15.7
2024-06-26 09:00:58,2024-06-26 09:31:58,西城区,石景山区,46.8,17.2
2024-06-20 13:22:02,2024-06-20 13:48:02,西城区,丰台区,32.2,9.7
2024-06-20 09:49:53,2024-06-20 09:52:53,石景山区,顺义区,17.6,1.0
2024-06-16 07:50:06,2024-06-16 08:04:06,西城区,东城区,30.4,10.1
2024-06-06 13:56:38,2024-06-06 14:32:38,海淀区,通州区,46.4,16.4
2024-06-29 17:56:13,2024-06-29 18:30:13,海淀区,房山区,30.1,9.9
2024-06-19 11:33:01,2024-06-19 12:07:01,西城区,石景山区,42.9,15.7
2024-06-01 17:40:49,2024-06-01 18:02:49,石景山区,大兴区,24.9,7.0
2024-06-10 09:41:33,2024-06-10 10:00:33,朝阳区,通州区,30.9,10.3
2024-06-22 14:44:25,2024-06-22 14:56:25,西城区,门头沟区,23.2,6.0
2024-06-08 16:01:32,2024-06-08 16:19:32,丰台区,大兴区,27.4,8.8
2024-06-26 11:00:16,2024-06-26 11:12:16,东城区,昌平区,33.4,10.0
2024-06-04 23:00:59,2024-06-04 23:30:59,东城区,石景山区,49.6,17.1
2024-06-19 08:03:39,2024-06-19 08:06:39,东城区,门头沟区,17.2,1.0
2024-06-29 17:14:06,2024-06-29 17:19:06,房山区,朝阳区,16.0,2.1
2024-06-24 15:52:16,2024-06-24 16:06:16,丰台区,朝阳区,24.8,6.1
2024-06-21 17:18:48,2024-06-21 17:49:48,朝阳区,西城区,26.7,8.7
2024-06-18 08:29:00,2024-06-18 08:49:00,通州区,顺义区,41.3,14.2
2024-06-12 16:18:32,2024-06-12 16:36:32,昌平区,昌平区,31.9,11.0
2024-06-30 23:27:15,2024-06-30 23:30:15,海淀区,西城区,13.6,1.0
2024-06-06 11:48:56,2024-06-06 12:04:56,西城区,朝阳区,24.8,8.0
2024-06-17 17:00:51,2024-06-17 17:31:51,朝阳区,昌平区,35.2,11.7
2024-06-04 12:22:32,2024-06-04 13:20:32,通州区,房山区,32.6,9.6
2024-06-15 19:43:38,2024-06-15 19:57:38,石景山区,通州区,26.0,7.0
2024-06-19 11:52:25,2024-06-19 12:19:25,朝阳区,朝阳区,28.0,9.0
2024-06-24 08:52:40,2024-06-24 09:08:40,朝阳区,房山区,24.2,7.7
2024-06-17 18:53:24,2024-06-17 19:05:24,东城区,东城区,20.4,5.7
2024-06-08 07:15:15,2024-06-08 07:26:15,昌平区,昌平区,23.0,6.3
2024-06-30 11:02:48,2024-06-30 11:21:48,朝阳区,顺义区,37.1,11.4
2024-07-01 09:19:27,2024-07-01 09:32:27,通州区,房山区,26.3,7.0
2024-06-01 19:04:03,2024-06-01 19:13:03,顺义区,顺义区,31.4,9.6
2024-06-30 08:48:11,2024-06-30 09:29:11,西城区,房山区,33.8,11.6
2024-06-28 18:04:06,2024-06-28 18:23:06,朝阳区,通州区,33.3,9.9
2024-06-19 17:01:44,2024-06-19 17:22:44,西城区,通州区,35.0,11.3
2024-06-19 14:24:22,2024-06-19 14:28:22,朝阳区,昌平区,15.5,1.6
2024-06-12 14:46:33,2024-06-12 14:49:33,石景山区,丰台区,13.6,1.0
2024-06-15 10:30:49,2024-06-15 10:52:49,丰台区,石景山区,30.6,8.7
2024-06-06 19:31:20,2024-06-06 19:38:20,朝阳区,西城区,16.4,3.2
2024-06-16 14:21:31,2024-06-16 14:30:31,大兴区,朝阳区,17.4,4.4
2024-06-26 13:58:43,2024-06-26 14:24:43,丰台区,顺义区,24.2,7.5
2024-06-10 11:51:46,2024-06-10 11:54:46,丰台区,东城区,17.0,2.3
2024-06-02 18:41:58,2024-06-02 19:26:58,西城区,顺义区,41.3,14.4
2024-06-23 19:56:54,2024-06-23 20:08:54,东城区,朝阳区,25.1,6.4
2024-06-05 08:25:45,2024-06-05 08:34:45,西城区,朝阳区,19.0,4.1
2024-06-22 12:23:56,2024-06-22 13:41:56,大兴区,大兴区,44.1,15.2
2024-06-17 13:06:55,2024-06-17 13:09:55,朝阳区,通州区,14.3,2.4
2024-06-14 10:34:30,2024-06-14 10:39:30,海淀区,东城区,15.0,2.8
2024-06-01 17:35:48,2024-06-01 17:44:48,朝阳区,西城区,23.2,6.9
2024-06-08 13:25:04,2024-06-08 13:45:04,顺义区,东城区,30.7,10.6
2024-06-26 08:28:25,2024-06-26 08:36:25,朝阳区,房山区,16.1,4.3
2024-06-23 10:08:31,2024-06-23 10:21:31,顺义区,门头沟区,26.3,7.2
2024-06-07 16:30:07,2024-06-07 16:48:07,顺义区,房山区,28.5,8.3
2024-06-11 10:52:26,2024-06-11 11:24:26,海淀区,丰台区,46.8,17.0
2024-06-12 14:15:33,2024-06-12 14:18:33,海淀区,东城区,13.2,1.2
2024-06-11 17:25:12,2024-06-11 18:02:12,通州区,海淀区,34.1,11.0
2024-06-22 07:56:52,2024-06-22 08:13:52,房山区,丰台区,25.6,7.0
2024-06-16 09:43:36,2024-06-16 10:00:36,丰台区,朝阳区,29.0,8.5
2024-06-03 12:13:29,2024-06-03 12:28:29,丰台区,顺义区,29.6,8.7
2024-06-27 13:38:38,2024-06-27 13:49:38,西城区,丰台区,19.1,5.5
2024-06-27 12:06:13,2024-06-27 12:28:13,海淀区,门头沟区,25.6,7.5
2024-06-13 07:23:19,2024-06-13 07:26:19,顺义区,石景山区,16.0,1.0
2024-06-22 12:51:09,2024-06-22 13:06:09,西城区,昌平区,19.7,5.9
2024-06-11 13:20:41,2024-06-11 13:43:41,海淀区,海淀区,44.7,15.1
2024-06-29 07:47:22,2024-06-29 08:04:22,东城区,通州区,25.6,7.5
2024-06-12 13:23:21,2024-06-12 13:42:21,东城区,东城区,22.9,5.2
2024-06-30 15:27:54,2024-06-30 16:13:54,大兴区,海淀区,27.6,7.7
2024-06-01 13:39:49,2024-06-01 13:42:49,大兴区,丰台区,17.6,1.0
2024-06-03 17:54:26,2024-06-03 18:07:26,顺义区,昌平区,18.1,4.7
2024-06-02 14:21:13,2024-06-02 14:41:13,丰台区,西城区,23.9,6.9
2024-06-19 13:18:28,2024-06-19 13:22:28,通州区,东城区,17.0,2.7
2024-06-14 21:01:05,2024-06-14 21:11:05,朝阳区,东城区,17.6,2.2
2024-06-05 19:35:42,2024-06-05 19:58:42,西城区,石景山区,32.4,10.5
2024-06-03 08:20:40,2024-06-03 08:32:40,丰台区,大兴区,30.1,8.7
2024-06-11 14:32:07,2024-06-11 15:10:07,昌平区,通州区,32.4,11.1
2024-06-21 08:13:02,2024-06-21 08:30:02,海淀区,东城区,36.2,10.9
2024-06-27 15:32:18,2024-06-27 16:03:18,昌平区,昌平区,22.8,5.1
2024-06-25 19:43:39,2024-06-25 19:46:39,朝阳区,顺义区,14.3,1.6
2024-06-09 06:56:08,2024-06-09 07:18:08,通州区,朝阳区,16.3,3.7
2024-06-11 11:35:23,2024-06-11 11:53:23,朝阳区,房山区,16.2,3.9
2024-06-17 19:56:20,2024-06-17 20:17:20,丰台区,昌平区,42.1,13.6
2024-06-27 21:54:49,2024-06-27 22:04:49,石景山区,东城区,20.6,4.5
2024-06-17 14:52:32,2024-06-17 15:03:32,西城区,房山区,28.8,8.2
2024-06-20 08:08:04,2024-06-20 08:19:04,东城区,通州区,18.3,5.3
2024-06-27 11:13:11,2024-06-27 11:16:11,大兴区,通州区,15.1,1.0
2024-06-06 18:19:50,2024-06-06 18:28:50,大兴区,东城区,27.3,8.9
2024-06-19 19:11:20,2024-06-19 19:28:20,通州区,石景山区,35.2,10.8
2024-06-14 17:47:45,2024-06-14 18:05:45,东城区,东城区,24.9,7.7
2024-06-06 11:58:39,2024-06-06 12:22:39,昌平区,昌平区,33.1,11.0
2024-06-12 15:25:34,2024-06-12 15:39:34,通州区,房山区,19.5,5.0
2024-06-30 08:20:51,2024-06-30 08:25:51,朝阳区,顺义区,20.1,4.1
2024-06-17 12:03:25,2024-06-17 12:24:25,西城区,石景山区,36.1,12.1
2024-06-26 09:19:36,2024-06-26 09:35:36,西城区,海淀区,28.7,9.5
2024-06-22 08:36:25,2024-06-22 08:42:25,朝阳区,海淀区,16.1,2.2
2024-06-18 18:24:37,2024-06-18 18:54:37,房山区,房山区,25.6,7.2
2024-06-30 14:11:01,2024-06-30 14:23:01,东城区,丰台区,28.6,8.6
2024-06-14 16:01:45,2024-06-14 16:16:45,海淀区,石景山区,31.5,9.1
2024-06-22 18:50:49,2024-06-22 18:53:49,朝阳区,朝阳区,13.8,1.4
2024-06-20 14:40:52,2024-06-20 15:19:52,西城区,门头沟区,32.9,11.5
2024-06-27 18:43:47,2024-06-27 18:55:47,石景山区,大兴区,16.5,3.0
2024-06-07 17:28:51,2024-06-07 17:44:51,丰台区,顺义区,15.4,3.4
2024-06-17 07:27:23,2024-06-17 07:30:23,海淀区,海淀区,13.6,1.0
2024-06-21 06:46:57,2024-06-21 07:10:57,海淀区,房山区,27.9,9.0
2024-06-01 15:35:15,2024-06-01 15:38:15,海淀区,大兴区,14.3,1.2
2024-06-19 09:30:14,2024-06-19 09:39:14,石景山区,顺义区,18.1,3.8
2024-06-02 18:15:59,2024-06-02 18:22:59,海淀区,顺义区,13.0,3.0
2024-06-06 21:01:17,2024-06-06 21:23:17,西城区,西城区,39.8,13.6
2024-06-20 18:53:11,2024-06-20 19:07:11,顺义区,东城区,31.4,10.7
2024-06-17 10:56:11,2024-06-17 12:08:11,西城区,丰台区,36.0,12.0
2024-06-29 11:49:53,2024-06-29 12:07:53,西城区,西城区,29.1,9.8
2024-06-26 21:39:54,2024-06-26 22:09:54,朝阳区,大兴区,24.9,7.1
2024-06-07 18:39:47,2024-06-07 18:50:47,丰台区,顺义区,26.0,7.8
2024-06-21 13:40:28,2024-06-21 13:58:28,通州区,门头沟区,27.5,8.1
2024-06-02 11:34:55,2024-06-02 11:40:55,海淀区,丰台区,19.8,5.0
2024-06-05 06:45:27,2024-06-05 07:05:27,房山区,海淀区,34.9,12.0
2024-06-12 20:09:52,2024-06-12 20:28:52,朝阳区,门头沟区,20.7,4.7
2024-06-23 09:08:41,2024-06-23 09:11:41,朝阳区,东城区,15.6,1.0
2024-06-28 16:56:13,2024-06-28 17:32:13,西城区,朝阳区,48.2,16.9
2024-06-06 18:19:46,2024-06-06 18:43:46,西城区,丰台区,28.3,9.3
2024-06-22 08:39:02,2024-06-22 09:07:02,海淀区,海淀区,41.3,13.6
2024-06-23 09:00:21,2024-06-23 09:13:21,东城区,西城区,25.3,7.7
2024-06-07 12:14:05,2024-06-07 12:17:05,大兴区,门头沟区,16.6,1.0
2024-06-30 07:10:59,2024-06-30 07:17:59,西城区,石景山区,18.7,3.6
2024-06-10 09:29:05,2024-06-10 09:40:05,大兴区,通州区,19.1,5.4
2024-06-17 13:49:27,2024-06-17 14:33:27,丰台区,通州区,40.3,13.5
2024-06-05 09:45:26,2024-06-05 10:07:26,海淀区,东城区,48.0,16.5
2024-06-19 17:16:12,2024-06-19 17:30:12,通州区,大兴区,25.2,6.9
2024-06-30 18:22:06,2024-06-30 18:31:06,朝阳区,大兴区,19.7,4.9
2024-06-10 17:45:44,2024-06-10 17:49:44,丰台区,昌平区,14.0,3.4
2024-06-01 09:13:19,2024-06-01 09:36:19,朝阳区,顺义区,35.5,11.2
2024-06-22 21:29:54,2024-06-22 21:41:54,丰台区,门头沟区,25.2,7.1
2024-06-18 15:41:22,2024-06-18 15:44:22,海淀区,房山区,13.4,1.0
2024-06-19 20:16:15,2024-06-19 20:35:15,房山区,丰台区,39.5,14.0
2024-06-27 21:39:18,2024-06-27 22:10:18,朝阳区,房山区,53.3,18.4
2024-06-29 12:51:47,2024-06-29 13:18:47,昌平区,大兴区,21.9,6.8
2024-06-01 11:53:19,2024-06-01 12:57:19,西城区,门头沟区,32.1,10.6
2024-06-03 18:03:46,2024-06-03 18:19:46,朝阳区,丰台区,28.2,9.0
2024-06-10 09:47:17,2024-06-10 09:58:17,通州区,顺义区,20.0,5.3
2024-06-11 17:56:59,2024-06-11 18:04:59,昌平区,丰台区,20.5,5.0
2024-06-11 18:07:33,2024-06-11 18:36:33,顺义区,通州区,48.2,16.2
2024-06-25 18:03:06,2024-06-25 18:16:06,西城区,海淀区,23.2,7.4
2024-06-16 17:08:29,2024-06-16 17:11:29,西城区,通州区,14.4,1.0
2024-06-28 19:16:21,2024-06-28 19:25:21,东城区,东城区,25.8,7.4
2024-06-11 19:00:51,2024-06-11 19:04:51,石景山区,通州区,16.6,2.7
2024-06-26 09:03:30,2024-06-26 09:06:30,通州区,通州区,13.2,1.0
2024-06-28 18:52:48,2024-06-28 19:02:48,朝阳区,大兴区,25.3,8.2
2024-06-20 22:16:57,2024-06-20 23:00:57,丰台区,房山区,41.6,13.3
2024-06-18 18:14:37,2024-06-18 18:41:37,朝阳区,西城区,33.6,11.4
2024-06-15 07:45:02,2024-06-15 08:03:02,顺义区,朝阳区,26.0,7.4
2024-06-15 10:06:41,2024-06-15 10:16:41,西城区,大兴区,23.5,7.1
2024-06-03 17:26:04,2024-06-03 17:31:04,海淀区,房山区,16.0,2.1
2024-06-10 12:57:35,2024-06-10 13:02:35,西城区,丰台区,14.0,3.4
2024-06-10 16:17:11,2024-06-10 16:20:11,石景山区,大兴区,13.6,2.4
2024-06-02 08:02:12,2024-06-02 08:13:12,东城区,房山区,25.0,6.2
2024-06-01 09:16:16,2024-06-01 09:46:16,房山区,顺义区,25.4,7.7
2024-06-01 17:05:02,2024-06-01 17:25:02,海淀区,石景山区,29.0,8.7
2024-06-19 13:46:52,2024-06-19 13:54:52,大兴区,通州区,15.7,3.8
2024-06-10 06:31:44,2024-06-10 06:41:44,西城区,东城区,22.7,6.5
2024-06-07 06:59:08,2024-06-07 07:08:08,朝阳区,顺义区,27.2,7.6
2024-06-13 08:26:29,2024-06-13 08:50:29,昌平区,昌平区,28.8,8.0
2024-06-14 17:26:56,2024-06-14 17:30:56,东城区,大兴区,13.4,1.7
2024-06-12 15:08:36,2024-06-12 15:23:36,通州区,朝阳区,29.5,8.9
2024-06-04 03:45:58,2024-06-04 03:52:58,东城区,西城区,17.8,3.3
2024-06-25 13:36:15,2024-06-25 14:04:15,西城区,门头沟区,33.0,9.7
2024-06-15 06:40:15,2024-06-15 07:11:15,丰台区,朝阳区,38.1,12.1
2024-06-12 13:07:58,2024-06-12 13:13:58,海淀区,丰台区,19.3,4.0
2024-06-22 08:49:27,2024-06-22 09:27:27,朝阳区,石景山区,38.5,12.6
2024-06-08 13:38:06,2024-06-08 13:41:06,朝阳区,朝阳区,16.3,1.0
2024-06-30 06:47:46,2024-06-30 06:53:46,东城区,通州区,17.7,1.0
2024-06-12 15:41:41,2024-06-12 15:58:41,东城区,顺义区,20.5,5.0
2024-06-27 20:10:50,2024-06-27 20:21:50,房山区,丰台区,23.5,7.0
2024-06-04 12:53:34,2024-06-04 13:03:34,东城区,顺义区,23.3,6.3
2024-06-25 07:52:20,2024-06-25 08:09:20,东城区,昌平区,20.9,6.1
2024-06-10 13:35:31,2024-06-10 13:47:31,门头沟区,石景山区,23.0,5.4
2024-06-20 13:19:37,2024-06-20 13:27:37,朝阳区,朝阳区,21.9,5.0
2024-06-20 09:29:13,2024-06-20 09:41:13,石景山区,东城区,15.8,3.8
2024-06-25 09:27:48,2024-06-25 09:45:48,通州区,西城区,23.5,7.5
2024-06-04 17:41:48,2024-06-04 17:53:48,朝阳区,石景山区,26.2,8.3
2024-06-25 08:38:03,2024-06-25 08:51:03,大兴区,石景山区,29.0,8.0
2024-06-01 16:35:54,2024-06-01 16:54:54,海淀区,西城区,36.5,11.9
2024-06-05 12:27:05,2024-06-05 12:30:05,西城区,大兴区,15.6,1.0
2024-06-03 17:12:25,2024-06-03 17:36:25,东城区,门头沟区,50.4,17.7
2024-06-28 12:29:15,2024-06-28 12:50:15,西城区,通州区,24.5,6.5
2024-06-26 16:10:08,2024-06-26 16:16:08,朝阳区,大兴区,21.3,4.9
2024-06-17 13:09:57,2024-06-17 13:30:57,昌平区,丰台区,34.3,12.0
2024-06-10 13:29:17,2024-06-10 13:36:17,海淀区,东城区,16.1,4.3
2024-06-15 14:46:41,2024-06-15 15:03:41,昌平区,西城区,24.1,6.4
2024-06-15 16:37:46,2024-06-15 16:42:46,朝阳区,东城区,16.8,4.0
2024-06-18 22:53:05,2024-06-18 23:21:05,西城区,顺义区,30.8,10.2
2024-06-06 17:41:18,2024-06-06 17:44:18,朝阳区,顺义区,16.5,1.0
2024-06-19 13:38:09,2024-06-19 13:56:09,海淀区,海淀区,21.0,6.4
2024-06-25 18:38:22,2024-06-25 18:43:22,通州区,丰台区,17.8,1.0
2024-06-02 18:06:30,2024-06-02 18:18:30,石景山区,朝阳区,19.0,3.7
2024-06-28 15:09:09,2024-06-28 15:21:09,朝阳区,石景山区,30.4,10.2
2024-06-10 17:49:58,2024-06-10 18:16:58,东城区,门头沟区,37.3,12.7
2024-06-30 11:51:18,2024-06-30 11:59:18,大兴区,昌平区,21.3,5.9
2024-06-27 19:27:48,2024-06-27 19:52:48,门头沟区,西城区,40.6,13.8
2024-06-11 09:16:49,2024-06-11 09:43:49,门头沟区,石景山区,27.1,7.8
2024-06-24 11:52:51,2024-06-24 12:52:51,昌平区,昌平区,41.9,13.8
2024-06-03 14:54:14,2024-06-03 15:03:14,海淀区,昌平区,21.6,5.2
2024-06-02 08:54:26,2024-06-02 09:02:26,大兴区,顺义区,16.7,4.4
2024-06-11 17:25:02,2024-06-11 17:40:02,朝阳区,丰台区,29.6,8.6
2024-06-20 08:16:38,2024-06-20 08:54:38,朝阳区,昌平区,31.7,10.3
2024-06-12 17:56:43,2024-06-12 18:10:43,西城区,海淀区,36.7,11.2
2024-06-07 12:23:01,2024-06-07 12:32:01,丰台区,丰台区,21.1,4.5
2024-06-28 09:50:53,2024-06-28 10:00:53,通州区,石景山区,18.9,5.1
2024-06-16 08:38:20,2024-06-16 08:41:20,西城区,朝阳区,13.6,1.0
2024-06-26 17:56:28,2024-06-26 18:01:28,朝阳区,大兴区,14.4,1.0
2024-06-22 17:40:23,2024-06-22 17:46:23,丰台区,东城区,18.2,4.6
2024-06-12 06:21:59,2024-06-12 06:29:59,顺义区,东城区,21.6,5.0
2024-06-30 23:10:54,2024-06-30 23:31:54,海淀区,朝阳区,40.3,13.5
2024-06-19 19:49:10,2024-06-19 19:59:10,朝阳区,朝阳区,29.9,8.3
2024-06-30 21:51:04,2024-06-30 21:54:04,丰台区,西城区,17.8,1.0
2024-06-27 17:55:39,2024-06-27 17:58:39,西城区,石景山区,16.4,1.0
2024-06-16 15:27:32,2024-06-16 16:06:32,海淀区,海淀区,40.9,13.8
2024-06-25 23:35:04,2024-06-25 23:39:04,丰台区,昌平区,16.0,2.6
2024-06-17 07:16:12,2024-06-17 07:47:12,通州区,石景山区,37.4,12.1
2024-06-22 10:40:43,2024-06-22 11:05:43,朝阳区,大兴区,34.5,11.9
2024-07-01 17:39:43,2024-07-01 17:50:43,东城区,通州区,26.3,8.3
2024-06-20 12:10:45,2024-06-20 12:24:45,房山区,西城区,13.9,3.0
2024-06-21 12:24:10,2024-06-21 12:29:10,朝阳区,海淀区,15.6,2.0
2024-06-03 12:17:46,2024-06-03 12:26:46,东城区,东城区,21.3,6.6
2024-06-17 17:37:00,2024-06-17 17:58:00,朝阳区,海淀区,31.6,10.5
2024-06-06 07:10:50,2024-06-06 07:38:50,海淀区,朝阳区,43.2,16.0
2024-06-13 13:34:35,2024-06-13 13:39:35,东城区,房山区,20.8,4.8
2024-06-02 04:16:41,2024-06-02 04:25:41,海淀区,房山区,18.3,4.9
2024-06-02 17:05:09,2024-06-02 17:34:09,丰台区,大兴区,43.9,14.7
2024-06-26 09:49:14,2024-06-26 10:19:14,通州区,丰台区,46.0,16.9
2024-06-12 18:18:08,2024-06-12 18:27:08,海淀区,房山区,16.4,3.6
2024-06-22 16:41:35,2024-06-22 17:07:35,顺义区,昌平区,51.6,18.4
2024-06-13 12:15:29,2024-06-13 13:15:29,顺义区,东城区,30.7,10.0
2024-06-09 21:50:14,2024-06-09 22:12:14,东城区,房山区,35.0,11.2
2024-06-08 08:08:38,2024-06-08 08:15:38,东城区,门头沟区,23.5,5.9
2024-06-28 18:50:56,2024-06-28 19:17:56,昌平区,朝阳区,26.0,7.4
2024-06-23 05:29:00,2024-06-23 05:46:00,朝阳区,东城区,33.6,11.3
2024-06-02 16:18:22,2024-06-02 16:48:22,门头沟区,石景山区,29.5,9.5
2024-06-10 07:27:16,2024-06-10 07:43:16,丰台区,昌平区,31.0,10.5
2024-06-14 17:43:42,2024-06-14 17:50:42,门头沟区,大兴区,17.6,3.6
2024-06-07 11:29:25,2024-06-07 11:42:25,朝阳区,朝阳区,15.1,3.6
2024-06-04 22:08:09,2024-06-04 22:38:09,通州区,通州区,36.6,11.5
2024-06-25 22:43:21,2024-06-25 23:01:21,东城区,朝阳区,32.2,10.1
2024-06-03 09:06:40,2024-06-03 10:06:40,朝阳区,海淀区,41.3,14.5
2024-06-24 10:35:59,2024-06-24 10:45:59,西城区,东城区,22.2,5.1
2024-06-11 20:27:32,2024-06-11 20:38:32,东城区,西城区,18.0,4.4
2024-06-04 12:13:34,2024-06-04 12:39:34,朝阳区,东城区,29.8,8.4
2024-06-24 17:23:30,2024-06-24 17:41:30,海淀区,朝阳区,30.9,9.0
2024-06-11 15:36:25,2024-06-11 15:48:25,朝阳区,西城区,17.0,4.4
2024-06-12 06:53:15,2024-06-12 07:04:15,大兴区,顺义区,22.5,6.3
2024-06-11 06:02:03,2024-06-11 06:20:03,顺义区,西城区,28.9,8.4
2024-06-12 18:10:05,2024-06-12 18:15:05,房山区,大兴区,13.7,2.8
2024-06-16 16:38:15,2024-06-16 16:54:15,门头沟区,东城区,41.1,14.2
2024-06-03 13:53:33,2024-06-03 14:14:33,朝阳区,门头沟区,32.6,9.6
2024-06-14 22:20:08,2024-06-14 22:48:08,顺义区,海淀区,35.9,12.0
2024-06-30 12:21:47,2024-06-30 12:42:47,东城区,大兴区,47.0,17.2
2024-06-12 09:32:09,2024-06-12 09:43:09,大兴区,西城区,27.2,7.4
2024-06-09 13:36:37,2024-06-09 13:49:37,丰台区,东城区,22.5,5.5
2024-06-11 16:03:34,2024-06-11 17:37:34,通州区,房山区,55.9,21.5
2024-06-14 12:06:49,2024-06-14 12:25:49,朝阳区,顺义区,29.7,10.0
2024-06-09 17:24:05,2024-06-09 18:06:05,朝阳区,东城区,55.3,21.3
2024-06-05 17:16:06,2024-06-05 17:59:06,东城区,顺义区,46.2,17.2
2024-06-10 19:55:07,2024-06-10 20:18:07,朝阳区,海淀区,29.1,7.9
2024-06-22 12:53:24,2024-06-22 13:27:24,朝阳区,丰台区,26.4,8.7
2024-06-10 23:08:34,2024-06-10 23:11:34,顺义区,顺义区,17.5,2.1
2024-06-14 18:26:38,2024-06-14 18:35:38,朝阳区,海淀区,14.2,2.3
2024-06-08 18:43:12,2024-06-08 18:50:12,房山区,海淀区,14.9,2.9
2024-06-25 11:25:31,2024-06-25 11:34:31,东城区,西城区,18.0,4.7
2024-06-26 18:19:34,2024-06-26 18:52:34,大兴区,西城区,31.5,10.7
2024-06-23 19:32:56,2024-06-23 19:38:56,西城区,西城区,22.4,5.4
2024-06-06 14:04:07,2024-06-06 14:48:07,海淀区,房山区,49.2,17.7
2024-06-09 15:01:50,2024-06-09 15:08:50,通州区,西城区,20.4,4.1
2024-06-29 10:07:36,2024-06-29 10:32:36,顺义区,昌平区,34.0,11.8
2024-06-13 19:15:40,2024-06-13 19:25:40,朝阳区,石景山区,20.4,5.1
2024-06-03 20:51:39,2024-06-03 20:54:39,昌平区,海淀区,17.9,1.0
2024-06-09 16:21:42,2024-06-09 16:51:42,大兴区,东城区,27.8,8.0
2024-06-25 11:31:45,2024-06-25 12:01:45,通州区,海淀区,34.4,11.6
2024-06-05 13:18:49,2024-06-05 13:32:49,西城区,朝阳区,27.3,9.0
2024-06-08 19:02:21,2024-06-08 19:16:21,东城区,丰台区,23.5,6.7
2024-06-05 16:51:46,2024-06-05 17:14:46,海淀区,顺义区,32.4,10.5
2024-06-11 09:40:35,2024-06-11 09:43:35,朝阳区,石景山区,17.9,1.0
2024-06-04 12:15:30,2024-06-04 12:26:30,石景山区,昌平区,20.1,4.1
2024-06-02 19:39:09,2024-06-02 19:42:09,丰台区,门头沟区,15.3,2.9
2024-06-20 11:27:44,2024-06-20 11:35:44,石景山区,石景山区,20.9,6.0
2024-06-21 09:17:11,2024-06-21 09:40:11,大兴区,通州区,44.7,15.1
2024-06-01 09:27:15,2024-06-01 10:05:15,房山区,朝阳区,20.9,6.4
2024-06-23 12:44:48,2024-06-23 12:52:48,顺义区,朝阳区,19.0,4.1
2024-06-27 08:44:59,2024-06-27 09:12:59,朝阳区,通州区,37.9,11.8
2024-06-07 17:44:53,2024-06-07 17:56:53,朝阳区,顺义区,24.6,5.9
2024-06-18 12:58:09,2024-06-18 13:12:09,丰台区,西城区,23.2,6.4
2024-06-21 12:58:24,2024-06-21 13:24:24,西城区,顺义区,34.3,11.0
2024-06-19 10:16:36,2024-06-19 10:19:36,海淀区,顺义区,17.8,1.0
2024-06-12 13:24:36,2024-06-12 13:27:36,西城区,石景山区,16.1,2.2
2024-06-15 17:58:35,2024-06-15 18:20:35,西城区,石景山区,40.0,13.1
2024-06-03 17:19:05,2024-06-03 17:39:05,昌平区,门头沟区,33.0,11.1
2024-06-19 12:31:27,2024-06-19 12:49:27,丰台区,丰台区,34.9,11.4
2024-06-02 16:09:30,2024-06-02 16:22:30,顺义区,房山区,28.4,7.6
2024-06-18 09:36:21,2024-06-18 09:39:21,大兴区,石景山区,13.2,1.0
2024-06-25 11:02:33,2024-06-25 11:22:33,通州区,昌平区,32.9,10.9
2024-06-10 17:50:39,2024-06-10 18:16:39,丰台区,房山区,33.2,10.0
2024-06-04 07:44:22,2024-06-04 08:16:22,顺义区,大兴区,23.0,7.2
2024-06-27 17:21:27,2024-06-27 17:49:27,朝阳区,大兴区,44.0,16.2
2024-06-02 07:37:49,2024-06-02 08:02:49,大兴区,朝阳区,30.1,10.4
2024-06-04 00:57:07,2024-06-04 01:11:07,通州区,顺义区,21.4,4.8
2024-06-06 07:17:41,2024-06-06 07:35:41,西城区,朝阳区,20.6,5.6
2024-06-30 17:42:51,2024-06-30 18:21:51,昌平区,丰台区,58.4,21.8
2024-06-01 16:27:19,2024-06-01 16:32:19,通州区,顺义区,15.5,3.2
2024-06-11 05:23:44,2024-06-11 05:34:44,通州区,大兴区,26.4,8.2
2024-06-05 00:29:50,2024-06-05 00:52:50,东城区,海淀区,23.4,6.5
2024-06-06 19:22:49,2024-06-06 19:57:49,顺义区,海淀区,49.2,17.5
2024-06-21 18:22:25,2024-06-21 18:40:25,房山区,石景山区,31.7,9.4
2024-06-27 15:43:54,2024-06-27 16:12:54,海淀区,丰台区,40.9,14.2
2024-06-01 13:10:34,2024-06-01 13:35:34,朝阳区,大兴区,26.5,8.8
2024-06-16 04:46:37,2024-06-16 04:59:37,东城区,丰台区,25.2,6.2
2024-07-01 11:42:15,2024-07-01 12:06:15,东城区,石景山区,43.9,16.2
2024-06-09 09:42:30,2024-06-09 10:02:30,东城区,朝阳区,28.1,8.2
2024-06-25 13:11:09,2024-06-25 13:20:09,海淀区,海淀区,21.7,5.6
2024-06-10 13:41:51,2024-06-10 13:53:51,大兴区,朝阳区,24.6,7.3
2024-06-03 21:15:03,2024-06-03 21:41:03,海淀区,昌平区,45.6,16.9
2024-06-14 09:51:28,2024-06-14 10:11:28,朝阳区,朝阳区,21.1,5.9
2024-06-05 11:05:50,2024-06-05 11:20:50,通州区,昌平区,32.1,11.2
2024-06-04 13:58:18,2024-06-04 14:30:18,房山区,石景山区,25.4,6.6
2024-06-23 14:36:44,2024-06-23 15:08:44,朝阳区,昌平区,40.1,14.1
2024-06-09 15:13:13,2024-06-09 15:16:13,朝阳区,房山区,13.4,2.0
2024-06-21 10:13:50,2024-06-21 11:53:50,大兴区,通州区,47.6,16.7
2024-06-23 15:59:42,2024-06-23 16:27:42,朝阳区,大兴区,35.8,11.7
2024-06-27 12:06:10,2024-06-27 12:37:10,顺义区,西城区,36.4,11.4
2024-06-18 17:18:18,2024-06-18 17:40:18,西城区,石景山区,31.4,10.9
2024-06-18 11:04:22,2024-06-18 11:11:22,东城区,大兴区,18.9,3.9
2024-06-07 23:00:58,2024-06-07 23:24:58,通州区,大兴区,31.3,9.4
2024-06-12 17:06:04,2024-06-12 17:09:04,海淀区,门头沟区,14.2,1.4
2024-06-22 23:49:40,2024-06-23 00:02:40,石景山区,石景山区,25.9,7.2
2024-06-14 21:15:05,2024-06-14 21:44:05,通州区,门头沟区,37.1,11.6
2024-06-20 08:03:04,2024-06-20 08:07:04,东城区,大兴区,13.8,1.4
2024-06-05 19:02:55,2024-06-05 19:22:55,大兴区,门头沟区,30.3,9.2
2024-06-24 09:28:26,2024-06-24 09:42:26,海淀区,昌平区,27.3,8.4
2024-06-05 19:43:22,2024-06-05 19:53:22,朝阳区,门头沟区,20.8,4.7
2024-06-30 16:20:50,2024-06-30 16:30:50,朝阳区,西城区,22.1,5.9
2024-06-11 22:31:13,2024-06-11 22:42:13,海淀区,海淀区,21.4,5.5
2024-06-07 10:57:41,2024-06-07 11:14:41,丰台区,门头沟区,23.2,6.6
2024-06-04 11:10:52,2024-06-04 11:26:52,通州区,通州区,32.3,10.4
2024-06-30 09:57:22,2024-06-30 10:16:22,通州区,顺义区,19.3,4.0
2024-06-07 08:06:35,2024-06-07 08:13:35,东城区,房山区,23.2,6.0
2024-06-26 08:47:13,2024-06-26 09:01:13,海淀区,东城区,16.9,4.0
2024-06-09 13:37:55,2024-06-09 13:49:55,丰台区,顺义区,21.2,5.4
2024-06-28 16:30:12,2024-06-28 16:39:12,门头沟区,丰台区,16.9,4.6
2024-06-09 15:14:37,2024-06-09 15:19:37,昌平区,石景山区,17.5,4.0
2024-06-11 11:06:41,2024-06-11 11:14:41,丰台区,通州区,17.2,4.2
2024-06-20 18:23:58,2024-06-20 18:26:58,石景山区,门头沟区,14.9,1.0
2024-06-29 14:35:13,2024-06-29 14:41:13,通州区,门头沟区,20.6,4.3
2024-06-24 12:38:50,2024-06-24 13:18:50,昌平区,昌平区,41.5,14.6
2024-06-18 08:55:47,2024-06-18 09:03:47,西城区,东城区,17.2,4.4
2024-06-26 11:58:11,2024-06-26 12:17:11,朝阳区,石景山区,30.1,8.8
2024-06-10 19:25:43,2024-06-10 19:53:43,朝阳区,门头沟区,40.2,14.3
2024-06-08 16:32:26,2024-06-08 17:13:26,东城区,西城区,31.2,10.7
2024-06-25 16:50:29,2024-06-25 16:53:29,大兴区,房山区,13.7,1.0
2024-06-11 13:31:29,2024-06-11 13:58:29,海淀区,顺义区,44.8,14.9
2024-06-08 12:54:46,2024-06-08 13:23:46,西城区,通州区,35.8,12.3
2024-06-12 13:51:13,2024-06-12 14:10:13,朝阳区,通州区,31.1,10.2
2024-06-09 09:22:04,2024-06-09 09:25:04,海淀区,昌平区,16.1,1.0
2024-06-21 13:39:31,2024-06-21 14:04:31,东城区,朝阳区,46.3,16.5
2024-06-18 16:03:31,2024-06-18 16:33:31,海淀区,丰台区,41.9,14.1
2024-06-27 11:40:35,2024-06-27 11:49:35,通州区,朝阳区,23.0,5.9
2024-06-01 11:15:36,2024-06-01 11:25:36,昌平区,东城区,17.6,2.1
2024-06-28 17:12:15,2024-06-28 17:26:15,东城区,昌平区,29.2,8.4
2024-06-02 09:47:07,2024-06-02 10:17:07,西城区,朝阳区,49.3,17.0
2024-06-29 11:22:01,2024-06-29 11:30:01,海淀区,大兴区,19.2,5.1
2024-06-29 14:40:14,2024-06-29 15:02:14,丰台区,顺义区,25.4,8.1
2024-06-08 23:24:49,2024-06-08 23:33:49,东城区,石景山区,20.6,5.5
2024-06-20 09:41:55,2024-06-20 09:55:55,门头沟区,房山区,29.2,8.1
2024-06-09 13:45:31,2024-06-09 13:57:31,通州区,房山区,27.6,7.3
2024-06-30 06:44:22,2024-06-30 06:50:22,西城区,房山区,20.9,6.1
2024-06-29 18:53:57,2024-06-29 19:06:57,丰台区,朝阳区,32.1,9.4
2024-06-01 05:01:31,2024-06-01 05:09:31,昌平区,东城区,19.5,4.7
2024-06-06 23:31:10,2024-06-06 23:58:10,海淀区,房山区,33.6,9.9
2024-06-03 12:35:29,2024-06-03 12:38:29,东城区,海淀区,14.6,1.0
2024-06-05 18:55:33,2024-06-05 19:11:33,东城区,通州区,24.6,7.1
2024-06-03 17:54:16,2024-06-03 18:04:16,西城区,顺义区,21.9,5.6
2024-06-09 21:11:33,2024-06-09 21:23:33,西城区,石景山区,24.0,6.0
2024-06-11 03:43:05,2024-06-11 03:58:05,西城区,顺义区,30.0,10.0
2024-06-20 14:07:07,2024-06-20 14:14:07,通州区,通州区,21.6,5.3
2024-06-09 19:50:48,2024-06-09 19:57:48,东城区,丰台区,17.6,3.4
2024-06-22 19:26:23,2024-06-22 19:37:23,顺义区,大兴区,27.3,7.7
2024-06-07 09:14:01,2024-06-07 09:21:01,丰台区,朝阳区,15.6,2.3
2024-06-10 17:05:32,2024-06-10 17:28:32,大兴区,通州区,42.7,14.8
2024-06-20 07:23:22,2024-06-20 07:30:22,门头沟区,西城区,15.2,2.7
2024-06-30 19:30:23,2024-06-30 19:43:23,顺义区,大兴区,25.6,8.1
2024-06-13 15:55:45,2024-06-13 16:16:45,昌平区,海淀区,33.8,10.7
2024-06-12 13:58:09,2024-06-12 14:47:09,东城区,门头沟区,39.8,13.1
2024-06-12 17:32:20,2024-06-12 17:52:20,西城区,门头沟区,40.5,14.2
2024-06-07 11:23:40,2024-06-07 11:40:40,东城区,顺义区,34.2,11.6
2024-06-19 12:34:42,2024-06-19 12:50:42,东城区,东城区,23.3,5.5
2024-06-10 08:13:53,2024-06-10 08:43:53,昌平区,石景山区,29.8,8.5
2024-06-08 05:05:57,2024-06-08 05:43:57,西城区,大兴区,38.9,12.2
2024-06-30 16:09:12,2024-06-30 16:40:12,朝阳区,通州区,50.4,18.6
2024-06-12 11:44:54,2024-06-12 11:47:54,东城区,丰台区,15.3,1.0
2024-06-27 17:17:55,2024-06-27 17:29:55,西城区,大兴区,29.9,8.7
2024-06-02 15:57:39,2024-06-02 16:04:39,海淀区,房山区,20.9,6.4
2024-06-03 08:53:22,2024-06-03 09:04:22,西城区,西城区,25.1,7.7
2024-07-01 09:05:37,2024-07-01 09:09:37,通州区,石景山区,14.8,3.2
2024-06-29 17:54:59,2024-06-29 18:21:59,石景山区,海淀区,39.4,13.5
2024-06-28 03:24:53,2024-06-28 03:49:53,海淀区,朝阳区,32.6,11.4
2024-06-12 20:29:51,2024-06-12 20:34:51,顺义区,西城区,13.9,3.1
2024-06-01 16:08:36,2024-06-01 16:18:36,房山区,昌平区,21.8,6.1
2024-06-02 08:50:34,2024-06-02 09:22:34,东城区,房山区,23.6,7.5
2024-06-10 05:49:01,2024-06-10 05:53:01,通州区,丰台区,13.4,2.4
2024-06-25 14:28:50,2024-06-25 14:52:50,东城区,东城区,22.0,6.3
2024-06-03 19:58:03,2024-06-03 20:21:03,朝阳区,石景山区,25.4,6.2
2024-06-01 18:32:09,2024-06-01 18:39:09,昌平区,东城区,22.4,5.2
2024-06-20 08:47:05,2024-06-20 08:57:05,房山区,西城区,20.2,4.6
2024-06-12 10:52:33,2024-06-12 11:26:33,东城区,大兴区,51.2,19.5
2024-06-06 12:08:02,2024-06-06 12:21:02,西城区,西城区,26.9,7.5
2024-06-24 09:39:47,2024-06-24 10:20:47,朝阳区,昌平区,44.5,15.8
2024-06-11 19:15:05,2024-06-11 19:34:05,东城区,昌平区,25.1,7.4
2024-06-29 19:09:43,2024-06-29 19:38:43,东城区,昌平区,39.7,12.5
2024-06-19 21:51:47,2024-06-19 22:11:47,海淀区,房山区,28.1,9.1
2024-06-28 17:23:44,2024-06-28 17:34:44,顺义区,顺义区,20.1,6.0
2024-06-02 09:12:58,2024-06-02 09:19:58,海淀区,昌平区,21.2,5.1
2024-06-08 08:34:08,2024-06-08 09:30:08,朝阳区,顺义区,40.5,13.6
2024-06-16 15:31:55,2024-06-16 16:02:55,朝阳区,昌平区,40.4,14.7
2024-06-21 08:22:51,2024-06-21 09:13:51,昌平区,通州区,26.6,8.5
2024-06-02 18:18:47,2024-06-02 18:38:47,朝阳区,东城区,22.2,6.1
2024-06-21 19:58:04,2024-06-21 20:23:04,丰台区,东城区,43.4,15.7
2024-06-11 12:27:22,2024-06-11 12:59:22,东城区,海淀区,32.6,10.2
2024-06-24 14:35:38,2024-06-24 14:44:38,朝阳区,西城区,25.6,6.8
2024-06-11 11:26:07,2024-06-11 11:38:07,东城区,海淀区,21.8,6.2
2024-06-26 11:54:41,2024-06-26 12:16:41,朝阳区,房山区,34.6,12.1
2024-06-06 17:46:22,2024-06-06 17:59:22,海淀区,朝阳区,30.6,9.2
2024-06-03 19:07:48,2024-06-03 19:18:48,石景山区,门头沟区,26.7,8.4
2024-06-12 13:19:10,2024-06-12 13:44:10,西城区,昌平区,47.5,17.7
2024-06-01 10:36:02,2024-06-01 11:07:02,门头沟区,门头沟区,39.4,12.5
2024-06-17 13:52:11,2024-06-17 14:01:11,门头沟区,东城区,14.7,2.1
2024-06-16 07:12:46,2024-06-16 07:16:46,东城区,通州区,15.0,1.0
2024-06-21 19:49:14,2024-06-21 19:52:14,房山区,石景山区,16.3,2.5
2024-06-27 09:04:23,2024-06-27 09:26:23,东城区,通州区,28.4,8.9
2024-06-30 09:41:39,2024-06-30 10:12:39,房山区,房山区,42.5,15.8
2024-06-13 18:51:48,2024-06-13 19:03:48,西城区,海淀区,28.2,8.2
2024-06-17 19:16:12,2024-06-17 19:29:12,西城区,顺义区,30.2,9.1
2024-06-26 07:17:16,2024-06-26 07:33:16,房山区,石景山区,33.0,10.8
2024-06-05 18:25:20,2024-06-05 19:00:20,昌平区,顺义区,39.3,13.5
2024-06-23 13:45:18,2024-06-23 14:01:18,通州区,朝阳区,25.6,7.2
2024-06-27 15:28:12,2024-06-27 15:44:12,丰台区,门头沟区,30.4,9.4
2024-06-08 12:39:26,2024-06-08 12:45:26,大兴区,朝阳区,23.1,5.3
2024-06-01 18:46:12,2024-06-01 19:24:12,通州区,顺义区,34.8,11.8
2024-06-30 02:39:39,2024-06-30 03:01:39,顺义区,顺义区,27.2,7.7
2024-06-29 14:31:25,2024-06-29 14:59:25,朝阳区,昌平区,21.2,6.0
2024-06-11 09:02:17,2024-06-11 09:15:17,石景山区,门头沟区,22.3,6.2
2024-06-21 07:59:13,2024-06-21 09:19:13,西城区,西城区,40.3,13.4
2024-06-29 12:02:28,2024-06-29 12:13:28,昌平区,朝阳区,24.7,6.0
2024-06-14 14:54:27,2024-06-14 15:18:27,朝阳区,昌平区,37.7,13.0
2024-06-05 14:38:43,2024-06-05 15:07:43,门头沟区,通州区,45.7,15.5
2024-06-02 12:23:58,2024-06-02 12:33:58,门头沟区,石景山区,17.3,1.8
2024-06-07 19:38:34,2024-06-07 19:47:34,顺义区,大兴区,22.6,5.1
2024-06-02 18:33:19,2024-06-02 19:10:19,海淀区,石景山区,47.0,16.1
2024-06-27 14:19:41,2024-06-27 14:24:41,西城区,东城区,14.3,3.1
2024-06-06 08:04:44,2024-06-06 08:08:44,大兴区,朝阳区,14.9,2.3
2024-06-01 13:22:54,2024-06-01 13:37:54,西城区,西城区,28.9,9.0
2024-06-18 13:11:03,2024-06-18 13:34:03,西城区,石景山区,32.4,10.9
2024-06-19 09:45:09,2024-06-19 10:26:09,朝阳区,门头沟区,47.1,16.9
2024-06-03 18:44:38,2024-06-03 18:47:38,西城区,顺义区,13.9,1.4
2024-06-15 13:43:43,2024-06-15 13:57:43,海淀区,海淀区,30.6,10.0
2024-06-29 13:16:07,2024-06-29 13:37:07,丰台区,门头沟区,28.7,8.6
2024-06-13 17:46:33,2024-06-13 17:56:33,丰台区,石景山区,18.3,4.3
2024-06-25 17:10:29,2024-06-25 17:50:29,通州区,昌平区,32.9,11.3
2024-06-01 08:02:51,2024-06-01 08:25:51,西城区,石景山区,24.6,7.6
2024-06-04 05:58:50,2024-06-04 06:15:50,房山区,丰台区,40.0,13.2
2024-06-14 12:10:23,2024-06-14 12:23:23,海淀区,顺义区,22.2,5.3
2024-06-10 14:52:04,2024-06-10 15:14:04,丰台区,石景山区,37.3,12.5
2024-06-04 14:48:41,2024-06-04 14:54:41,丰台区,房山区,16.2,2.7
2024-06-18 23:09:17,2024-06-18 23:49:17,大兴区,房山区,31.7,9.5
2024-06-23 19:51:07,2024-06-23 20:31:07,顺义区,海淀区,42.6,14.0
2024-06-19 12:04:25,2024-06-19 12:36:25,房山区,朝阳区,27.7,9.0
2024-06-23 13:26:50,2024-06-23 14:23:50,东城区,顺义区,38.0,13.7
2024-06-11 12:07:45,2024-06-11 12:20:45,顺义区,通州区,20.6,5.2
2024-06-22 12:06:17,2024-06-22 12:12:17,东城区,朝阳区,16.0,2.6
2024-06-05 13:05:26,2024-06-05 13:08:26,东城区,西城区,15.2,1.2
2024-06-27 02:47:04,2024-06-27 02:52:04,顺义区,朝阳区,14.7,2.6
2024-06-24 17:57:42,2024-06-24 18:43:42,海淀区,石景山区,38.1,13.8
2024-06-21 13:44:31,2024-06-21 14:00:31,丰台区,昌平区,22.0,6.0
2024-06-02 13:24:48,2024-06-02 13:38:48,朝阳区,昌平区,26.8,7.3
2024-06-13 11:36:07,2024-06-13 11:41:07,丰台区,门头沟区,15.5,2.6
2024-06-04 14:33:07,2024-06-04 14:53:07,东城区,东城区,37.9,12.8
2024-06-06 13:50:08,2024-06-06 14:14:08,朝阳区,大兴区,46.7,16.0
2024-06-09 23:18:33,2024-06-09 23:40:33,石景山区,顺义区,33.0,11.4
2024-06-13 11:38:06,2024-06-13 12:04:06,朝阳区,通州区,24.5,7.0
2024-06-04 05:58:33,2024-06-04 06:43:33,大兴区,丰台区,35.9,10.8
2024-06-13 13:50:45,2024-06-13 14:10:45,朝阳区,石景山区,30.1,9.9
2024-06-22 18:40:05,2024-06-22 18:47:05,昌平区,房山区,18.5,4.1
2024-06-29 08:07:32,2024-06-29 08:18:32,海淀区,石景山区,22.1,5.9
2024-06-05 08:54:18,2024-06-05 09:15:18,门头沟区,门头沟区,42.2,14.2
2024-06-16 09:07:23,2024-06-16 09:15:23,大兴区,朝阳区,13.8,2.6
2024-06-29 17:17:55,2024-06-29 17:41:55,东城区,昌平区,41.3,14.6
2024-06-07 13:46:30,2024-06-07 14:13:30,西城区,东城区,33.4,11.2
2024-06-27 19:54:48,2024-06-27 20:28:48,东城区,顺义区,39.5,13.5
2024-06-02 15:14:04,2024-06-02 15:32:04,海淀区,顺义区,39.3,12.8
2024-06-04 17:41:29,2024-06-04 18:08:29,海淀区,丰台区,39.4,12.5
2024-06-25 15:22:53,2024-06-25 15:47:53,西城区,丰台区,39.7,12.5
2024-06-19 18:08:22,2024-06-19 18:32:22,东城区,顺义区,39.8,13.6
2024-06-07 11:02:32,2024-06-07 11:10:32,丰台区,丰台区,13.1,1.9
2024-06-29 10:41:48,2024-06-29 10:51:48,东城区,西城区,25.5,6.3
2024-06-11 10:00:14,2024-06-11 10:20:14,顺义区,丰台区,36.5,12.3
2024-06-12 18:38:52,2024-06-12 18:44:52,大兴区,昌平区,16.4,2.7
2024-06-11 12:29:20,2024-06-11 12:44:20,朝阳区,东城区,33.1,10.3
2024-06-28 11:27:31,2024-06-28 11:40:31,门头沟区,海淀区,24.8,6.5
2024-06-12 12:48:59,2024-06-12 12:57:59,朝阳区,顺义区,19.2,5.2
2024-06-28 07:48:20,2024-06-28 08:07:20,东城区,朝阳区,33.3,9.7
2024-06-21 09:01:23,2024-06-21 09:09:23,丰台区,丰台区,17.7,4.2
2024-06-11 17:32:43,2024-06-11 17:52:43,西城区,石景山区,18.9,4.5
2024-07-01 16:20:43,2024-07-01 17:45:43,大兴区,昌平区,41.9,14.1
2024-06-13 14:29:27,2024-06-13 14:43:27,昌平区,门头沟区,22.9,5.8
2024-06-17 15:32:27,2024-06-17 15:53:27,朝阳区,门头沟区,36.7,12.2
2024-06-08 18:06:29,2024-06-08 18:27:29,朝阳区,房山区,38.6,13.5
2024-06-17 21:42:47,2024-06-17 21:54:47,通州区,房山区,16.3,2.8
2024-06-10 08:03:28,2024-06-10 08:09:28,西城区,大兴区,17.5,2.2
2024-06-08 07:41:14,2024-06-08 08:32:14,顺义区,石景山区,41.9,15.0
2024-06-02 21:22:01,2024-06-02 21:29:01,西城区,石景山区,21.6,5.2
2024-06-12 04:11:40,2024-06-12 04:23:40,海淀区,通州区,29.7,9.5
2024-06-09 08:38:12,2024-06-09 09:13:12,东城区,朝阳区,20.2,5.9
2024-06-15 08:03:00,2024-06-15 08:18:00,通州区,东城区,25.5,7.3
2024-06-27 14:59:45,2024-06-27 15:21:45,东城区,海淀区,27.6,7.6
2024-06-10 23:47:01,2024-06-11 00:11:01,西城区,顺义区,61.2,21.8
2024-06-11 05:04:05,2024-06-11 05:32:05,昌平区,东城区,35.3,12.4
2024-06-30 09:11:31,2024-06-30 09:36:31,房山区,丰台区,26.0,7.9
2024-06-14 18:34:05,2024-06-14 18:42:05,石景山区,东城区,15.2,2.6
2024-06-15 23:27:26,2024-06-15 23:43:26,西城区,昌平区,29.2,9.4
2024-06-24 13:40:58,2024-06-24 13:59:58,东城区,东城区,23.9,7.5
2024-06-06 11:38:10,2024-06-06 11:47:10,昌平区,丰台区,20.0,4.5
2024-06-30 11:36:52,2024-06-30 12:10:52,朝阳区,朝阳区,43.2,14.4
2024-06-22 19:59:53,2024-06-22 20:02:53,丰台区,通州区,14.0,1.0
2024-06-11 13:07:54,2024-06-11 13:21:54,海淀区,石景山区,34.0,10.5
2024-06-21 07:26:39,2024-06-21 07:51:39,东城区,海淀区,45.1,15.5
2024-06-30 07:27:35,2024-06-30 07:55:35,房山区,通州区,43.5,14.1
2024-06-08 19:42:05,2024-06-08 19:55:05,西城区,东城区,17.9,4.3
2024-06-02 09:33:38,2024-06-02 10:35:38,朝阳区,顺义区,57.2,20.5
2024-06-15 23:08:42,2024-06-15 23:32:42,昌平区,门头沟区,30.2,9.5
2024-06-28 14:54:13,2024-06-28 15:12:13,大兴区,石景山区,31.8,10.6
2024-06-28 19:58:05,2024-06-28 20:18:05,大兴区,朝阳区,39.1,12.2
2024-06-21 07:40:04,2024-06-21 07:47:04,朝阳区,东城区,15.0,3.3
2024-06-19 20:31:14,2024-06-19 20:40:14,海淀区,门头沟区,27.6,7.7
2024-06-05 10:39:53,2024-06-05 11:01:53,东城区,顺义区,28.8,9.1
2024-06-23 14:45:17,2024-06-23 15:07:17,朝阳区,石景山区,29.8,9.1
2024-06-21 10:07:31,2024-06-21 11:08:31,海淀区,朝阳区,37.3,13.3
2024-06-01 09:10:33,2024-06-01 09:21:33,通州区,大兴区,27.2,7.2
2024-06-22 16:12:57,2024-06-22 16:18:57,西城区,房山区,18.9,5.5
2024-06-07 10:18:25,2024-06-07 10:39:25,西城区,顺义区,33.4,10.0
2024-06-13 17:46:41,2024-06-13 17:54:41,西城区,顺义区,19.6,4.9
2024-06-01 09:07:28,2024-06-01 09:32:28,丰台区,海淀区,36.9,11.9
2024-06-16 17:27:45,2024-06-16 17:32:45,东城区,顺义区,19.2,4.1
2024-06-10 18:44:17,2024-06-10 19:09:17,房山区,海淀区,31.3,10.0
2024-06-17 12:16:17,2024-06-17 12:31:17,通州区,西城区,24.7,6.9
2024-06-02 17:33:59,2024-06-02 17:56:59,大兴区,东城区,46.8,16.3
2024-06-23 11:23:14,2024-06-23 11:26:14,朝阳区,西城区,14.6,1.0
2024-06-23 19:16:38,2024-06-23 19:41:38,朝阳区,顺义区,34.5,11.1
2024-06-30 11:05:12,2024-06-30 11:25:12,海淀区,西城区,30.3,8.9
2024-06-16 13:20:01,2024-06-16 13:25:01,西城区,海淀区,17.4,1.8
2024-06-27 13:41:47,2024-06-27 14:14:47,西城区,大兴区,22.9,5.5
2024-06-03 04:48:33,2024-06-03 04:53:33,朝阳区,顺义区,15.1,2.1
2024-06-22 13:46:38,2024-06-22 13:52:38,海淀区,大兴区,14.6,3.1
2024-06-08 11:22:41,2024-06-08 11:33:41,大兴区,东城区,22.2,6.1
2024-06-22 21:37:27,2024-06-22 21:52:27,丰台区,海淀区,26.4,8.5
2024-06-25 16:35:09,2024-06-25 16:43:09,大兴区,昌平区,18.3,3.4
2024-06-10 16:41:09,2024-06-10 16:48:09,海淀区,海淀区,17.9,4.2
2024-06-22 17:27:04,2024-06-22 18:29:04,海淀区,丰台区,61.2,22.3
2024-06-05 08:52:47,2024-06-05 09:10:47,海淀区,朝阳区,37.6,13.6
2024-06-18 04:56:34,2024-06-18 05:15:34,门头沟区,石景山区,35.6,10.7
2024-06-16 13:19:03,2024-06-16 13:43:03,东城区,东城区,42.2,14.6
2024-06-11 12:01:57,2024-06-11 12:12:57,朝阳区,房山区,23.5,5.9
2024-06-26 12:05:04,2024-06-26 12:23:04,顺义区,西城区,28.0,8.2
2024-07-01 07:09:56,2024-07-01 07:19:56,丰台区,通州区,17.8,4.2
2024-06-09 08:37:00,2024-06-09 08:52:00,通州区,大兴区,24.8,7.0
2024-06-27 17:49:15,2024-06-27 17:55:15,朝阳区,房山区,16.4,3.7
2024-06-01 09:31:47,2024-06-01 09:55:47,大兴区,通州区,47.8,16.3
2024-06-13 17:45:18,2024-06-13 18:13:18,西城区,大兴区,40.9,15.0
2024-06-14 16:20:09,2024-06-14 16:36:09,大兴区,西城区,36.1,11.8
2024-06-14 02:18:19,2024-06-14 02:24:19,东城区,丰台区,16.4,4.1
2024-06-28 16:08:11,2024-06-28 16:25:11,昌平区,石景山区,36.0,12.0
2024-06-24 09:51:10,2024-06-24 10:13:10,朝阳区,西城区,31.8,10.3
2024-06-25 18:25:24,2024-06-25 18:41:24,西城区,顺义区,33.0,9.7
2024-06-28 08:48:59,2024-06-28 09:27:59,海淀区,朝阳区,23.2,6.5
2024-06-22 11:27:32,2024-06-22 11:39:32,朝阳区,房山区,26.5,7.9
2024-06-02 19:55:37,2024-06-02 20:11:37,东城区,通州区,20.1,4.5
2024-06-30 13:44:41,2024-06-30 14:43:41,朝阳区,海淀区,47.1,15.7
2024-06-12 12:09:32,2024-06-12 12:23:32,大兴区,顺义区,32.0,9.5
2024-06-25 20:21:20,2024-06-25 20:35:20,石景山区,丰台区,29.0,8.0
2024-06-22 19:32:17,2024-06-22 19:47:17,大兴区,西城区,30.6,10.3
2024-07-01 18:45:26,2024-07-01 18:48:26,石景山区,门头沟区,13.1,1.9
2024-06-20 13:42:40,2024-06-20 13:54:40,朝阳区,石景山区,18.9,5.5
2024-06-05 12:40:00,2024-06-05 12:44:00,东城区,丰台区,17.4,3.4
2024-06-02 00:19:29,2024-06-02 00:40:29,石景山区,通州区,27.9,8.4
2024-06-26 10:07:35,2024-06-26 11:15:35,海淀区,西城区,40.8,13.6
2024-06-01 09:48:53,2024-06-01 10:31:53,昌平区,丰台区,29.9,10.2
2024-06-25 12:51:53,2024-06-25 13:05:53,朝阳区,西城区,33.7,11.4
2024-06-19 12:14:26,2024-06-19 12:25:26,朝阳区,东城区,28.1,7.4
2024-06-08 19:30:59,2024-06-08 19:33:59,西城区,大兴区,14.7,1.0
2024-06-27 19:43:20,2024-06-27 20:03:20,西城区,石景山区,21.8,5.1
2024-06-19 11:44:56,2024-06-19 11:53:56,东城区,通州区,21.7,6.6
2024-06-30 07:26:45,2024-06-30 07:34:45,昌平区,海淀区,15.0,2.8
2024-06-01 13:11:10,2024-06-01 13:20:10,朝阳区,石景山区,21.1,6.1
2024-06-25 13:24:41,2024-06-25 13:38:41,西城区,海淀区,22.1,5.9
2024-06-06 12:55:45,2024-06-06 13:31:45,西城区,顺义区,42.7,15.8
2024-06-22 18:26:08,2024-06-22 18:54:08,东城区,朝阳区,33.4,10.5
2024-06-25 06:48:19,2024-06-25 06:56:19,东城区,东城区,18.1,5.0
2024-06-02 17:32:40,2024-06-02 17:58:40,东城区,顺义区,35.3,12.1
2024-06-08 18:57:31,2024-06-08 19:02:31,海淀区,丰台区,14.9,2.5
2024-06-28 19:26:13,2024-06-28 19:42:13,东城区,顺义区,31.1,10.7
2024-06-04 09:38:10,2024-06-04 09:56:10,西城区,房山区,30.5,10.3
2024-06-15 14:20:56,2024-06-15 14:31:56,朝阳区,门头沟区,25.7,6.7
2024-06-10 12:23:58,2024-06-10 12:48:58,石景山区,西城区,38.9,13.1
2024-06-27 14:09:16,2024-06-27 14:25:16,朝阳区,通州区,39.2,14.1
2024-06-19 08:54:17,2024-06-19 09:05:17,门头沟区,丰台区,20.1,5.8
2024-06-26 11:51:38,2024-06-26 12:07:38,海淀区,通州区,27.6,8.7
2024-06-25 09:56:16,2024-06-25 10:13:16,东城区,昌平区,30.5,10.3
2024-06-04 16:09:07,2024-06-04 16:28:07,东城区,昌平区,24.4,7.5
2024-06-16 07:20:59,2024-06-16 07:48:59,石景山区,丰台区,38.5,12.2
2024-06-15 23:33:36,2024-06-15 23:45:36,海淀区,海淀区,15.3,2.4
2024-06-12 08:15:08,2024-06-12 08:18:08,朝阳区,西城区,14.0,2.8
2024-06-17 17:06:58,2024-06-17 17:22:58,海淀区,丰台区,39.8,13.0
2024-06-08 09:43:14,2024-06-08 10:46:14,房山区,门头沟区,38.9,13.9
2024-06-23 20:09:59,2024-06-23 20:18:59,朝阳区,昌平区,23.3,5.7
2024-06-19 08:02:51,2024-06-19 08:07:51,通州区,朝阳区,19.0,3.7
2024-06-11 11:44:18,2024-06-11 12:00:18,通州区,石景山区,21.4,6.3
2024-06-17 15:15:09,2024-06-17 15:35:09,海淀区,朝阳区,33.0,11.5
2024-06-24 06:45:26,2024-06-24 06:51:26,昌平区,东城区,13.5,2.8
2024-06-17 03:09:50,2024-06-17 03:16:50,海淀区,石景山区,13.7,1.1
2024-06-22 18:56:57,2024-06-22 19:26:57,朝阳区,石景山区,25.8,8.2
2024-06-01 18:16:18,2024-06-01 18:19:18,门头沟区,昌平区,17.0,1.0
2024-06-22 18:17:19,2024-06-22 18:25:19,朝阳区,大兴区,18.9,3.7
2024-06-22 17:12:08,2024-06-22 17:23:08,丰台区,房山区,13.7,2.4
2024-06-20 03:20:35,2024-06-20 03:33:35,海淀区,东城区,32.5,10.0
2024-06-11 07:02:54,2024-06-11 07:05:54,丰台区,大兴区,15.7,1.0
2024-06-13 11:26:34,2024-06-13 12:03:34,石景山区,门头沟区,36.7,12.0
2024-06-12 10:01:19,2024-06-12 10:43:19,昌平区,通州区,48.7,17.7
2024-06-12 14:30:06,2024-06-12 14:54:06,海淀区,东城区,34.5,11.4
2024-06-30 14:07:23,2024-06-30 14:26:23,昌平区,西城区,44.7,14.7
2024-06-06 18:15:10,2024-06-06 18:18:10,丰台区,丰台区,13.8,1.0
2024-06-12 17:08:46,2024-06-12 17:11:46,海淀区,昌平区,16.9,1.0
2024-06-03 19:35:50,2024-06-03 20:27:50,大兴区,门头沟区,26.9,8.7
2024-06-04 13:27:56,2024-06-04 13:46:56,海淀区,东城区,38.2,12.9
2024-06-19 13:06:50,2024-06-19 13:11:50,西城区,海淀区,17.5,3.5
2024-06-28 13:09:37,2024-06-28 13:21:37,朝阳区,东城区,27.5,7.7
2024-06-15 23:49:47,2024-06-16 00:40:47,海淀区,西城区,30.3,8.5
2024-06-30 17:15:13,2024-06-30 17:47:13,昌平区,门头沟区,51.1,17.7
2024-06-04 12:10:39,2024-06-04 12:13:39,海淀区,朝阳区,17.5,1.0
2024-06-15 08:55:28,2024-06-15 09:34:28,大兴区,昌平区,30.8,10.0
2024-06-04 12:43:46,2024-06-04 13:10:46,丰台区,大兴区,42.3,14.9
2024-06-18 16:31:36,2024-06-18 16:55:36,昌平区,通州区,37.6,13.3
2024-07-01 23:01:08,2024-07-01 23:27:08,顺义区,昌平区,32.6,11.0
2024-06-18 08:10:20,2024-06-18 08:25:20,海淀区,朝阳区,25.7,8.1
2024-06-19 12:19:26,2024-06-19 12:36:26,丰台区,大兴区,32.9,10.7
2024-06-13 08:21:05,2024-06-13 08:39:05,丰台区,朝阳区,26.6,8.9
2024-06-28 07:22:25,2024-06-28 07:43:25,通州区,房山区,39.1,13.1
2024-06-20 17:10:26,2024-06-20 17:20:26,丰台区,顺义区,20.8,6.1
2024-06-20 14:32:20,2024-06-20 14:49:20,顺义区,门头沟区,27.5,9.0
2024-06-09 13:22:03,2024-06-09 13:35:03,西城区,房山区,22.4,5.2
2024-06-08 17:18:42,2024-06-08 17:37:42,海淀区,朝阳区,23.6,7.1
2024-06-06 16:19:25,2024-06-06 16:41:25,丰台区,西城区,30.1,9.4
2024-06-16 15:41:46,2024-06-16 16:11:46,海淀区,房山区,38.6,14.0
2024-06-01 18:30:19,2024-06-01 18:37:19,东城区,西城区,18.6,3.7
2024-06-22 09:22:24,2024-06-22 09:27:24,丰台区,西城区,17.3,2.1
2024-06-04 09:47:21,2024-06-04 10:18:21,房山区,顺义区,38.6,12.9
2024-06-06 11:01:56,2024-06-06 11:11:56,西城区,大兴区,16.0,4.2
2024-06-22 17:13:18,2024-06-22 17:34:18,海淀区,东城区,27.6,8.4
2024-06-10 09:25:19,2024-06-10 09:37:19,昌平区,海淀区,19.8,5.4
2024-06-15 14:22:15,2024-06-15 14:34:15,顺义区,昌平区,27.7,7.9
2024-06-29 09:02:58,2024-06-29 09:08:58,房山区,房山区,17.9,2.6
2024-06-30 11:41:32,2024-06-30 12:00:32,门头沟区,昌平区,36.3,11.2
2024-06-17 19:01:38,2024-06-17 19:28:38,昌平区,大兴区,36.3,12.2
2024-06-06 07:46:44,2024-06-06 08:20:44,海淀区,昌平区,47.8,16.6
2024-06-18 07:30:12,2024-06-18 07:33:12,大兴区,西城区,14.5,1.8
2024-06-16 10:06:07,2024-06-16 10:12:07,海淀区,海淀区,15.5,2.2
2024-06-17 17:35:13,2024-06-17 17:44:13,西城区,西城区,24.3,6.2
2024-06-03 08:24:22,2024-06-03 09:01:22,门头沟区,朝阳区,45.4,15.0
2024-06-29 16:41:19,2024-06-29 17:12:19,丰台区,大兴区,30.4,10.5
2024-06-30 17:26:01,2024-06-30 17:39:01,朝阳区,顺义区,33.5,11.1
2024-06-17 18:53:14,2024-06-17 19:17:14,通州区,西城区,31.9,11.0
2024-06-13 17:58:31,2024-06-13 18:07:31,丰台区,朝阳区,16.4,3.9
2024-06-27 16:03:46,2024-06-27 16:25:46,顺义区,通州区,34.8,12.1
2024-06-21 16:20:52,2024-06-21 16:44:52,朝阳区,房山区,24.2,7.8
2024-06-03 05:09:58,2024-06-03 05:22:58,朝阳区,大兴区,33.5,10.0
2024-06-23 13:02:06,2024-06-23 13:22:06,海淀区,石景山区,34.5,11.5
2024-06-16 08:46:01,2024-06-16 08:51:01,房山区,丰台区,14.6,3.7
2024-07-01 16:32:09,2024-07-01 16:43:09,门头沟区,房山区,26.2,8.6
2024-06-19 13:03:02,2024-06-19 13:23:02,朝阳区,东城区,34.1,10.5
2024-06-19 16:07:56,2024-06-19 16:26:56,西城区,通州区,40.1,13.1
2024-06-23 18:31:59,2024-06-23 18:52:59,丰台区,顺义区,34.6,11.8
2024-06-26 19:41:11,2024-06-26 20:10:11,海淀区,通州区,38.0,11.9
2024-06-06 13:09:20,2024-06-06 13:22:20,海淀区,通州区,29.3,9.1
2024-06-09 11:47:20,2024-06-09 11:52:20,东城区,丰台区,18.7,4.7
2024-06-18 05:44:47,2024-06-18 06:18:47,海淀区,海淀区,40.3,13.7
2024-06-17 09:17:11,2024-06-17 09:20:11,昌平区,石景山区,17.0,1.0
2024-06-27 12:56:17,2024-06-27 13:08:17,西城区,西城区,24.2,5.9
2024-06-18 14:56:01,2024-06-18 15:32:01,东城区,东城区,30.6,8.7
2024-06-01 09:49:34,2024-06-01 09:55:34,海淀区,西城区,14.9,3.2
2024-06-21 17:53:57,2024-06-21 18:40:57,西城区,石景山区,42.3,15.2
2024-06-03 04:28:58,2024-06-03 04:34:58,丰台区,大兴区,15.9,4.0
2024-07-01 09:29:02,2024-07-01 09:39:02,顺义区,东城区,21.6,4.8
2024-06-05 20:06:25,2024-06-05 20:48:25,东城区,顺义区,37.4,12.1
2024-06-05 08:45:40,2024-06-05 09:39:40,大兴区,房山区,38.5,12.4
2024-07-01 17:41:23,2024-07-01 17:46:23,西城区,石景山区,16.9,2.3
2024-06-12 18:14:46,2024-06-12 18:18:46,昌平区,通州区,15.2,2.2
2024-06-08 18:56:08,2024-06-08 19:18:08,西城区,朝阳区,31.7,11.0
2024-06-17 13:42:03,2024-06-17 13:47:03,昌平区,房山区,15.3,3.6
2024-06-05 19:35:42,2024-06-05 20:27:42,石景山区,石景山区,35.8,11.5
2024-06-01 06:12:12,2024-06-01 06:26:12,海淀区,房山区,29.6,9.0
2024-06-22 13:11:44,2024-06-22 14:20:44,丰台区,西城区,42.2,14.1
2024-06-30 12:21:22,2024-06-30 12:24:22,顺义区,通州区,15.1,1.0
2024-06-26 21:51:53,2024-06-26 22:17:53,通州区,大兴区,32.3,9.7
2024-06-07 14:32:55,2024-06-07 14:44:55,东城区,大兴区,21.1,5.6
2024-06-24 12:38:30,2024-06-24 12:42:30,石景山区,顺义区,17.6,3.4
2024-06-01 10:46:04,2024-06-01 10:57:04,通州区,房山区,17.5,3.4
2024-06-28 03:32:34,2024-06-28 03:43:34,西城区,丰台区,28.8,8.4
2024-06-29 14:17:57,2024-06-29 14:56:57,东城区,门头沟区,51.7,19.2
2024-06-05 15:22:23,2024-06-05 15:34:23,通州区,丰台区,19.0,4.2
2024-06-01 17:34:35,2024-06-01 17:48:35,朝阳区,朝阳区,34.3,11.2
2024-06-14 12:03:57,2024-06-14 12:17:57,顺义区,朝阳区,19.2,3.7
2024-06-04 14:08:57,2024-06-04 14:28:57,海淀区,石景山区,27.7,7.5
2024-06-15 19:43:41,2024-06-15 19:46:41,大兴区,房山区,16.2,1.4
2024-06-08 15:26:42,2024-06-08 15:40:42,海淀区,大兴区,30.5,8.7
2024-06-19 18:31:01,2024-06-19 18:42:01,通州区,大兴区,19.4,5.1
2024-06-28 14:15:41,2024-06-28 14:36:41,东城区,海淀区,29.7,9.2
2024-06-02 06:01:26,2024-06-02 06:05:26,东城区,丰台区,15.7,2.6
2024-06-21 13:51:05,2024-06-21 14:01:05,海淀区,昌平区,21.3,6.3
2024-06-28 06:03:16,2024-06-28 06:14:16,朝阳区,石景山区,24.9,7.8
2024-06-02 17:31:44,2024-06-02 18:05:44,朝阳区,门头沟区,29.4,9.6
2024-06-23 19:13:18,2024-06-23 19:29:18,昌平区,顺义区,31.4,10.0
2024-06-26 23:20:43,2024-06-26 23:34:43,西城区,昌平区,21.2,6.2
2024-06-29 10:35:52,2024-06-29 11:02:52,大兴区,通州区,37.8,13.2
2024-06-08 11:25:04,2024-06-08 11:31:04,顺义区,石景山区,16.1,3.2
2024-06-30 18:51:17,2024-06-30 19:01:17,朝阳区,房山区,17.6,3.9
2024-06-22 13:51:52,2024-06-22 13:55:52,东城区,门头沟区,17.3,1.8
2024-06-06 12:28:16,2024-06-06 13:32:16,门头沟区,顺义区,53.3,18.6
2024-06-24 21:52:53,2024-06-24 22:02:53,房山区,通州区,21.7,6.2
2024-06-13 15:42:18,2024-06-13 15:55:18,朝阳区,西城区,30.6,9.1
2024-06-05 19:28:13,2024-06-05 19:38:13,门头沟区,门头沟区,25.3,6.2
2024-06-27 12:54:42,2024-06-27 13:49:42,大兴区,石景山区,55.9,20.1
2024-06-14 09:55:33,2024-06-14 10:02:33,西城区,房山区,19.2,3.7
2024-06-03 17:19:16,2024-06-03 17:46:16,朝阳区,丰台区,47.1,17.3
2024-06-16 13:08:11,2024-06-16 13:32:11,海淀区,昌平区,25.1,7.0
2024-06-30 12:04:05,2024-06-30 12:22:05,昌平区,通州区,28.8,8.5
2024-06-19 13:35:09,2024-06-19 13:58:09,朝阳区,朝阳区,44.9,15.6
2024-06-08 23:42:01,2024-06-08 23:56:01,海淀区,东城区,21.5,5.0
2024-06-29 18:22:47,2024-06-29 18:35:47,朝阳区,朝阳区,19.7,5.9
2024-06-26 07:34:08,2024-06-26 08:50:08,西城区,房山区,37.5,12.7
2024-06-14 12:37:46,2024-06-14 12:47:46,朝阳区,西城区,19.9,5.6
2024-06-12 13:35:08,2024-06-12 14:02:08,西城区,朝阳区,21.7,6.5
2024-06-09 15:36:46,2024-06-09 15:52:46,朝阳区,大兴区,28.1,8.1
2024-06-14 04:43:14,2024-06-14 05:01:14,房山区,西城区,36.5,12.4
2024-06-23 09:07:12,2024-06-23 09:34:12,西城区,东城区,31.0,9.3
2024-06-05 17:38:42,2024-06-05 17:41:42,海淀区,丰台区,15.6,1.0
2024-06-14 04:20:04,2024-06-14 04:23:04,海淀区,大兴区,16.7,1.0
2024-06-06 12:46:51,2024-06-06 12:51:51,朝阳区,西城区,13.2,2.8
2024-06-26 18:31:33,2024-06-26 18:59:33,丰台区,丰台区,30.8,9.1
2024-06-09 19:28:26,2024-06-09 20:08:26,海淀区,东城区,24.2,6.6
2024-06-08 15:30:40,2024-06-08 15:43:40,海淀区,海淀区,15.8,2.7
2024-06-12 12:16:53,2024-06-12 12:21:53,昌平区,东城区,13.1,2.0
2024-06-10 13:49:11,2024-06-10 14:02:11,房山区,昌平区,16.1,2.2
2024-06-30 11:16:52,2024-06-30 11:34:52,东城区,顺义区,29.2,8.7
2024-06-28 12:59:36,2024-06-28 13:02:36,昌平区,通州区,17.0,1.0
2024-07-01 01:19:07,2024-07-01 01:35:07,海淀区,西城区,35.2,11.8
2024-06-22 14:07:36,2024-06-22 14:47:36,大兴区,朝阳区,49.0,17.2
2024-06-18 08:20:14,2024-06-18 08:44:14,顺义区,房山区,40.0,13.7
2024-06-03 13:24:22,2024-06-03 13:47:22,丰台区,门头沟区,37.2,12.6
2024-06-19 12:07:35,2024-06-19 12:23:35,房山区,朝阳区,27.7,8.0
2024-07-01 11:10:29,2024-07-01 11:20:29,海淀区,房山区,27.6,8.5
2024-06-04 04:41:20,2024-06-04 05:06:20,西城区,东城区,34.9,10.7
2024-06-13 18:29:35,2024-06-13 18:32:35,顺义区,通州区,13.9,1.0
2024-06-15 08:41:15,2024-06-15 08:48:15,东城区,房山区,17.6,4.7
2024-06-21 10:21:02,2024-06-21 10:37:02,朝阳区,朝阳区,29.0,9.9
2024-06-23 14:27:17,2024-06-23 14:44:17,门头沟区,东城区,23.7,6.7
2024-06-21 18:09:14,2024-06-21 18:52:14,朝阳区,昌平区,41.5,14.9
2024-06-29 13:11:35,2024-06-29 13:26:35,顺义区,丰台区,33.6,10.3
2024-06-21 00:02:16,2024-06-21 00:15:16,丰台区,丰台区,23.9,7.0
2024-06-09 12:58:56,2024-06-09 13:29:56,西城区,石景山区,32.2,10.1
2024-06-23 19:02:20,2024-06-23 19:05:20,东城区,海淀区,16.3,1.0
2024-06-09 22:20:48,2024-06-09 22:37:48,东城区,朝阳区,36.4,11.0
2024-06-19 14:12:00,2024-06-19 14:45:00,顺义区,海淀区,24.0,6.8
2024-06-24 12:56:03,2024-06-24 12:59:03,西城区,丰台区,17.9,1.0
2024-06-25 07:02:27,2024-06-25 07:10:27,朝阳区,昌平区,20.0,4.5
2024-06-14 12:45:48,2024-06-14 12:49:48,朝阳区,朝阳区,13.9,1.5
2024-06-20 07:09:38,2024-06-20 07:26:38,大兴区,门头沟区,32.5,9.6
2024-06-18 14:47:14,2024-06-18 15:18:14,朝阳区,昌平区,38.2,13.0
2024-06-02 11:10:33,2024-06-02 11:33:33,西城区,西城区,21.9,6.7
2024-06-25 19:46:44,2024-06-25 20:03:44,东城区,顺义区,25.0,7.9
2024-06-18 09:16:24,2024-06-18 09:35:24,东城区,门头沟区,32.4,10.4
2024-06-28 15:09:47,2024-06-28 15:29:47,朝阳区,西城区,27.3,7.9
2024-06-26 10:12:16,2024-06-26 10:35:16,顺义区,昌平区,22.5,5.8
2024-06-16 14:37:56,2024-06-16 14:47:56,海淀区,石景山区,25.1,6.1
2024-06-28 13:56:28,2024-06-28 14:29:28,朝阳区,东城区,35.3,11.0
2024-06-02 18:05:50,2024-06-02 18:16:50,东城区,西城区,30.5,8.7
2024-06-21 15:09:25,2024-06-21 15:30:25,昌平区,顺义区,38.5,13.2
2024-06-13 13:42:39,2024-06-13 13:49:39,顺义区,西城区,13.9,3.0
2024-06-05 07:00:27,2024-06-05 07:24:27,朝阳区,丰台区,39.6,13.5
2024-06-13 11:21:02,2024-06-13 11:42:02,石景山区,通州区,32.3,9.5
2024-06-01 06:55:11,2024-06-01 07:10:11,西城区,海淀区,24.6,6.6
2024-06-23 05:47:23,2024-06-23 06:19:23,西城区,通州区,51.3,18.8
2024-06-08 17:42:49,2024-06-08 17:47:49,石景山区,昌平区,17.7,2.5
2024-06-15 15:51:24,2024-06-15 15:54:24,昌平区,朝阳区,17.3,2.0
2024-06-21 13:40:54,2024-06-21 13:43:54,顺义区,门头沟区,14.8,1.0
2024-06-12 20:54:38,2024-06-12 21:06:38,东城区,大兴区,25.8,8.4
2024-06-04 18:03:44,2024-06-04 18:06:44,通州区,房山区,14.1,1.0
2024-06-22 13:09:47,2024-06-22 13:28:47,朝阳区,房山区,41.4,13.6
2024-06-30 18:06:35,2024-06-30 18:30:35,通州区,房山区,46.0,16.0
2024-06-18 10:27:48,2024-06-18 10:36:48,海淀区,大兴区,26.0,6.5
2024-06-03 14:11:40,2024-06-03 14:20:40,丰台区,丰台区,18.1,4.3
2024-06-26 11:50:45,2024-06-26 11:53:45,房山区,顺义区,14.5,1.0
2024-06-22 09:24:26,2024-06-22 09:27:26,石景山区,昌平区,16.1,1.0
2024-06-26 07:22:43,2024-06-26 08:06:43,丰台区,大兴区,24.3,7.4
2024-06-12 14:39:03,2024-06-12 14:48:03,大兴区,东城区,22.9,6.0
2024-06-15 09:10:34,2024-06-15 09:51:34,朝阳区,丰台区,28.5,8.8
2024-06-30 15:20:39,2024-06-30 15:23:39,海淀区,朝阳区,17.0,1.0
2024-06-21 15:34:31,2024-06-21 15:41:31,石景山区,房山区,17.6,4.5
2024-06-05 17:31:39,2024-06-05 17:43:39,房山区,丰台区,19.8,5.3
2024-06-03 19:29:16,2024-06-03 20:04:16,东城区,朝阳区,52.9,19.3
2024-06-13 13:23:09,2024-06-13 14:04:09,东城区,顺义区,22.0,6.9
2024-06-27 13:04:54,2024-06-27 13:23:54,西城区,大兴区,33.6,10.9
2024-06-21 09:43:36,2024-06-21 09:52:36,大兴区,东城区,23.3,5.3
2024-06-03 07:48:55,2024-06-03 08:14:55,昌平区,门头沟区,25.2,8.2
2024-06-27 13:13:37,2024-06-27 13:34:37,海淀区,海淀区,32.2,11.0
2024-06-17 11:01:48,2024-06-17 11:10:48,朝阳区,顺义区,16.9,3.4
2024-06-11 17:02:45,2024-06-11 17:25:45,朝阳区,海淀区,39.2,13.9
2024-06-29 10:44:17,2024-06-29 10:55:17,大兴区,门头沟区,19.0,5.0
2024-06-18 07:29:06,2024-06-18 07:46:06,东城区,大兴区,31.7,10.5
2024-06-11 14:04:21,2024-06-11 14:10:21,朝阳区,昌平区,16.6,1.0
2024-06-17 12:02:59,2024-06-17 12:19:59,海淀区,海淀区,26.2,8.7
2024-06-29 08:14:50,2024-06-29 08:45:50,朝阳区,石景山区,30.4,8.6
2024-06-19 16:25:58,2024-06-19 17:05:58,朝阳区,昌平区,25.7,6.6
2024-06-20 21:42:56,2024-06-20 22:07:56,东城区,朝阳区,38.4,13.5
2024-06-18 07:43:45,2024-06-18 07:52:45,石景山区,大兴区,21.1,5.2
2024-06-09 12:20:22,2024-06-09 13:08:22,海淀区,通州区,43.7,15.0
2024-06-20 12:43:46,2024-06-20 13:02:46,通州区,西城区,26.8,8.2
2024-06-26 11:37:43,2024-06-26 11:53:43,海淀区,丰台区,25.5,6.9
2024-06-07 16:08:48,2024-06-07 16:11:48,海淀区,海淀区,15.0,1.0
2024-06-27 13:10:03,2024-06-27 13:13:03,顺义区,通州区,17.8,1.0
2024-06-23 12:02:32,2024-06-23 12:05:32,通州区,丰台区,14.0,1.0
2024-06-25 18:06:35,2024-06-25 18:18:35,丰台区,昌平区,34.6,10.5
2024-06-15 17:40:56,2024-06-15 18:20:56,朝阳区,昌平区,33.7,10.6
2024-06-04 14:33:10,2024-06-04 14:36:10,朝阳区,朝阳区,17.6,1.0
2024-06-18 19:40:39,2024-06-18 19:52:39,西城区,通州区,24.1,7.1
2024-06-02 07:46:48,2024-06-02 08:07:48,东城区,丰台区,37.4,11.8
2024-06-19 17:20:04,2024-06-19 17:41:04,通州区,西城区,37.5,12.1
2024-06-01 12:57:17,2024-06-01 13:10:17,朝阳区,昌平区,27.9,8.0
2024-06-17 16:43:16,2024-06-17 16:54:16,朝阳区,通州区,17.7,3.4
2024-06-04 06:17:29,2024-06-04 06:41:29,西城区,海淀区,28.3,9.4
2024-06-24 18:55:30,2024-06-24 19:07:30,海淀区,海淀区,27.8,9.3
2024-06-22 16:13:55,2024-06-22 16:35:55,朝阳区,门头沟区,30.8,8.6
2024-06-04 11:08:39,2024-06-04 11:40:39,顺义区,顺义区,24.5,7.9
2024-06-29 17:16:24,2024-06-29 17:54:24,丰台区,海淀区,32.8,9.6
2024-06-12 07:19:42,2024-06-12 07:55:42,东城区,顺义区,42.6,14.3
2024-06-19 19:11:00,2024-06-19 19:50:00,西城区,海淀区,40.8,13.5
2024-06-10 09:43:47,2024-06-10 09:50:47,顺义区,大兴区,17.1,3.7
2024-06-13 12:43:23,2024-06-13 13:33:23,东城区,通州区,36.8,13.3
2024-06-15 15:30:43,2024-06-15 15:54:43,西城区,石景山区,35.3,10.8
2024-06-14 20:41:39,2024-06-14 21:02:39,大兴区,朝阳区,35.1,11.0
2024-06-06 11:28:15,2024-06-06 11:36:15,昌平区,海淀区,21.8,5.9
2024-06-19 08:56:08,2024-06-19 09:20:08,西城区,昌平区,41.1,13.1
2024-06-05 17:51:03,2024-06-05 17:54:03,海淀区,大兴区,15.3,1.0
2024-06-20 14:04:57,2024-06-20 14:11:57,大兴区,门头沟区,17.7,2.1
2024-06-23 19:12:47,2024-06-23 19:32:47,海淀区,朝阳区,27.5,7.4
2024-06-08 20:23:07,2024-06-08 20:47:07,房山区,顺义区,30.5,9.3
2024-06-21 18:52:23,2024-06-21 19:02:23,石景山区,海淀区,20.9,4.7
2024-06-19 19:52:44,2024-06-19 20:02:44,东城区,房山区,17.8,4.8
2024-06-28 11:22:29,2024-06-28 12:11:29,丰台区,海淀区,40.0,14.2
2024-06-11 18:02:22,2024-06-11 18:51:22,东城区,门头沟区,55.9,21.4
2024-06-03 10:16:43,2024-06-03 10:19:43,海淀区,顺义区,15.6,1.0
2024-06-06 05:37:44,2024-06-06 06:09:44,西城区,大兴区,48.7,18.5
2024-06-21 17:59:14,2024-06-21 18:12:14,朝阳区,顺义区,31.5,9.5
2024-06-04 08:34:15,2024-06-04 08:37:15,海淀区,房山区,14.3,1.0
2024-06-21 15:45:52,2024-06-21 15:56:52,顺义区,通州区,22.5,5.7
2024-06-03 19:57:36,2024-06-03 20:08:36,海淀区,西城区,28.2,7.5
2024-06-28 18:52:58,2024-06-28 19:07:58,昌平区,大兴区,22.8,7.1
2024-06-29 07:05:33,2024-06-29 07:25:33,朝阳区,顺义区,33.3,9.7
2024-06-23 13:53:45,2024-06-23 14:08:45,大兴区,顺义区,29.1,8.4
2024-06-12 07:14:44,2024-06-12 07:50:44,房山区,顺义区,34.8,12.4
2024-06-01 18:06:04,2024-06-01 18:18:04,石景山区,西城区,25.0,8.1
2024-06-16 17:23:12,2024-06-16 17:36:12,昌平区,海淀区,20.5,6.1
2024-06-02 18:55:24,2024-06-02 19:13:24,海淀区,丰台区,38.0,12.0
2024-06-21 14:59:32,2024-06-21 15:12:32,顺义区,门头沟区,21.6,6.5
2024-06-06 08:39:48,2024-06-06 09:02:48,顺义区,朝阳区,33.9,11.1
2024-06-01 08:56:47,2024-06-01 09:13:47,东城区,大兴区,29.4,9.5
2024-06-20 18:20:51,2024-06-20 18:42:51,昌平区,门头沟区,39.8,12.8
2024-06-04 18:12:36,2024-06-04 18:15:36,通州区,石景山区,15.5,1.0
2024-06-09 19:15:49,2024-06-09 19:36:49,朝阳区,石景山区,37.4,12.9
2024-06-12 12:04:03,2024-06-12 12:21:03,西城区,西城区,26.8,7.5
2024-06-13 08:25:06,2024-06-13 08:46:06,东城区,丰台区,39.7,12.5
2024-06-30 14:02:01,2024-06-30 14:11:01,东城区,海淀区,22.0,6.6
2024-06-10 11:51:57,2024-06-10 12:26:57,顺义区,通州区,52.5,19.9
2024-06-08 17:59:59,2024-06-08 18:28:59,朝阳区,门头沟区,36.0,12.5
2024-06-14 19:13:10,2024-06-14 19:45:10,海淀区,朝阳区,21.3,5.3
2024-06-30 17:38:53,2024-06-30 18:24:53,朝阳区,通州区,40.1,14.3
2024-06-05 06:15:46,2024-06-05 06:48:46,海淀区,石景山区,47.0,16.7
2024-06-23 12:49:27,2024-06-23 12:52:27,海淀区,顺义区,13.7,1.0
2024-06-15 11:31:01,2024-06-15 12:07:01,海淀区,海淀区,35.0,10.7
2024-06-15 08:12:30,2024-06-15 08:27:30,石景山区,丰台区,30.0,9.0
2024-06-27 07:53:46,2024-06-27 08:59:46,东城区,顺义区,36.3,11.0
2024-06-06 09:28:22,2024-06-06 09:45:22,丰台区,朝阳区,30.8,9.0
2024-06-11 19:03:25,2024-06-11 19:16:25,通州区,门头沟区,27.3,7.6
2024-06-10 17:18:35,2024-06-10 17:28:35,东城区,朝阳区,20.5,4.7
2024-06-21 12:42:02,2024-06-21 12:50:02,顺义区,大兴区,20.6,4.6
2024-06-02 17:25:08,2024-06-02 17:31:08,东城区,东城区,20.1,5.1
2024-06-05 12:25:45,2024-06-05 12:34:45,顺义区,门头沟区,21.0,4.8
2024-06-08 21:55:27,2024-06-08 21:58:27,海淀区,石景山区,17.1,1.6
2024-06-20 19:48:54,2024-06-20 19:53:54,海淀区,顺义区,18.5,4.3
2024-06-30 17:51:19,2024-06-30 18:37:19,丰台区,石景山区,33.5,10.9
2024-06-10 08:22:45,2024-06-10 08:41:45,朝阳区,房山区,28.3,9.2
2024-06-20 12:13:19,2024-06-20 12:40:19,海淀区,门头沟区,25.3,6.7
2024-06-29 12:03:05,2024-06-29 12:12:05,朝阳区,朝阳区,23.0,5.5
2024-06-11 14:54:06,2024-06-11 15:23:06,海淀区,昌平区,48.9,18.0
2024-06-05 04:17:59,2024-06-05 04:51:59,海淀区,房山区,38.7,13.2
2024-06-18 09:35:48,2024-06-18 10:02:48,通州区,丰台区,45.1,16.0
2024-06-07 13:53:45,2024-06-07 14:02:45,海淀区,顺义区,16.2,3.4
2024-06-27 18:50:05,2024-06-27 19:12:05,朝阳区,朝阳区,31.6,9.8
2024-06-03 15:52:47,2024-06-03 15:55:47,海淀区,东城区,14.0,1.0
2024-06-05 21:17:57,2024-06-05 21:37:57,丰台区,通州区,31.3,9.2
2024-06-28 07:09:58,2024-06-28 07:20:58,顺义区,房山区,25.5,6.3
2024-06-21 13:49:06,2024-06-21 14:04:06,朝阳区,海淀区,24.7,8.0
2024-06-05 18:30:15,2024-06-05 18:37:15,丰台区,门头沟区,21.3,5.9
2024-06-02 20:53:31,2024-06-02 20:56:31,东城区,大兴区,17.8,1.0
2024-06-27 05:30:51,2024-06-27 05:36:51,西城区,西城区,15.4,3.9
2024-06-25 17:32:10,2024-06-25 17:49:10,朝阳区,丰台区,25.2,6.5
2024-06-21 11:58:09,2024-06-21 12:25:09,东城区,门头沟区,47.2,16.7
2024-06-13 17:39:46,2024-06-13 17:42:46,朝阳区,海淀区,14.1,1.0
2024-06-18 05:36:22,2024-06-18 05:40:22,门头沟区,门头沟区,17.5,1.4
2024-06-21 12:59:02,2024-06-21 13:20:02,朝阳区,昌平区,45.9,15.9
2024-06-18 22:43:05,2024-06-18 23:04:05,大兴区,海淀区,39.5,13.9
2024-06-17 13:27:53,2024-06-17 13:34:53,西城区,西城区,16.2,3.9
2024-06-25 15:08:48,2024-06-25 15:11:48,朝阳区,大兴区,17.8,1.9
2024-06-18 16:30:47,2024-06-18 16:34:47,丰台区,东城区,15.2,2.7
2024-06-13 19:27:35,2024-06-13 19:40:35,东城区,门头沟区,25.2,6.3
2024-06-06 17:48:15,2024-06-06 18:15:15,海淀区,门头沟区,30.5,9.3
2024-06-13 07:40:00,2024-06-13 07:54:00,门头沟区,大兴区,32.8,11.2
2024-06-21 13:05:30,2024-06-21 13:08:30,昌平区,丰台区,16.3,1.0
2024-06-13 17:52:56,2024-06-13 18:12:56,海淀区,通州区,44.9,15.8
2024-06-23 18:58:57,2024-06-23 19:20:57,通州区,东城区,43.2,15.2
2024-06-21 09:46:04,2024-06-21 10:33:04,石景山区,海淀区,26.3,7.9
2024-06-26 10:24:20,2024-06-26 10:44:20,丰台区,顺义区,31.0,9.5
2024-06-02 06:28:36,2024-06-02 06:43:36,朝阳区,通州区,24.8,6.6
2024-06-09 13:20:13,2024-06-09 13:28:13,西城区,门头沟区,19.4,5.2
2024-06-26 16:34:18,2024-06-26 16:43:18,东城区,海淀区,20.9,6.2
2024-06-30 11:48:44,2024-06-30 11:51:44,朝阳区,大兴区,14.3,3.0
2024-06-17 12:25:50,2024-06-17 12:28:50,西城区,石景山区,17.2,1.8
2024-06-22 14:33:07,2024-06-22 15:00:07,海淀区,门头沟区,52.4,18.3
2024-06-03 14:17:45,2024-06-03 14:20:45,丰台区,昌平区,14.5,1.0
2024-06-10 17:05:43,2024-06-10 17:30:43,丰台区,大兴区,43.5,14.6
2024-06-25 07:38:07,2024-06-25 07:57:07,海淀区,通州区,32.8,9.6
2024-06-22 10:07:00,2024-06-22 10:35:00,通州区,丰台区,31.6,10.8
2024-06-07 11:16:23,2024-06-07 11:21:23,丰台区,朝阳区,16.2,3.9
2024-06-25 12:57:07,2024-06-25 13:15:07,西城区,房山区,32.3,10.5
2024-06-03 09:49:44,2024-06-03 10:00:44,大兴区,大兴区,21.1,5.9
2024-06-02 14:22:45,2024-06-02 14:25:45,昌平区,大兴区,15.8,1.4
2024-06-04 09:48:54,2024-06-04 10:28:54,西城区,通州区,71.1,26.6
2024-06-29 23:19:52,2024-06-29 23:46:52,通州区,西城区,49.6,17.1
2024-06-23 17:49:02,2024-06-23 17:52:02,海淀区,石景山区,17.0,1.0
2024-06-20 18:48:37,2024-06-20 19:17:37,丰台区,石景山区,37.9,12.5
2024-06-01 09:24:14,2024-06-01 09:46:14,朝阳区,西城区,38.3,13.9
2024-06-13 17:57:11,2024-06-13 18:36:11,东城区,丰台区,34.2,10.8
2024-06-11 12:17:25,2024-06-11 12:20:25,通州区,大兴区,17.4,1.0
2024-06-07 17:35:15,2024-06-07 17:42:15,海淀区,西城区,16.5,4.4
2024-06-17 01:56:29,2024-06-17 02:01:29,房山区,东城区,16.5,2.9
2024-06-02 11:45:08,2024-06-02 11:57:08,通州区,昌平区,24.0,7.3
2024-06-29 13:18:34,2024-06-29 13:30:34,西城区,通州区,25.4,6.9
2024-06-25 18:52:04,2024-06-25 19:03:04,朝阳区,朝阳区,24.4,6.4
2024-06-21 16:42:50,2024-06-21 17:22:50,昌平区,海淀区,40.0,14.3
2024-06-03 12:30:04,2024-06-03 12:46:04,朝阳区,房山区,24.4,6.6
2024-06-24 04:32:56,2024-06-24 04:54:56,门头沟区,东城区,31.5,10.8
2024-06-04 17:55:45,2024-06-04 18:15:45,朝阳区,通州区,31.0,10.2
2024-06-24 18:00:35,2024-06-24 18:13:35,东城区,海淀区,25.5,6.3
2024-06-26 07:19:34,2024-06-26 07:28:34,大兴区,门头沟区,18.2,5.1
2024-06-25 04:26:59,2024-06-25 04:42:59,西城区,丰台区,25.2,7.8
2024-06-14 18:23:06,2024-06-14 18:26:06,海淀区,通州区,14.6,1.0
2024-06-26 17:07:44,2024-06-26 17:14:44,东城区,房山区,14.4,3.1
2024-06-18 12:37:14,2024-06-18 13:11:14,朝阳区,海淀区,45.7,15.2
2024-06-27 21:36:02,2024-06-27 21:58:02,石景山区,门头沟区,36.8,11.4
2024-06-30 17:05:56,2024-06-30 17:08:56,西城区,通州区,14.6,1.0
2024-06-27 07:06:34,2024-06-27 07:55:34,朝阳区,昌平区,48.0,18.0
2024-06-09 12:19:07,2024-06-09 12:55:07,通州区,朝阳区,33.3,10.3
2024-06-25 10:23:57,2024-06-25 10:40:57,西城区,顺义区,33.4,11.4
2024-06-26 13:48:15,2024-06-26 14:00:15,房山区,昌平区,28.8,8.0
2024-06-30 19:36:15,2024-06-30 19:39:15,通州区,昌平区,15.5,1.0
2024-07-01 11:13:59,2024-07-01 11:35:59,昌平区,西城区,30.7,8.9
2024-06-23 14:11:39,2024-06-23 14:24:39,西城区,顺义区,16.1,3.3
2024-06-01 20:10:25,2024-06-01 20:40:25,丰台区,大兴区,32.4,10.6
2024-06-22 15:56:03,2024-06-22 15:59:03,昌平区,丰台区,14.7,1.0
2024-06-11 20:54:45,2024-06-11 21:06:45,海淀区,丰台区,21.0,5.5
2024-06-08 12:54:32,2024-06-08 13:11:32,海淀区,通州区,25.8,7.4
2024-06-09 18:51:35,2024-06-09 19:05:35,海淀区,丰台区,34.0,10.2
2024-06-18 17:21:55,2024-06-18 17:28:55,西城区,石景山区,18.6,5.2
2024-06-01 20:05:27,2024-06-01 20:08:27,朝阳区,门头沟区,17.7,1.0
2024-06-28 09:07:09,2024-06-28 09:23:09,西城区,顺义区,27.5,8.4
2024-06-13 09:37:11,2024-06-13 10:04:11,朝阳区,通州区,30.8,10.5
2024-06-12 11:00:19,2024-06-12 11:18:19,昌平区,西城区,27.0,7.4
2024-07-01 15:37:01,2024-07-01 16:30:01,朝阳区,丰台区,38.7,12.2
2024-06-28 13:00:19,2024-06-28 13:19:19,海淀区,丰台区,32.9,10.0
2024-06-16 17:50:11,2024-06-16 18:24:11,海淀区,顺义区,48.5,17.7
2024-06-29 16:31:10,2024-06-29 17:03:10,房山区,东城区,35.6,10.9
2024-06-06 18:16:50,2024-06-06 18:46:50,石景山区,房山区,50.2,17.6
2024-06-16 10:03:13,2024-06-16 10:06:13,昌平区,朝阳区,14.3,1.0
2024-06-23 15:02:50,2024-06-23 15:07:50,朝阳区,昌平区,13.7,2.2
2024-06-25 17:31:32,2024-06-25 17:53:32,顺义区,昌平区,37.8,12.6
2024-06-11 09:31:19,2024-06-11 09:39:19,朝阳区,顺义区,18.3,5.0
2024-06-26 19:36:27,2024-06-26 19:56:27,东城区,东城区,37.3,12.9
2024-06-26 09:30:31,2024-06-26 09:56:31,海淀区,顺义区,26.3,7.9
2024-06-04 09:31:29,2024-06-04 09:48:29,朝阳区,朝阳区,26.6,6.9
2024-06-26 16:01:03,2024-06-26 16:24:03,丰台区,西城区,30.7,10.2
2024-06-18 08:52:05,2024-06-18 09:09:05,丰台区,大兴区,31.3,10.1
2024-06-02 13:48:34,2024-06-02 14:01:34,朝阳区,东城区,33.9,11.3
2024-06-02 18:57:28,2024-06-02 19:21:28,石景山区,昌平区,38.9,13.4
2024-07-01 12:04:14,2024-07-01 12:07:14,顺义区,西城区,13.5,1.0
2024-06-06 07:22:57,2024-06-06 07:57:57,房山区,朝阳区,40.1,14.0
2024-06-18 15:59:27,2024-06-18 16:06:27,大兴区,门头沟区,15.3,3.5
2024-06-30 12:31:32,2024-06-30 12:50:32,门头沟区,大兴区,20.5,6.0
2024-06-09 13:53:40,2024-06-09 14:09:40,大兴区,东城区,24.6,6.2
2024-06-25 09:00:25,2024-06-25 09:22:25,大兴区,石景山区,24.3,7.5
2024-06-06 11:54:30,2024-06-06 12:14:30,石景山区,西城区,35.9,12.5
2024-06-01 10:16:25,2024-06-01 10:24:25,东城区,丰台区,14.7,3.3
2024-06-25 19:44:22,2024-06-25 20:06:22,通州区,东城区,43.6,15.8
2024-06-16 17:26:05,2024-06-16 17:38:05,通州区,海淀区,19.6,5.2
2024-06-28 10:39:06,2024-06-28 10:58:06,海淀区,丰台区,30.6,9.3
2024-06-23 11:15:07,2024-06-23 11:26:07,昌平区,海淀区,18.4,4.5
2024-06-03 04:26:32,2024-06-03 04:54:32,石景山区,大兴区,33.1,11.4
2024-06-24 11:21:54,2024-06-24 11:29:54,丰台区,朝阳区,24.1,6.2
2024-06-28 12:55:15,2024-06-28 13:02:15,通州区,大兴区,17.6,3.0
2024-06-02 17:08:04,2024-06-02 17:26:04,顺义区,丰台区,27.3,7.7
2024-06-13 20:05:56,2024-06-13 20:08:56,昌平区,昌平区,13.8,1.0
2024-06-05 17:40:23,2024-06-05 18:08:23,通州区,门头沟区,47.7,17.9
2024-06-11 11:14:31,2024-06-11 11:19:31,东城区,东城区,15.4,2.7
2024-06-27 17:34:08,2024-06-27 17:59:08,海淀区,房山区,35.6,10.9
2024-06-28 12:39:07,2024-06-28 12:45:07,丰台区,朝阳区,16.8,4.1
2024-06-27 17:59:47,2024-06-27 18:05:47,石景山区,顺义区,13.7,1.6
2024-06-13 12:40:50,2024-06-13 12:46:50,东城区,石景山区,15.4,1.2
2024-06-28 17:38:21,2024-06-28 17:41:21,海淀区,海淀区,14.1,1.0
2024-06-30 12:49:40,2024-06-30 13:26:40,朝阳区,丰台区,38.1,13.6
2024-06-29 13:04:38,2024-06-29 13:15:38,西城区,昌平区,22.1,4.8
2024-06-14 14:17:17,2024-06-14 14:32:17,石景山区,大兴区,37.8,11.7
2024-06-19 19:56:33,2024-06-19 20:17:33,朝阳区,大兴区,22.8,6.8
2024-06-04 09:55:35,2024-06-04 10:16:35,昌平区,门头沟区,28.4,9.0
2024-06-11 15:00:46,2024-06-11 15:03:46,房山区,海淀区,13.2,1.6
2024-06-25 08:56:10,2024-06-25 09:16:10,顺义区,东城区,31.0,10.1
2024-06-24 12:37:52,2024-06-24 12:51:52,东城区,丰台区,24.5,6.2
2024-06-04 17:47:14,2024-06-04 18:12:14,顺义区,房山区,50.1,17.3
2024-06-22 14:16:46,2024-06-22 15:13:46,海淀区,海淀区,50.2,17.0
2024-06-03 10:43:38,2024-06-03 10:47:38,房山区,石景山区,15.8,2.2
2024-06-06 12:57:22,2024-06-06 13:20:22,昌平区,丰台区,35.0,10.8
2024-06-11 17:29:32,2024-06-11 17:40:32,通州区,西城区,27.1,7.8
2024-06-20 04:16:52,2024-06-20 04:27:52,通州区,昌平区,33.5,10.2
2024-06-06 13:21:42,2024-06-06 13:31:42,东城区,石景山区,19.3,5.6
2024-06-21 19:05:17,2024-06-21 19:08:17,海淀区,西城区,17.4,1.0
2024-06-20 19:00:36,2024-06-20 19:34:36,朝阳区,丰台区,30.0,10.3
2024-06-14 15:30:12,2024-06-14 15:33:12,丰台区,顺义区,15.7,1.0
2024-06-30 11:08:04,2024-06-30 11:17:04,海淀区,丰台区,20.6,4.4
2024-06-18 05:26:55,2024-06-18 05:32:55,海淀区,大兴区,16.7,3.1
2024-06-05 04:58:29,2024-06-05 05:13:29,通州区,通州区,22.8,6.9
2024-06-06 18:33:54,2024-06-06 18:58:54,大兴区,丰台区,37.1,12.8
2024-06-15 10:42:07,2024-06-15 10:55:07,石景山区,石景山区,18.0,3.9
2024-06-15 16:57:16,2024-06-15 17:16:16,丰台区,昌平区,30.1,10.4
2024-06-11 12:53:16,2024-06-11 13:45:16,朝阳区,石景山区,29.3,8.7
2024-06-30 13:38:32,2024-06-30 13:41:32,朝阳区,海淀区,16.1,2.0
2024-06-10 10:36:40,2024-06-10 10:41:40,东城区,石景山区,16.5,3.6
2024-06-15 07:20:55,2024-06-15 07:44:55,房山区,西城区,33.3,10.3
2024-06-30 16:44:00,2024-06-30 17:01:00,朝阳区,朝阳区,31.0,9.7
2024-06-18 14:21:45,2024-06-18 14:40:45,昌平区,顺义区,33.3,11.6
2024-06-12 11:03:11,2024-06-12 11:06:11,石景山区,朝阳区,15.2,1.0
2024-06-14 06:09:25,2024-06-14 06:17:25,房山区,东城区,19.4,3.7
2024-06-02 08:05:48,2024-06-02 08:38:48,东城区,昌平区,49.8,17.1
2024-06-02 14:35:48,2024-06-02 14:40:48,朝阳区,顺义区,16.0,1.0
2024-06-17 17:28:23,2024-06-17 17:43:23,丰台区,海淀区,24.3,7.7
2024-06-06 09:04:03,2024-06-06 09:29:03,东城区,通州区,36.2,12.7
2024-06-12 08:51:42,2024-06-12 09:05:42,朝阳区,海淀区,25.9,8.5
2024-06-17 13:46:47,2024-06-17 14:07:47,朝阳区,西城区,33.9,11.4
2024-06-11 18:58:48,2024-06-11 19:01:48,海淀区,石景山区,14.2,2.1
2024-06-04 15:15:17,2024-06-04 15:18:17,昌平区,大兴区,13.3,1.0
2024-06-03 09:53:47,2024-06-03 10:09:47,朝阳区,通州区,30.1,8.5
2024-06-16 10:24:09,2024-06-16 11:01:09,海淀区,通州区,44.4,14.8
2024-06-22 18:11:00,2024-06-22 18:25:00,海淀区,朝阳区,22.9,6.1
2024-06-19 12:06:33,2024-06-19 13:08:33,海淀区,东城区,50.2,17.7
2024-06-10 19:14:58,2024-06-10 19:18:58,海淀区,海淀区,17.4,2.6
2024-06-21 21:46:56,2024-06-21 22:01:56,顺义区,通州区,29.0,7.8
2024-06-24 07:29:10,2024-06-24 07:32:10,通州区,顺义区,13.8,1.0
2024-06-20 16:34:49,2024-06-20 16:44:49,东城区,海淀区,26.2,7.2
2024-06-01 15:39:02,2024-06-01 15:58:02,朝阳区,朝阳区,38.7,13.7
2024-06-22 11:52:15,2024-06-22 12:38:15,西城区,房山区,44.5,15.9
2024-06-25 07:54:36,2024-06-25 08:09:36,门头沟区,西城区,30.3,10.4
2024-06-11 13:59:37,2024-06-11 14:16:37,西城区,丰台区,22.4,5.1
2024-06-16 11:52:39,2024-06-16 12:13:39,西城区,房山区,31.0,9.2
2024-06-27 12:25:10,2024-06-27 12:32:10,东城区,房山区,18.0,3.2
2024-06-25 22:01:16,2024-06-25 22:20:16,东城区,房山区,24.6,7.9
2024-06-09 13:19:18,2024-06-09 13:48:18,海淀区,东城区,37.5,11.9
2024-06-25 12:14:08,2024-06-25 12:23:08,西城区,西城区,18.6,3.9
2024-06-06 09:57:27,2024-06-06 10:27:27,门头沟区,丰台区,40.3,12.7
2024-06-28 14:24:50,2024-06-28 14:43:50,东城区,大兴区,24.0,7.0
2024-06-27 08:41:57,2024-06-27 08:49:57,西城区,房山区,23.1,5.2
2024-06-21 18:44:36,2024-06-21 18:47:36,海淀区,通州区,14.9,1.0
2024-06-25 18:49:22,2024-06-25 19:09:22,丰台区,海淀区,28.6,8.9
2024-06-08 12:02:34,2024-06-08 12:10:34,顺义区,东城区,21.0,4.8
2024-06-10 07:13:51,2024-06-10 07:30:51,朝阳区,朝阳区,19.6,4.4
2024-06-30 17:46:51,2024-06-30 18:06:51,西城区,门头沟区,24.7,7.1
2024-07-01 15:42:51,2024-07-01 15:49:51,朝阳区,顺义区,21.2,6.5
2024-06-23 17:39:24,2024-06-23 17:43:24,顺义区,房山区,17.2,2.7
2024-06-03 13:42:54,2024-06-03 13:50:54,朝阳区,石景山区,13.7,3.2
2024-06-12 16:17:10,2024-06-12 16:41:10,西城区,海淀区,39.0,12.8
2024-06-09 18:38:56,2024-06-09 18:44:56,房山区,昌平区,15.5,2.5
2024-06-19 08:05:05,2024-06-19 08:44:05,昌平区,东城区,40.1,13.1
2024-06-08 10:53:55,2024-06-08 11:05:55,昌平区,西城区,22.6,5.5
2024-06-29 19:50:13,2024-06-29 20:03:13,昌平区,丰台区,29.9,8.7
2024-06-22 19:07:27,2024-06-22 19:10:27,房山区,房山区,16.6,1.5
2024-06-10 15:50:40,2024-06-10 16:15:40,西城区,石景山区,32.9,11.5
2024-06-09 10:55:37,2024-06-09 11:06:37,西城区,朝阳区,28.7,9.0
2024-06-02 13:50:13,2024-06-02 14:05:13,丰台区,大兴区,33.8,11.3
2024-06-24 09:45:46,2024-06-24 10:00:46,石景山区,大兴区,20.3,4.1
2024-06-30 09:20:01,2024-06-30 09:35:01,顺义区,石景山区,28.5,8.8
2024-06-10 08:45:12,2024-06-10 08:57:12,丰台区,通州区,22.4,6.6
2024-06-18 21:52:38,2024-06-18 22:18:38,海淀区,门头沟区,38.2,13.5
2024-06-16 08:24:39,2024-06-16 08:29:39,海淀区,昌平区,17.1,2.2
2024-06-27 18:29:36,2024-06-27 18:48:36,丰台区,石景山区,37.9,12.1
2024-06-22 08:54:45,2024-06-22 08:57:45,朝阳区,门头沟区,16.1,1.9
2024-06-02 18:28:30,2024-06-02 18:37:30,丰台区,门头沟区,16.7,4.2
2024-06-17 03:50:48,2024-06-17 04:14:48,海淀区,通州区,30.3,9.5
2024-06-11 19:51:27,2024-06-11 20:14:27,西城区,昌平区,33.7,11.9
2024-06-06 09:09:06,2024-06-06 09:12:06,房山区,房山区,14.9,1.0
2024-06-02 15:24:43,2024-06-02 15:37:43,朝阳区,门头沟区,18.7,4.5
2024-06-26 13:36:35,2024-06-26 14:28:35,房山区,通州区,26.3,8.7
2024-06-22 10:03:20,2024-06-22 10:14:20,丰台区,朝阳区,27.8,7.6
2024-06-17 11:49:53,2024-06-17 12:21:53,海淀区,房山区,45.4,16.5
2024-06-09 15:02:44,2024-06-09 15:24:44,石景山区,昌平区,20.2,5.3
2024-06-19 05:10:43,2024-06-19 05:52:43,海淀区,西城区,44.5,15.2
2024-06-16 11:54:34,2024-06-16 11:57:34,丰台区,朝阳区,16.3,1.0
2024-06-16 17:54:04,2024-06-16 18:29:04,昌平区,房山区,19.9,5.8
2024-06-20 18:24:18,2024-06-20 18:37:18,朝阳区,门头沟区,21.6,4.6
2024-06-20 15:54:32,2024-06-20 16:12:32,房山区,丰台区,37.8,13.8
2024-06-04 07:30:44,2024-06-04 07:36:44,通州区,海淀区,19.7,4.1
2024-06-02 18:37:20,2024-06-02 18:40:20,西城区,门头沟区,15.0,1.1
2024-06-04 09:45:45,2024-06-04 09:52:45,西城区,丰台区,26.3,7.3
2024-06-16 08:07:42,2024-06-16 08:12:42,海淀区,丰台区,16.9,1.8
2024-06-04 09:45:13,2024-06-04 10:04:13,房山区,通州区,26.8,8.3
2024-06-28 18:29:10,2024-06-28 18:36:10,东城区,昌平区,18.7,3.8
2024-06-23 18:32:44,2024-06-23 18:46:44,昌平区,门头沟区,19.9,4.4
2024-06-11 15:18:58,2024-06-11 15:39:58,丰台区,丰台区,29.9,9.1
2024-06-10 10:19:15,2024-06-10 10:39:15,东城区,门头沟区,41.8,15.0
2024-07-01 21:49:48,2024-07-01 22:02:48,朝阳区,西城区,23.3,7.0
2024-06-30 10:24:02,2024-06-30 10:44:02,昌平区,西城区,19.9,5.4
2024-06-03 23:56:47,2024-06-03 23:59:47,朝阳区,石景山区,14.1,1.0
2024-06-22 13:24:21,2024-06-22 13:32:21,门头沟区,西城区,19.3,4.6
2024-06-17 23:11:27,2024-06-17 23:14:27,昌平区,昌平区,16.4,1.0
2024-06-03 12:51:09,2024-06-03 13:14:09,朝阳区,通州区,30.6,9.8
2024-06-13 11:10:45,2024-06-13 11:19:45,西城区,丰台区,28.3,8.6
2024-06-08 15:22:07,2024-06-08 15:25:07,海淀区,朝阳区,14.4,1.7
2024-06-06 09:45:25,2024-06-06 10:04:25,丰台区,石景山区,38.3,11.9
2024-06-12 17:37:34,2024-06-12 17:44:34,房山区,通州区,15.5,2.5
2024-06-12 21:35:07,2024-06-12 21:38:07,昌平区,门头沟区,17.1,1.5
2024-06-10 19:14:55,2024-06-10 19:25:55,朝阳区,大兴区,13.5,2.2
2024-06-21 13:21:49,2024-06-21 13:38:49,大兴区,石景山区,39.9,13.4
2024-06-12 09:58:04,2024-06-12 10:01:04,顺义区,西城区,14.8,1.0
2024-06-23 17:37:30,2024-06-23 17:58:30,海淀区,顺义区,28.6,8.8
2024-06-17 05:14:37,2024-06-17 05:26:37,朝阳区,石景山区,20.1,5.9
2024-06-13 15:39:36,2024-06-13 16:01:36,朝阳区,丰台区,31.4,9.6
2024-06-16 08:20:57,2024-06-16 09:08:57,顺义区,通州区,55.1,19.8
2024-06-20 09:11:51,2024-06-20 09:37:51,朝阳区,西城区,32.3,10.0
2024-06-04 18:59:02,2024-06-04 19:39:02,昌平区,房山区,39.9,12.7
2024-06-28 13:17:35,2024-06-28 13:38:35,东城区,大兴区,25.2,6.5
2024-06-06 12:57:46,2024-06-06 13:11:46,石景山区,顺义区,23.6,7.5
2024-06-03 13:36:40,2024-06-03 13:47:40,朝阳区,东城区,27.4,7.4
2024-06-12 12:23:01,2024-06-12 12:57:01,朝阳区,大兴区,23.2,5.7
2024-06-08 13:49:38,2024-06-08 14:11:38,石景山区,顺义区,34.1,11.8
2024-06-14 20:39:43,2024-06-14 20:42:43,朝阳区,石景山区,14.6,1.0
2024-06-22 09:43:33,2024-06-22 09:53:33,丰台区,门头沟区,31.3,10.0
2024-06-22 08:13:12,2024-06-22 08:41:12,门头沟区,东城区,39.0,12.4
2024-06-14 11:55:18,2024-06-14 12:26:18,朝阳区,顺义区,30.2,9.7
2024-06-23 14:53:21,2024-06-23 16:18:21,东城区,房山区,44.0,15.3
2024-06-06 19:14:11,2024-06-06 19:32:11,丰台区,丰台区,25.1,6.7
2024-06-23 21:11:01,2024-06-23 21:25:01,东城区,顺义区,24.2,7.6
2024-06-20 11:43:07,2024-06-20 11:56:07,朝阳区,顺义区,27.2,8.4
2024-06-19 16:41:12,2024-06-19 17:07:12,西城区,海淀区,28.1,9.5
2024-06-18 13:44:19,2024-06-18 13:52:19,东城区,房山区,17.4,2.0
2024-06-28 10:40:10,2024-06-28 11:00:10,房山区,房山区,27.0,8.1
2024-06-29 00:39:17,2024-06-29 01:17:17,西城区,门头沟区,47.2,17.0
2024-06-08 13:03:10,2024-06-08 13:27:10,朝阳区,通州区,42.0,14.2
2024-06-03 17:23:10,2024-06-03 18:09:10,通州区,石景山区,43.4,15.7
2024-06-04 08:37:48,2024-06-04 08:40:48,朝阳区,大兴区,15.9,1.0
2024-06-27 19:08:56,2024-06-27 19:25:56,丰台区,石景山区,23.9,5.7
2024-06-22 18:15:20,2024-06-22 18:40:20,丰台区,通州区,43.9,16.3
2024-06-26 16:47:27,2024-06-26 16:59:27,石景山区,东城区,24.0,7.3
2024-06-24 11:23:21,2024-06-24 11:34:21,大兴区,通州区,26.5,7.0
2024-06-21 13:35:15,2024-06-21 13:44:15,西城区,昌平区,25.7,8.1
2024-06-05 12:47:30,2024-06-05 13:13:30,朝阳区,西城区,35.1,11.4
2024-06-12 17:22:42,2024-06-12 17:59:42,朝阳区,东城区,43.6,14.7
2024-06-14 14:05:24,2024-06-14 14:49:24,门头沟区,顺义区,40.1,13.2
2024-06-30 13:07:40,2024-06-30 13:19:40,通州区,门头沟区,23.3,7.0
2024-06-02 18:09:35,2024-06-02 18:24:35,东城区,丰台区,25.6,7.6
2024-07-01 15:41:33,2024-07-01 16:02:33,昌平区,门头沟区,37.5,12.3
2024-06-20 07:30:33,2024-06-20 07:40:33,门头沟区,朝阳区,29.3,8.4
2024-06-21 13:35:54,2024-06-21 14:02:54,昌平区,东城区,56.5,20.9
2024-06-16 08:22:54,2024-06-16 08:45:54,昌平区,通州区,30.8,9.4
2024-06-06 07:05:37,2024-06-06 07:19:37,通州区,朝阳区,17.7,4.0
2024-06-14 17:11:48,2024-06-14 17:34:48,东城区,西城区,46.7,16.6
2024-06-11 18:48:45,2024-06-11 19:09:45,通州区,海淀区,20.0,4.2
2024-06-05 15:51:24,2024-06-05 16:06:24,大兴区,昌平区,26.2,7.3
2024-06-26 17:50:19,2024-06-26 18:07:19,海淀区,大兴区,33.4,11.0
2024-06-08 11:33:08,2024-06-08 11:44:08,朝阳区,门头沟区,25.5,7.2
2024-06-17 17:35:18,2024-06-17 17:52:18,西城区,西城区,37.1,12.1
2024-06-26 18:53:59,2024-06-26 19:04:59,东城区,海淀区,14.6,3.0
2024-06-10 13:45:38,2024-06-10 14:01:38,东城区,丰台区,31.8,10.5
2024-06-22 02:49:46,2024-06-22 03:14:46,朝阳区,朝阳区,30.1,9.8
2024-06-05 09:27:45,2024-06-05 09:45:45,通州区,昌平区,35.8,12.5
2024-06-28 14:32:29,2024-06-28 14:35:29,朝阳区,东城区,13.5,1.0
2024-06-24 17:08:30,2024-06-24 17:12:30,海淀区,西城区,15.3,2.5
2024-06-01 15:56:35,2024-06-01 15:59:35,丰台区,海淀区,15.1,1.0
2024-06-26 09:04:13,2024-06-26 09:20:13,顺义区,海淀区,26.1,6.9
2024-06-30 07:47:44,2024-06-30 08:14:44,朝阳区,海淀区,30.9,8.9
2024-06-28 19:01:10,2024-06-28 19:12:10,海淀区,丰台区,21.3,5.5
2024-06-12 18:13:24,2024-06-12 18:24:24,顺义区,通州区,23.0,5.5
2024-06-01 16:26:58,2024-06-01 16:42:58,通州区,门头沟区,22.4,6.3
2024-06-13 23:07:27,2024-06-13 23:23:27,西城区,昌平区,35.8,12.8
2024-06-09 11:27:25,2024-06-09 11:34:25,海淀区,丰台区,13.9,2.2
2024-06-21 13:51:55,2024-06-21 14:19:55,东城区,通州区,32.0,9.5
2024-06-21 11:42:42,2024-06-21 11:49:42,丰台区,石景山区,15.8,2.9
2024-07-01 09:01:14,2024-07-01 09:48:14,丰台区,通州区,31.0,10.7
2024-06-03 20:06:56,2024-06-03 20:09:56,房山区,海淀区,15.8,2.4
2024-06-05 17:53:34,2024-06-05 18:16:34,朝阳区,顺义区,39.2,13.1
2024-06-05 09:54:10,2024-06-05 10:27:10,顺义区,门头沟区,31.3,9.3
2024-06-01 09:03:19,2024-06-01 09:09:19,西城区,通州区,17.5,3.1
2024-06-01 13:57:14,2024-06-01 14:09:14,西城区,房山区,28.9,9.8
2024-06-24 08:37:09,2024-06-24 08:48:09,丰台区,大兴区,25.7,6.4
2024-06-15 13:16:01,2024-06-15 13:30:01,石景山区,东城区,27.4,7.2
2024-06-07 07:09:30,2024-06-07 07:19:30,西城区,西城区,20.4,5.8
2024-06-18 13:15:54,2024-06-18 14:09:54,东城区,朝阳区,49.4,17.0
2024-06-30 13:56:24,2024-06-30 14:06:24,昌平区,通州区,19.0,4.2
2024-06-02 19:00:42,2024-06-02 19:08:42,西城区,房山区,17.5,4.2
2024-06-15 08:51:48,2024-06-15 08:58:48,海淀区,石景山区,18.4,3.9
2024-06-10 15:53:37,2024-06-10 16:12:37,顺义区,石景山区,33.8,10.3
2024-06-08 15:09:25,2024-06-08 15:12:25,西城区,昌平区,17.8,1.0
2024-06-18 13:34:45,2024-06-18 13:53:45,石景山区,通州区,24.2,6.1
2024-06-18 13:24:06,2024-06-18 13:38:06,顺义区,门头沟区,27.5,7.9
2024-06-02 13:46:56,2024-06-02 13:55:56,东城区,丰台区,20.5,5.3
2024-06-16 14:29:36,2024-06-16 14:42:36,昌平区,顺义区,25.2,6.5
2024-06-16 13:23:22,2024-06-16 13:43:22,房山区,石景山区,39.0,12.7
2024-06-22 23:52:36,2024-06-23 00:11:36,东城区,通州区,26.8,7.1
2024-06-21 12:09:53,2024-06-21 12:17:53,顺义区,朝阳区,21.1,4.8
2024-06-24 18:20:20,2024-06-24 18:47:20,海淀区,石景山区,38.4,12.2
2024-06-27 16:56:30,2024-06-27 17:02:30,西城区,朝阳区,18.6,3.5
2024-06-10 18:16:59,2024-06-10 18:36:59,顺义区,朝阳区,33.9,12.0
2024-06-25 13:24:52,2024-06-25 13:55:52,西城区,昌平区,39.5,13.2
2024-06-04 11:22:22,2024-06-04 11:35:22,通州区,顺义区,22.0,6.7
2024-06-21 19:36:10,2024-06-21 19:47:10,昌平区,东城区,25.8,6.6
2024-06-12 12:46:18,2024-06-12 12:57:18,东城区,石景山区,26.6,7.1
2024-06-04 18:22:14,2024-06-04 18:27:14,顺义区,朝阳区,13.8,3.2
2024-06-22 17:02:39,2024-06-22 17:23:39,朝阳区,石景山区,30.2,9.3
2024-06-09 08:51:49,2024-06-09 09:11:49,昌平区,顺义区,39.7,13.5
2024-06-08 18:16:18,2024-06-08 18:41:18,丰台区,丰台区,42.0,15.3
2024-06-20 20:03:17,2024-06-20 20:30:17,门头沟区,大兴区,42.1,14.3
2024-06-19 11:28:41,2024-06-19 11:39:41,门头沟区,朝阳区,19.0,5.4
2024-06-27 17:56:42,2024-06-27 18:11:42,丰台区,东城区,27.6,8.9
2024-06-26 19:47:14,2024-06-26 20:30:14,顺义区,朝阳区,25.4,8.2
2024-06-02 09:05:58,2024-06-02 10:16:58,丰台区,朝阳区,40.1,14.7
2024-06-04 20:08:43,2024-06-04 20:22:43,西城区,东城区,21.4,6.0
2024-06-06 23:11:31,2024-06-06 23:29:31,东城区,顺义区,22.4,5.3
2024-06-16 19:46:21,2024-06-16 20:03:21,丰台区,东城区,28.0,9.0
2024-06-24 16:41:09,2024-06-24 16:46:09,朝阳区,门头沟区,16.0,3.2
2024-06-20 03:59:41,2024-06-20 04:33:41,海淀区,海淀区,45.1,15.6
2024-06-20 19:35:10,2024-06-20 19:39:10,门头沟区,石景山区,16.2,2.7
2024-06-03 11:28:47,2024-06-03 11:57:47,海淀区,朝阳区,46.5,16.1
2024-06-04 11:12:34,2024-06-04 11:21:34,西城区,房山区,23.8,5.6
2024-06-07 17:53:11,2024-06-07 18:13:11,海淀区,通州区,31.2,10.2
2024-06-26 09:05:11,2024-06-26 09:26:11,大兴区,石景山区,31.5,10.0
2024-06-15 16:58:08,2024-06-15 17:16:08,门头沟区,顺义区,34.0,11.6
2024-06-07 11:33:43,2024-06-07 11:46:43,海淀区,西城区,29.1,7.9
2024-06-21 12:38:04,2024-06-21 12:48:04,东城区,门头沟区,14.4,2.6
2024-06-05 04:47:56,2024-06-05 05:09:56,朝阳区,门头沟区,33.8,11.5
2024-06-20 14:20:27,2024-06-20 14:29:27,海淀区,朝阳区,23.1,5.6
2024-06-26 11:13:27,2024-06-26 11:19:27,海淀区,丰台区,13.2,1.9
2024-06-26 11:24:12,2024-06-26 11:27:12,石景山区,石景山区,16.3,2.0
2024-06-20 17:56:58,2024-06-20 18:16:58,东城区,门头沟区,37.1,12.0
2024-06-17 09:54:09,2024-06-17 10:00:09,丰台区,大兴区,13.3,2.9
2024-06-07 23:39:53,2024-06-07 23:56:53,海淀区,通州区,33.2,9.6
2024-06-26 13:20:26,2024-06-26 13:43:26,通州区,通州区,35.5,11.2
2024-06-10 19:53:40,2024-06-10 19:57:40,通州区,海淀区,14.7,3.1
2024-06-23 19:11:52,2024-06-23 19:45:52,顺义区,海淀区,54.2,19.2
2024-06-15 09:57:39,2024-06-15 10:18:39,西城区,顺义区,39.8,13.3
2024-06-18 12:14:30,2024-06-18 12:22:30,大兴区,顺义区,25.5,7.2
2024-06-02 13:34:33,2024-06-02 13:43:33,东城区,昌平区,24.3,7.7
2024-06-18 19:51:08,2024-06-18 19:54:08,丰台区,通州区,15.7,1.0
2024-06-18 12:09:16,2024-06-18 12:16:16,房山区,西城区,16.3,3.2
2024-06-03 14:25:40,2024-06-03 14:46:40,海淀区,门头沟区,36.3,13.1
2024-06-06 07:37:51,2024-06-06 08:02:51,海淀区,昌平区,35.6,12.2
2024-06-16 14:47:37,2024-06-16 15:39:37,朝阳区,朝阳区,38.0,11.9
2024-07-01 11:04:04,2024-07-01 11:19:04,东城区,昌平区,20.5,5.7
2024-06-12 23:58:14,2024-06-13 00:19:14,大兴区,大兴区,33.0,11.6
2024-06-05 03:15:24,2024-06-05 03:18:24,丰台区,朝阳区,14.8,1.3
2024-06-24 19:02:44,2024-06-24 19:12:44,丰台区,通州区,29.7,8.9
2024-06-16 11:45:36,2024-06-16 11:58:36,丰台区,大兴区,26.6,7.4
2024-06-30 06:55:24,2024-06-30 06:59:24,东城区,顺义区,13.1,2.4
2024-06-01 11:16:54,2024-06-01 12:28:54,朝阳区,大兴区,33.8,12.0
2024-06-02 15:22:14,2024-06-02 15:45:14,海淀区,门头沟区,36.4,12.4
2024-06-15 19:08:55,2024-06-15 19:11:55,丰台区,东城区,16.4,1.0
2024-06-17 16:04:55,2024-06-17 16:08:55,门头沟区,东城区,13.1,1.1
2024-06-11 17:11:16,2024-06-11 17:26:16,海淀区,门头沟区,27.6,8.9
2024-06-11 08:34:25,2024-06-11 08:44:25,门头沟区,丰台区,24.9,6.0
2024-06-02 18:04:24,2024-06-02 18:12:24,大兴区,房山区,17.9,4.6
2024-06-22 09:19:46,2024-06-22 09:29:46,房山区,丰台区,20.4,5.0
2024-06-23 08:12:06,2024-06-23 08:34:06,海淀区,东城区,47.2,16.5
2024-06-01 09:27:03,2024-06-01 09:38:03,朝阳区,门头沟区,28.8,8.0
2024-06-14 18:05:20,2024-06-14 18:16:20,海淀区,房山区,28.2,8.3
2024-06-11 13:31:56,2024-06-11 13:36:56,东城区,昌平区,17.3,3.7
2024-06-23 17:15:24,2024-06-23 17:27:24,海淀区,丰台区,22.7,5.6
2024-06-26 10:49:00,2024-06-26 11:32:00,东城区,顺义区,31.3,9.0
2024-06-16 13:12:46,2024-06-16 13:58:46,海淀区,顺义区,26.7,8.0
2024-06-17 13:17:17,2024-06-17 13:57:17,昌平区,东城区,40.3,14.3
2024-06-28 11:13:57,2024-06-28 11:56:57,昌平区,朝阳区,42.6,13.9
2024-06-12 12:20:58,2024-06-12 12:41:58,丰台区,东城区,37.9,12.5
2024-06-10 17:23:06,2024-06-10 17:30:06,朝阳区,房山区,21.2,4.6
2024-06-21 17:19:39,2024-06-21 17:31:39,西城区,房山区,25.3,7.0
2024-06-24 08:54:17,2024-06-24 09:15:17,通州区,通州区,35.5,10.7
2024-06-12 17:04:14,2024-06-12 17:25:14,海淀区,房山区,31.7,10.9
2024-06-03 21:08:36,2024-06-03 21:34:36,朝阳区,东城区,41.4,15.3
2024-06-08 07:43:27,2024-06-08 08:27:27,朝阳区,海淀区,46.7,15.8
2024-06-09 19:01:20,2024-06-09 19:04:20,昌平区,顺义区,17.0,1.0
2024-06-09 12:04:52,2024-06-09 12:19:52,东城区,通州区,35.6,10.8
2024-06-07 18:58:15,2024-06-07 19:40:15,通州区,朝阳区,41.5,15.2
2024-06-07 11:47:48,2024-06-07 12:01:48,大兴区,石景山区,24.0,6.8
2024-06-14 11:06:07,2024-06-14 11:10:07,海淀区,顺义区,16.6,1.7
2024-06-05 14:24:07,2024-06-05 14:39:07,西城区,房山区,27.6,9.1
2024-06-29 17:47:24,2024-06-29 17:54:24,石景山区,大兴区,18.2,4.4
2024-06-05 13:14:18,2024-06-05 13:27:18,东城区,西城区,23.2,6.8
2024-06-24 08:04:37,2024-06-24 08:07:37,朝阳区,大兴区,17.1,1.0
2024-06-27 18:57:04,2024-06-27 19:03:04,朝阳区,海淀区,19.1,3.5
2024-06-16 18:38:50,2024-06-16 19:09:50,通州区,石景山区,33.5,11.1
2024-06-18 19:35:50,2024-06-18 19:50:50,西城区,石景山区,29.0,9.5
2024-06-07 17:31:39,2024-06-07 17:41:39,门头沟区,通州区,26.8,7.0
2024-06-10 08:08:12,2024-06-10 08:33:12,西城区,昌平区,39.4,13.2
2024-06-27 06:34:22,2024-06-27 06:59:22,海淀区,西城区,35.4,11.9
2024-06-04 22:51:43,2024-06-04 23:03:43,海淀区,海淀区,21.6,5.8
2024-06-07 19:46:03,2024-06-07 20:11:03,东城区,东城区,43.6,14.8
2024-06-29 13:06:46,2024-06-29 13:27:46,顺义区,门头沟区,27.1,7.7
2024-06-17 08:19:14,2024-06-17 08:30:14,朝阳区,门头沟区,21.2,5.9
2024-06-18 17:05:01,2024-06-18 17:11:01,西城区,顺义区,15.2,3.8
2024-06-15 15:17:58,2024-06-15 15:30:58,石景山区,海淀区,17.6,4.6
2024-06-20 08:32:20,2024-06-20 08:57:20,海淀区,通州区,32.2,9.7
2024-06-23 18:52:53,2024-06-23 19:29:53,西城区,通州区,53.3,19.4
2024-06-11 19:57:04,2024-06-11 21:02:04,大兴区,西城区,35.3,11.6
2024-06-09 17:36:29,2024-06-09 17:56:29,海淀区,门头沟区,31.0,9.6
2024-06-08 12:40:14,2024-06-08 13:01:14,昌平区,朝阳区,24.7,6.9
2024-06-16 13:38:00,2024-06-16 13:46:00,丰台区,朝阳区,21.2,4.4
2024-06-29 23:52:46,2024-06-30 00:10:46,西城区,昌平区,31.8,10.1
2024-06-04 18:53:43,2024-06-04 19:01:43,昌平区,顺义区,18.1,4.5
2024-06-03 18:08:56,2024-06-03 18:31:56,石景山区,门头沟区,38.4,13.9
2024-06-03 16:23:54,2024-06-03 16:41:54,顺义区,西城区,25.0,7.7
2024-06-22 17:01:45,2024-06-22 17:27:45,丰台区,门头沟区,63.2,23.2
2024-06-14 19:12:56,2024-06-14 19:18:56,昌平区,门头沟区,14.6,1.0
2024-06-07 18:57:45,2024-06-07 19:00:45,房山区,昌平区,15.5,1.0
2024-07-01 07:23:57,2024-07-01 07:30:57,西城区,通州区,20.8,4.8
2024-07-01 04:19:37,2024-07-01 04:22:37,海淀区,门头沟区,13.0,1.0
2024-06-10 13:57:46,2024-06-10 14:35:46,东城区,昌平区,36.3,11.8
2024-06-16 17:43:19,2024-06-16 17:52:19,丰台区,海淀区,24.6,6.0
2024-06-22 11:31:01,2024-06-22 11:44:01,西城区,西城区,24.5,6.3
2024-06-02 11:02:10,2024-06-02 11:05:10,朝阳区,丰台区,13.2,1.4
2024-06-20 15:18:56,2024-06-20 15:25:56,朝阳区,昌平区,14.9,3.0
2024-06-05 23:28:58,2024-06-05 23:43:58,东城区,朝阳区,21.0,6.0
2024-06-28 08:53:55,2024-06-28 09:13:55,朝阳区,丰台区,37.6,12.9
2024-06-24 13:33:02,2024-06-24 14:05:02,顺义区,昌平区,31.0,10.0
2024-06-16 21:12:28,2024-06-16 21:20:28,大兴区,海淀区,18.2,4.9
2024-06-29 21:35:18,2024-06-29 21:45:18,丰台区,海淀区,22.1,6.6
2024-06-27 17:15:49,2024-06-27 17:33:49,顺义区,房山区,40.6,13.9
2024-06-04 07:27:50,2024-06-04 07:38:50,海淀区,东城区,23.6,7.5
2024-06-04 14:30:18,2024-06-04 14:49:18,朝阳区,大兴区,34.6,10.5
2024-06-09 09:45:19,2024-06-09 10:09:19,朝阳区,顺义区,31.9,9.7
2024-06-22 08:11:54,2024-06-22 08:19:54,房山区,丰台区,20.6,5.3
2024-06-15 19:45:17,2024-06-15 20:03:17,大兴区,房山区,26.4,7.9
2024-06-02 08:07:33,2024-06-02 08:26:33,昌平区,西城区,29.2,9.8
2024-06-16 13:49:38,2024-06-16 14:01:38,通州区,西城区,26.4,8.4
2024-06-21 15:09:46,2024-06-21 15:24:46,房山区,房山区,34.4,11.3
2024-06-23 16:29:07,2024-06-23 17:03:07,昌平区,丰台区,45.1,15.4
2024-06-01 06:04:26,2024-06-01 06:18:26,东城区,石景山区,22.1,4.9
2024-06-26 14:17:07,2024-06-26 14:22:07,朝阳区,石景山区,18.0,4.1
2024-06-25 16:01:59,2024-06-25 16:27:59,通州区,东城区,48.2,17.0
2024-06-25 07:41:35,2024-06-25 07:53:35,东城区,朝阳区,25.2,6.4
2024-06-21 14:43:39,2024-06-21 14:50:39,西城区,昌平区,18.0,4.4
2024-06-04 11:27:50,2024-06-04 11:36:50,朝阳区,顺义区,20.4,4.7
2024-06-30 18:01:44,2024-06-30 19:17:44,丰台区,大兴区,38.4,12.7
2024-06-10 13:53:11,2024-06-10 14:08:11,海淀区,海淀区,25.7,6.8
2024-06-21 10:32:36,2024-06-21 10:41:36,大兴区,丰台区,21.0,5.1
2024-06-05 07:41:47,2024-06-05 08:05:47,东城区,大兴区,27.5,8.2
2024-06-14 18:21:32,2024-06-14 19:05:32,海淀区,昌平区,41.8,15.5
2024-06-22 13:35:29,2024-06-22 14:03:29,通州区,房山区,36.5,11.5
2024-06-15 02:59:35,2024-06-15 03:40:35,东城区,房山区,43.0,14.2
2024-06-09 17:59:36,2024-06-09 18:15:36,西城区,房山区,24.4,7.8
2024-06-30 16:04:14,2024-06-30 16:30:14,丰台区,顺义区,50.0,17.2
2024-06-02 20:46:45,2024-06-02 21:20:45,朝阳区,朝阳区,44.5,15.9
2024-06-24 13:48:41,2024-06-24 14:23:41,石景山区,通州区,35.4,12.2
2024-06-19 11:05:50,2024-06-19 11:17:50,门头沟区,东城区,21.7,6.5
2024-06-22 15:00:54,2024-06-22 15:09:54,顺义区,朝阳区,20.6,4.6
2024-06-23 09:18:50,2024-06-23 10:13:50,大兴区,海淀区,39.6,12.8
2024-06-20 11:17:03,2024-06-20 11:33:03,海淀区,丰台区,28.3,7.7
2024-06-11 07:21:48,2024-06-11 07:24:48,大兴区,房山区,14.0,1.0
2024-06-20 16:01:18,2024-06-20 16:34:18,西城区,通州区,39.6,14.0
2024-06-17 14:49:31,2024-06-17 14:56:31,朝阳区,顺义区,18.3,3.5
2024-06-06 13:04:08,2024-06-06 13:27:08,东城区,房山区,46.8,16.2
2024-06-26 10:00:11,2024-06-26 10:13:11,顺义区,西城区,26.3,8.7
2024-06-30 22:55:52,2024-06-30 23:43:52,石景山区,房山区,34.1,12.1
2024-06-22 12:18:51,2024-06-22 12:36:51,门头沟区,石景山区,30.8,8.7
2024-06-03 18:14:57,2024-06-03 18:35:57,海淀区,朝阳区,35.5,11.7
2024-06-25 14:12:55,2024-06-25 14:22:55,通州区,石景山区,24.1,5.7
2024-06-10 07:26:24,2024-06-10 07:29:24,朝阳区,东城区,17.0,1.0
2024-06-29 11:36:44,2024-06-29 11:54:44,西城区,东城区,32.9,10.5
2024-06-25 09:09:52,2024-06-25 09:40:52,朝阳区,房山区,30.6,10.3
2024-06-14 15:45:05,2024-06-14 15:58:05,通州区,房山区,29.0,9.0
2024-06-30 14:13:20,2024-06-30 14:48:20,西城区,门头沟区,23.4,5.9
2024-06-24 17:12:46,2024-06-24 17:28:46,东城区,朝阳区,36.1,11.5
2024-06-08 12:58:45,2024-06-08 13:01:45,朝阳区,朝阳区,17.9,1.0
2024-06-19 07:12:53,2024-06-19 07:20:53,房山区,顺义区,15.2,3.7
2024-06-18 18:46:07,2024-06-18 18:58:07,朝阳区,丰台区,31.2,9.4
2024-06-23 19:27:16,2024-06-23 19:58:16,东城区,大兴区,39.1,14.0
2024-06-29 20:58:34,2024-06-29 21:01:34,海淀区,大兴区,17.3,2.5
2024-06-01 10:00:00,2024-06-01 10:28:00,丰台区,海淀区,46.8,16.4
2024-06-14 18:32:08,2024-06-14 18:47:08,西城区,海淀区,19.0,4.7
2024-06-11 07:53:44,2024-06-11 08:16:44,海淀区,大兴区,26.6,8.9
2024-06-20 09:21:11,2024-06-20 09:37:11,昌平区,石景山区,17.3,4.7
2024-06-04 15:24:27,2024-06-04 15:40:27,西城区,顺义区,35.4,11.3
2024-06-18 11:47:40,2024-06-18 12:15:40,朝阳区,海淀区,32.7,10.8
2024-06-16 11:43:42,2024-06-16 11:56:42,西城区,东城区,23.1,5.3
2024-06-21 07:03:27,2024-06-21 07:27:27,门头沟区,房山区,45.4,16.4
2024-06-20 06:52:37,2024-06-20 07:24:37,顺义区,石景山区,20.4,5.7
2024-06-28 13:29:26,2024-06-28 13:32:26,门头沟区,东城区,15.0,1.0
2024-06-28 20:27:28,2024-06-28 20:41:28,东城区,石景山区,23.3,5.5
2024-06-30 07:16:54,2024-06-30 07:49:54,顺义区,门头沟区,24.5,7.0
2024-06-09 23:14:02,2024-06-09 23:23:02,顺义区,昌平区,17.0,3.6
2024-06-09 17:58:29,2024-06-09 18:05:29,西城区,房山区,16.4,1.7
2024-06-17 17:27:09,2024-06-17 17:50:09,海淀区,西城区,32.2,10.8
2024-06-30 03:59:04,2024-06-30 04:05:04,海淀区,昌平区,18.8,5.2
2024-06-26 19:10:04,2024-06-26 19:23:04,石景山区,顺义区,20.5,5.3
2024-06-01 15:47:02,2024-06-01 16:07:02,朝阳区,门头沟区,26.8,8.8
2024-06-02 10:54:33,2024-06-02 11:12:33,石景山区,门头沟区,29.8,9.5
2024-06-23 13:31:27,2024-06-23 14:06:27,丰台区,海淀区,29.9,9.0
2024-06-05 12:46:27,2024-06-05 13:06:27,石景山区,昌平区,23.3,6.8
2024-06-25 12:22:06,2024-06-25 12:26:06,朝阳区,顺义区,17.2,3.5
2024-06-19 17:19:44,2024-06-19 17:29:44,东城区,石景山区,20.6,5.5
2024-06-22 13:22:27,2024-06-22 13:48:27,顺义区,西城区,31.1,10.1
2024-06-01 17:34:08,2024-06-01 18:06:08,海淀区,丰台区,26.3,7.7
2024-06-22 15:51:10,2024-06-22 15:54:10,海淀区,昌平区,17.1,1.0
2024-06-03 07:24:42,2024-06-03 07:53:42,丰台区,西城区,45.6,16.3
2024-06-28 12:27:17,2024-06-28 12:42:17,朝阳区,通州区,37.3,11.9
2024-06-10 15:08:21,2024-06-10 15:16:21,海淀区,丰台区,14.6,3.4
2024-06-28 13:01:07,2024-06-28 13:17:07,石景山区,大兴区,31.7,9.0
2024-06-03 16:22:42,2024-06-03 16:33:42,顺义区,门头沟区,14.2,2.1
2024-06-19 13:03:04,2024-06-19 13:06:04,大兴区,门头沟区,14.2,1.8
2024-07-01 18:57:47,2024-07-01 19:25:47,顺义区,通州区,35.5,12.6
2024-06-19 09:34:04,2024-06-19 09:45:04,西城区,大兴区,23.2,5.4
2024-06-29 18:31:31,2024-06-29 19:03:31,海淀区,东城区,44.8,15.4
2024-06-05 06:40:31,2024-06-05 06:51:31,丰台区,朝阳区,22.5,5.7
2024-06-05 08:44:51,2024-06-05 09:04:51,丰台区,顺义区,29.1,9.1
2024-06-24 11:17:47,2024-06-24 11:47:47,丰台区,通州区,39.8,12.9
2024-06-06 11:34:32,2024-06-06 11:51:32,房山区,通州区,28.7,9.3
2024-06-07 13:32:30,2024-06-07 14:05:30,顺义区,东城区,37.0,11.8
2024-06-06 12:53:17,2024-06-06 13:12:17,丰台区,朝阳区,20.8,5.0
2024-06-29 17:47:46,2024-06-29 18:00:46,朝阳区,大兴区,21.1,6.0
2024-06-27 22:06:55,2024-06-27 22:21:55,朝阳区,顺义区,24.7,6.8
2024-06-08 17:46:23,2024-06-08 17:49:23,大兴区,大兴区,17.7,1.0
2024-06-23 11:10:01,2024-06-23 11:24:01,朝阳区,顺义区,35.5,12.1
2024-06-16 09:00:04,2024-06-16 09:17:04,朝阳区,顺义区,29.7,9.5
2024-06-03 09:17:47,2024-06-03 09:38:47,东城区,朝阳区,42.4,13.6
2024-06-12 09:27:01,2024-06-12 09:39:01,朝阳区,东城区,18.0,3.7
2024-06-23 22:50:47,2024-06-23 23:01:47,朝阳区,丰台区,22.1,6.7
2024-06-24 13:07:11,2024-06-24 13:28:11,东城区,石景山区,37.2,12.9
2024-06-13 17:01:14,2024-06-13 17:34:14,海淀区,西城区,41.0,13.3
2024-06-22 12:25:08,2024-06-22 12:35:08,大兴区,西城区,15.5,3.9
2024-06-30 09:04:10,2024-06-30 09:15:10,西城区,丰台区,26.9,7.6
2024-06-20 09:35:16,2024-06-20 09:40:16,朝阳区,昌平区,16.6,2.5
2024-06-19 07:02:33,2024-06-19 07:13:33,门头沟区,东城区,22.5,6.9
2024-06-26 16:56:19,2024-06-26 17:16:19,西城区,昌平区,28.2,9.1
2024-06-18 09:59:36,2024-06-18 10:34:36,海淀区,门头沟区,52.1,18.7
2024-06-18 08:10:29,2024-06-18 08:17:29,西城区,大兴区,19.6,5.3
2024-06-06 10:45:26,2024-06-06 11:42:26,房山区,西城区,34.4,10.3
2024-06-10 13:01:45,2024-06-10 13:28:45,东城区,丰台区,24.6,7.1
2024-06-14 16:52:12,2024-06-14 17:04:12,西城区,门头沟区,22.7,5.3
2024-06-22 11:55:36,2024-06-22 12:04:36,顺义区,石景山区,16.1,4.0
2024-06-25 17:50:56,2024-06-25 18:00:56,西城区,东城区,18.8,4.8
2024-06-05 16:11:00,2024-06-05 16:14:00,朝阳区,昌平区,17.9,1.0
2024-06-22 19:09:36,2024-06-22 19:12:36,通州区,丰台区,14.7,1.0
2024-06-21 19:55:31,2024-06-21 20:10:31,通州区,大兴区,23.9,6.6
2024-06-27 08:59:24,2024-06-27 09:24:24,海淀区,昌平区,30.4,9.9
2024-06-28 20:07:07,2024-06-28 20:22:07,丰台区,通州区,26.4,7.5
2024-06-24 13:54:39,2024-06-24 14:21:39,丰台区,顺义区,43.5,14.7
2024-06-01 07:19:44,2024-06-01 07:51:44,朝阳区,房山区,33.0,10.6
2024-06-07 12:12:31,2024-06-07 12:18:31,大兴区,大兴区,14.0,1.0
2024-06-15 15:20:39,2024-06-15 15:31:39,通州区,西城区,25.2,7.0
2024-06-10 13:01:35,2024-06-10 13:10:35,石景山区,通州区,16.9,4.0
2024-06-14 13:16:20,2024-06-14 13:48:20,顺义区,东城区,48.9,17.0
2024-06-03 08:20:57,2024-06-03 09:00:57,东城区,通州区,40.8,13.9
2024-06-27 14:57:15,2024-06-27 15:05:15,顺义区,丰台区,17.1,4.4
2024-06-22 12:49:03,2024-06-22 13:06:03,丰台区,大兴区,24.1,6.9
2024-06-05 08:10:00,2024-06-05 08:37:00,通州区,石景山区,38.4,14.0
2024-06-07 10:19:04,2024-06-07 10:53:04,东城区,昌平区,42.3,14.3
2024-06-30 11:39:01,2024-06-30 12:10:01,石景山区,昌平区,45.8,16.6
2024-06-22 19:55:07,2024-06-22 20:13:07,大兴区,朝阳区,35.2,11.4
2024-06-12 18:41:46,2024-06-12 19:03:46,丰台区,房山区,31.6,11.0
2024-06-22 13:19:14,2024-06-22 13:43:14,海淀区,顺义区,34.7,11.4
2024-06-15 09:37:23,2024-06-15 09:44:23,顺义区,门头沟区,17.9,3.6
2024-06-26 09:21:24,2024-06-26 09:56:24,房山区,丰台区,36.3,11.4
2024-06-30 18:29:41,2024-06-30 18:50:41,朝阳区,顺义区,34.9,11.2
2024-06-26 08:52:36,2024-06-26 09:38:36,昌平区,通州区,41.7,13.7
2024-06-14 21:19:46,2024-06-14 21:44:46,海淀区,丰台区,31.0,8.9
2024-06-06 13:12:23,2024-06-06 13:28:23,海淀区,石景山区,26.8,8.8
2024-06-27 09:30:53,2024-06-27 09:41:53,通州区,房山区,28.2,8.0
2024-06-11 19:19:54,2024-06-11 20:08:54,昌平区,房山区,50.1,18.4
2024-06-03 11:53:06,2024-06-03 12:17:06,东城区,昌平区,26.4,8.3
2024-06-04 15:23:34,2024-06-04 15:40:34,大兴区,通州区,38.3,13.1
2024-06-14 23:46:50,2024-06-15 00:03:50,海淀区,东城区,30.5,8.8
2024-06-10 07:18:12,2024-06-10 07:41:12,通州区,西城区,29.5,9.3
2024-06-11 18:54:32,2024-06-11 19:13:32,西城区,东城区,35.9,12.5
2024-06-10 13:38:22,2024-06-10 13:51:22,顺义区,东城区,29.1,8.5
2024-06-26 09:35:12,2024-06-26 09:55:12,海淀区,顺义区,28.1,7.5
2024-06-26 21:25:41,2024-06-26 21:40:41,顺义区,西城区,27.7,7.4
2024-06-25 22:28:27,2024-06-25 22:37:27,西城区,昌平区,27.0,8.0
2024-06-10 11:45:10,2024-06-10 11:55:10,房山区,东城区,22.7,6.4
2024-06-15 10:51:46,2024-06-15 12:08:46,大兴区,东城区,39.6,12.9
2024-06-20 16:11:17,2024-06-20 16:34:17,朝阳区,大兴区,20.8,5.4
2024-06-12 09:17:54,2024-06-12 09:23:54,丰台区,顺义区,16.5,4.0
2024-06-13 12:43:54,2024-06-13 12:50:54,西城区,西城区,17.5,2.9
2024-06-09 14:32:46,2024-06-09 14:47:46,通州区,通州区,19.9,4.6
2024-06-23 18:21:02,2024-06-23 18:29:02,西城区,朝阳区,25.8,6.5
2024-06-30 19:46:25,2024-06-30 19:53:25,通州区,石景山区,20.6,4.4
2024-06-02 08:30:22,2024-06-02 09:13:22,房山区,昌平区,35.9,11.5
2024-06-03 17:47:55,2024-06-03 18:07:55,顺义区,通州区,34.9,11.0
2024-06-07 10:47:28,2024-06-07 11:02:28,门头沟区,东城区,23.2,6.8
2024-06-30 15:22:07,2024-06-30 15:25:07,通州区,东城区,13.7,1.0
2024-06-18 07:52:10,2024-06-18 08:11:10,朝阳区,东城区,33.4,11.4
2024-06-28 18:21:34,2024-06-28 18:57:34,东城区,西城区,42.1,14.7
2024-06-02 09:00:39,2024-06-02 09:16:39,通州区,大兴区,26.0,8.4
2024-06-15 10:43:59,2024-06-15 11:16:59,石景山区,海淀区,32.4,10.0
2024-06-11 09:19:30,2024-06-11 09:28:30,东城区,大兴区,17.9,3.6
2024-06-27 09:34:39,2024-06-27 09:37:39,大兴区,朝阳区,14.6,1.0
2024-06-02 09:46:06,2024-06-02 10:52:06,海淀区,西城区,57.9,22.2
2024-06-22 08:47:12,2024-06-22 08:51:12,房山区,西城区,14.9,2.4
2024-06-27 10:21:36,2024-06-27 10:24:36,海淀区,门头沟区,16.6,1.0
2024-06-04 08:50:02,2024-06-04 09:10:02,丰台区,通州区,38.8,13.6
2024-06-21 10:42:46,2024-06-21 11:23:46,东城区,顺义区,54.7,19.9
2024-06-16 23:05:20,2024-06-16 23:43:20,西城区,顺义区,45.9,15.2
2024-06-22 12:14:22,2024-06-22 12:31:22,丰台区,昌平区,33.3,10.1
2024-06-11 06:38:49,2024-06-11 06:41:49,大兴区,大兴区,14.8,1.0
2024-06-20 13:35:25,2024-06-20 13:44:25,门头沟区,海淀区,23.3,7.4
2024-06-07 19:02:33,2024-06-07 19:10:33,海淀区,昌平区,15.1,3.3
2024-06-30 12:55:54,2024-06-30 13:38:54,东城区,大兴区,26.3,7.8
2024-06-11 17:47:43,2024-06-11 18:14:43,丰台区,石景山区,48.4,17.0
2024-06-03 19:52:06,2024-06-03 20:13:06,石景山区,通州区,27.0,7.8
2024-07-01 10:57:36,2024-07-01 11:21:36,海淀区,石景山区,40.3,13.0
2024-06-27 15:14:53,2024-06-27 15:17:53,海淀区,门头沟区,15.9,2.4
2024-06-17 11:17:11,2024-06-17 11:44:11,丰台区,通州区,39.9,13.9
2024-06-19 21:46:25,2024-06-19 21:57:25,石景山区,石景山区,28.2,9.0
2024-06-08 17:29:28,2024-06-08 17:42:28,顺义区,石景山区,29.8,8.5
2024-06-07 17:34:12,2024-06-07 17:39:12,朝阳区,顺义区,15.7,2.2
2024-06-19 19:04:45,2024-06-19 20:11:45,东城区,朝阳区,35.8,11.3
2024-06-24 09:03:32,2024-06-24 09:15:32,朝阳区,海淀区,18.2,5.0
2024-06-18 16:29:58,2024-06-18 16:33:58,通州区,朝阳区,16.1,1.0
2024-06-08 19:34:00,2024-06-08 19:39:00,海淀区,昌平区,17.0,3.3
2024-06-18 17:47:13,2024-06-18 18:25:13,房山区,朝阳区,49.8,17.8
2024-06-23 03:25:50,2024-06-23 03:35:50,海淀区,东城区,26.5,7.9
2024-06-04 11:28:30,2024-06-04 11:39:30,丰台区,顺义区,17.5,4.7
2024-06-21 16:55:41,2024-06-21 17:17:41,门头沟区,昌平区,27.2,7.5
2024-06-01 19:43:00,2024-06-01 19:57:00,朝阳区,朝阳区,25.1,6.9
2024-06-19 11:31:20,2024-06-19 11:50:20,西城区,东城区,28.0,8.3
2024-06-03 12:49:34,2024-06-03 13:22:34,大兴区,石景山区,35.6,11.2
2024-06-25 09:31:44,2024-06-25 10:11:44,东城区,朝阳区,42.2,15.2
2024-06-23 13:44:38,2024-06-23 13:47:38,通州区,昌平区,14.4,1.0
2024-06-03 14:40:00,2024-06-03 15:08:00,顺义区,顺义区,41.7,14.4
2024-06-13 14:18:37,2024-06-13 15:06:37,大兴区,大兴区,39.5,12.4
2024-06-05 15:41:04,2024-06-05 15:44:04,顺义区,房山区,15.2,1.0
2024-06-22 21:09:54,2024-06-22 21:21:54,海淀区,门头沟区,19.6,5.8
2024-06-06 18:13:35,2024-06-06 18:22:35,丰台区,房山区,20.0,4.5
2024-06-25 09:39:42,2024-06-25 10:09:42,丰台区,门头沟区,51.1,18.9
2024-06-06 13:55:23,2024-06-06 14:06:23,房山区,门头沟区,20.8,5.4
2024-06-22 17:03:59,2024-06-22 17:16:59,房山区,门头沟区,24.0,6.9
2024-06-28 14:42:56,2024-06-28 15:04:56,东城区,通州区,34.2,11.1
2024-06-05 11:24:00,2024-06-05 11:32:00,昌平区,石景山区,19.1,5.2
2024-06-04 15:35:37,2024-06-04 15:54:37,西城区,石景山区,16.9,4.5
2024-07-01 12:24:27,2024-07-01 12:42:27,丰台区,昌平区,27.3,9.1
2024-06-21 03:59:43,2024-06-21 04:24:43,东城区,通州区,20.1,5.9
2024-06-03 15:16:02,2024-06-03 15:34:02,海淀区,石景山区,31.3,9.2
2024-06-29 09:24:24,2024-06-29 09:27:24,顺义区,东城区,17.1,1.0
2024-06-24 20:38:36,2024-06-24 20:51:36,东城区,房山区,15.2,3.7
2024-06-07 13:30:09,2024-06-07 13:48:09,西城区,石景山区,36.8,13.0
2024-06-02 11:16:22,2024-06-02 11:24:22,海淀区,门头沟区,14.5,3.1
2024-06-13 19:29:15,2024-06-13 19:48:15,东城区,海淀区,35.8,12.6
2024-06-10 08:50:34,2024-06-10 08:55:34,西城区,门头沟区,17.5,3.6
2024-06-15 09:15:20,2024-06-15 09:26:20,通州区,海淀区,19.4,5.6
2024-06-02 18:12:08,2024-06-02 18:21:08,西城区,门头沟区,21.5,6.3
2024-06-05 10:08:01,2024-06-05 10:27:01,石景山区,东城区,29.5,9.6
2024-06-12 15:14:06,2024-06-12 15:32:06,石景山区,东城区,26.7,8.4
2024-06-23 12:26:40,2024-06-23 12:47:40,通州区,东城区,32.8,9.7
2024-06-12 16:14:00,2024-06-12 16:23:00,朝阳区,昌平区,17.1,4.3
2024-06-11 15:15:59,2024-06-11 15:27:59,海淀区,通州区,25.1,6.8
2024-06-04 17:54:39,2024-06-04 18:07:39,朝阳区,房山区,29.5,8.5
2024-06-26 19:22:47,2024-06-26 19:38:47,朝阳区,丰台区,26.7,8.8
2024-06-18 19:55:36,2024-06-18 20:26:36,大兴区,顺义区,29.7,8.7
2024-06-11 11:34:45,2024-06-11 12:09:45,海淀区,大兴区,27.6,7.9
2024-06-21 20:43:49,2024-06-21 20:46:49,东城区,石景山区,17.7,1.0
2024-06-20 09:59:52,2024-06-20 10:10:52,海淀区,石景山区,20.0,5.9
2024-06-30 11:45:56,2024-06-30 12:23:56,大兴区,通州区,31.4,10.9
2024-06-22 12:10:53,2024-06-22 12:28:53,门头沟区,大兴区,35.7,11.1
2024-06-19 15:47:21,2024-06-19 16:00:21,房山区,通州区,17.8,4.8
2024-06-01 15:15:35,2024-06-01 15:22:35,丰台区,通州区,25.2,6.4
2024-06-29 08:56:59,2024-06-29 09:05:59,通州区,通州区,25.9,6.5
2024-06-27 14:26:55,2024-06-27 14:35:55,西城区,昌平区,21.7,4.6
2024-06-10 08:39:02,2024-06-10 09:14:02,顺义区,朝阳区,32.3,10.2
2024-06-12 17:21:53,2024-06-12 17:38:53,通州区,朝阳区,23.9,5.6
2024-06-25 12:20:47,2024-06-25 12:23:47,房山区,昌平区,16.4,1.0
2024-06-12 16:42:11,2024-06-12 16:48:11,朝阳区,海淀区,18.4,4.0
2024-06-17 19:37:22,2024-06-17 20:02:22,通州区,大兴区,35.2,11.6
2024-06-07 08:00:41,2024-06-07 08:11:41,海淀区,昌平区,26.2,7.5
2024-06-16 18:29:58,2024-06-16 19:01:58,大兴区,丰台区,26.3,7.6
2024-06-30 21:59:32,2024-06-30 22:32:32,丰台区,海淀区,34.3,11.9
2024-06-04 23:08:59,2024-06-04 23:28:59,朝阳区,朝阳区,29.7,9.4
2024-06-15 17:36:01,2024-06-15 17:48:01,朝阳区,通州区,29.2,8.0
2024-06-28 09:45:49,2024-06-28 09:49:49,东城区,西城区,17.3,2.4
2024-06-07 09:37:05,2024-06-07 10:35:05,东城区,房山区,39.1,12.9
2024-06-13 13:58:12,2024-06-13 14:35:12,石景山区,大兴区,22.7,6.2
2024-06-02 14:02:24,2024-06-02 14:22:24,西城区,通州区,23.5,7.3
2024-06-10 18:01:54,2024-06-10 18:19:54,西城区,石景山区,33.9,10.4
2024-06-08 18:00:06,2024-06-08 18:05:06,西城区,顺义区,16.8,2.7
2024-06-08 19:57:50,2024-06-08 20:10:50,西城区,朝阳区,25.0,6.4
2024-06-09 11:05:05,2024-06-09 11:12:05,海淀区,石景山区,18.7,4.0
2024-06-13 23:44:48,2024-06-14 00:14:48,大兴区,通州区,32.2,11.1
2024-06-20 17:14:45,2024-06-20 17:27:45,朝阳区,石景山区,15.9,2.4
2024-06-23 15:07:13,2024-06-23 15:18:13,丰台区,通州区,22.4,6.2
2024-06-16 19:17:27,2024-06-16 19:34:27,西城区,昌平区,40.3,14.5
2024-06-16 15:25:15,2024-06-16 15:42:15,顺义区,大兴区,35.7,11.6
2024-06-28 10:58:57,2024-06-28 11:04:57,东城区,大兴区,14.3,1.0
2024-06-28 17:20:01,2024-06-28 17:38:01,西城区,海淀区,29.3,9.9
2024-07-01 16:07:26,2024-07-01 16:12:26,朝阳区,昌平区,17.1,1.9
2024-06-27 07:47:57,2024-06-27 07:50:57,门头沟区,朝阳区,15.1,1.0
2024-06-17 21:07:22,2024-06-17 21:23:22,西城区,通州区,25.0,8.2
2024-06-28 07:13:37,2024-06-28 07:19:37,东城区,大兴区,14.0,2.2
2024-06-21 12:11:42,2024-06-21 12:34:42,东城区,门头沟区,36.0,11.2
2024-06-25 17:49:28,2024-06-25 18:02:28,门头沟区,朝阳区,21.5,6.0
2024-06-05 07:32:41,2024-06-05 07:44:41,门头沟区,朝阳区,22.9,6.2
2024-06-18 12:24:32,2024-06-18 12:44:32,朝阳区,朝阳区,40.8,13.3
2024-06-13 08:35:43,2024-06-13 08:44:43,丰台区,石景山区,23.6,6.2
2024-06-26 15:15:26,2024-06-26 15:18:26,西城区,顺义区,13.0,1.0
2024-06-11 17:03:35,2024-06-11 17:08:35,西城区,朝阳区,14.3,1.0
2024-06-20 19:32:12,2024-06-20 19:41:12,顺义区,房山区,19.4,5.7
2024-06-07 09:58:30,2024-06-07 10:03:30,通州区,通州区,15.2,3.0
2024-06-27 05:58:15,2024-06-27 06:01:15,通州区,海淀区,13.2,1.0
2024-06-02 13:37:34,2024-06-02 14:31:34,西城区,房山区,35.8,11.6
2024-06-24 14:29:36,2024-06-24 14:36:36,西城区,通州区,16.9,3.4
2024-06-22 09:23:03,2024-06-22 09:40:03,西城区,石景山区,38.9,12.8
2024-06-23 19:44:12,2024-06-23 20:09:12,朝阳区,大兴区,30.9,9.4
2024-06-16 16:45:36,2024-06-16 16:54:36,海淀区,东城区,18.6,3.8
2024-06-22 11:02:47,2024-06-22 11:20:47,朝阳区,房山区,33.0,10.9
2024-06-24 09:48:00,2024-06-24 10:26:00,昌平区,顺义区,34.2,11.1
2024-06-29 12:23:20,2024-06-29 12:49:20,通州区,东城区,30.8,10.5
2024-06-09 07:38:12,2024-06-09 08:02:12,房山区,大兴区,21.8,6.6
2024-06-09 17:50:12,2024-06-09 17:59:12,昌平区,顺义区,21.7,6.2
2024-06-07 12:06:06,2024-06-07 12:27:06,朝阳区,丰台区,47.7,16.4
2024-06-05 17:56:48,2024-06-05 18:21:48,丰台区,大兴区,40.8,13.5
2024-06-03 09:03:16,2024-06-03 09:30:16,昌平区,昌平区,31.0,9.5
2024-06-22 07:41:29,2024-06-22 07:55:29,丰台区,石景山区,29.5,8.8
2024-06-10 13:22:41,2024-06-10 13:59:41,朝阳区,海淀区,41.3,14.9
2024-07-01 10:19:31,2024-07-01 10:39:31,顺义区,通州区,27.4,8.4
2024-06-04 18:31:04,2024-06-04 18:35:04,通州区,昌平区,18.3,4.6
2024-06-29 17:24:08,2024-06-29 17:44:08,通州区,门头沟区,35.0,11.3
2024-06-30 08:15:26,2024-06-30 08:38:26,朝阳区,丰台区,34.6,12.2
2024-06-28 13:14:52,2024-06-28 13:17:52,东城区,朝阳区,17.6,1.0
2024-06-04 23:57:49,2024-06-05 00:22:49,海淀区,房山区,35.8,12.1
2024-06-06 23:26:09,2024-06-06 23:46:09,东城区,通州区,31.1,8.8
2024-06-30 18:52:31,2024-06-30 19:05:31,西城区,西城区,26.0,6.8
2024-06-22 12:08:44,2024-06-22 12:11:44,丰台区,石景山区,17.0,1.0
2024-06-12 08:13:11,2024-06-12 08:36:11,朝阳区,通州区,33.3,9.9
2024-06-19 15:36:03,2024-06-19 15:40:03,昌平区,海淀区,14.9,2.1
2024-06-21 07:32:13,2024-06-21 08:01:13,门头沟区,朝阳区,35.6,11.5
2024-06-10 20:46:52,2024-06-10 21:04:52,西城区,海淀区,38.8,12.9
2024-06-11 04:35:53,2024-06-11 04:47:53,朝阳区,东城区,27.0,7.9
2024-06-08 12:47:55,2024-06-08 12:58:55,石景山区,丰台区,21.5,5.5
2024-06-02 16:20:37,2024-06-02 16:26:37,西城区,海淀区,19.7,4.2
2024-06-23 09:33:07,2024-06-23 09:53:07,大兴区,通州区,22.5,7.0
2024-06-15 12:11:16,2024-06-15 12:23:16,朝阳区,丰台区,21.5,6.5
2024-06-01 12:53:18,2024-06-01 13:12:18,海淀区,石景山区,35.3,11.4
2024-06-24 16:58:13,2024-06-24 17:16:13,西城区,东城区,32.5,10.2
2024-06-08 18:44:13,2024-06-08 19:03:13,西城区,朝阳区,17.0,3.4
2024-07-01 02:52:55,2024-07-01 03:27:55,西城区,西城区,46.4,16.1
2024-06-23 10:07:14,2024-06-23 10:25:14,石景山区,西城区,44.0,15.8
2024-06-25 06:40:16,2024-06-25 07:16:16,海淀区,门头沟区,23.9,7.2
2024-06-23 15:58:42,2024-06-23 16:06:42,丰台区,海淀区,22.5,6.3
2024-06-01 06:28:38,2024-06-01 06:41:38,大兴区,房山区,27.1,8.6
2024-06-09 09:39:20,2024-06-09 09:59:20,门头沟区,西城区,38.4,11.9
2024-06-24 16:08:48,2024-06-24 16:22:48,东城区,海淀区,35.1,10.7
2024-06-28 15:58:44,2024-06-28 16:26:44,西城区,石景山区,42.3,13.9
2024-06-09 11:47:07,2024-06-09 12:02:07,海淀区,朝阳区,21.1,6.3
2024-06-16 14:22:37,2024-06-16 14:25:37,房山区,西城区,15.6,1.0
2024-06-17 09:12:18,2024-06-17 09:29:18,石景山区,石景山区,34.8,10.8
2024-06-25 07:51:00,2024-06-25 07:59:00,昌平区,丰台区,19.4,4.4
2024-06-11 06:55:18,2024-06-11 07:03:18,石景山区,东城区,18.4,3.5
2024-06-14 14:10:53,2024-06-14 14:13:53,西城区,大兴区,16.0,1.0
2024-06-02 08:01:50,2024-06-02 08:10:50,房山区,门头沟区,28.1,7.8
2024-06-20 17:51:12,2024-06-20 18:16:12,海淀区,朝阳区,34.2,11.5
2024-06-10 18:47:57,2024-06-10 18:55:57,西城区,大兴区,20.8,6.2
2024-06-09 09:39:56,2024-06-09 10:20:56,昌平区,石景山区,25.8,6.9
2024-06-01 11:35:57,2024-06-01 11:58:57,房山区,昌平区,45.8,16.6
2024-06-22 15:00:49,2024-06-22 15:26:49,石景山区,顺义区,37.6,12.3
2024-07-01 17:45:52,2024-07-01 18:01:52,海淀区,海淀区,19.0,3.5
2024-06-21 08:04:06,2024-06-21 08:16:06,东城区,朝阳区,26.2,7.2
2024-06-03 18:23:52,2024-06-03 18:28:52,房山区,通州区,17.5,2.1
2024-06-23 07:56:19,2024-06-23 08:03:19,房山区,房山区,16.5,3.5
2024-06-28 16:34:09,2024-06-28 16:42:09,西城区,大兴区,22.8,6.5
2024-06-20 09:36:09,2024-06-20 10:05:09,顺义区,石景山区,37.2,12.3
2024-06-20 13:07:53,2024-06-20 13:44:53,西城区,丰台区,32.3,10.8
2024-07-01 21:14:15,2024-07-01 21:28:15,房山区,海淀区,30.4,9.4
2024-06-27 11:19:07,2024-06-27 12:06:07,东城区,大兴区,47.3,16.8
2024-06-28 17:50:52,2024-06-28 17:54:52,房山区,西城区,15.5,2.3
2024-06-01 13:48:45,2024-06-01 13:56:45,东城区,丰台区,20.3,5.2
2024-06-28 15:58:53,2024-06-28 16:11:53,朝阳区,房山区,23.1,5.7
2024-06-13 13:55:02,2024-06-13 14:06:02,大兴区,大兴区,27.5,7.5
2024-07-01 18:56:33,2024-07-01 19:11:33,朝阳区,西城区,25.8,7.9
2024-06-11 07:35:11,2024-06-11 07:50:11,顺义区,丰台区,30.0,10.0
2024-06-16 17:25:34,2024-06-16 17:43:34,顺义区,顺义区,34.9,11.3
2024-06-28 13:14:50,2024-06-28 13:21:50,房山区,房山区,19.3,4.9
2024-06-22 13:51:07,2024-06-22 14:06:07,通州区,东城区,22.7,7.0
2024-06-14 09:16:58,2024-06-14 09:19:58,通州区,顺义区,17.6,1.0
2024-06-08 23:30:03,2024-06-09 00:14:03,丰台区,西城区,43.4,15.6
2024-06-10 17:42:19,2024-06-10 17:51:19,朝阳区,西城区,20.9,5.9
2024-06-22 09:13:59,2024-06-22 09:16:59,通州区,朝阳区,16.5,2.0
2024-06-25 13:38:57,2024-06-25 14:00:57,东城区,大兴区,19.2,3.6
2024-06-17 19:02:42,2024-06-17 19:11:42,丰台区,朝阳区,22.0,5.5
2024-06-07 11:26:48,2024-06-07 11:29:48,海淀区,昌平区,14.8,1.0
2024-06-11 13:11:12,2024-06-11 13:26:12,西城区,丰台区,24.6,6.1
2024-06-09 04:45:22,2024-06-09 05:01:22,西城区,石景山区,24.7,7.8
2024-06-14 10:52:32,2024-06-14 11:00:32,大兴区,顺义区,16.7,4.2
2024-06-30 08:59:07,2024-06-30 09:21:07,房山区,丰台区,29.1,8.8
2024-06-23 18:03:39,2024-06-23 18:06:39,西城区,顺义区,15.1,1.0
2024-06-19 19:06:40,2024-06-19 19:17:40,通州区,昌平区,21.2,5.6
2024-06-24 17:54:02,2024-06-24 18:03:02,顺义区,通州区,20.3,4.6
2024-06-11 04:16:24,2024-06-11 04:58:24,朝阳区,朝阳区,41.5,15.2
2024-06-29 16:49:39,2024-06-29 16:59:39,昌平区,朝阳区,17.7,4.4
2024-06-04 19:40:35,2024-06-04 19:51:35,顺义区,通州区,22.7,6.3
2024-06-30 11:19:48,2024-06-30 11:22:48,海淀区,门头沟区,14.5,1.0
2024-06-18 12:58:49,2024-06-18 13:02:49,通州区,房山区,15.7,1.9
2024-06-08 19:36:41,2024-06-08 20:08:41,西城区,石景山区,24.3,7.6
2024-06-18 16:13:29,2024-06-18 16:45:29,海淀区,东城区,40.3,13.6
2024-06-30 08:34:26,2024-06-30 08:54:26,石景山区,朝阳区,40.8,13.2
2024-06-19 17:13:29,2024-06-19 17:26:29,西城区,丰台区,22.5,6.8
2024-06-16 07:49:45,2024-06-16 08:05:45,顺义区,丰台区,22.7,6.2
2024-06-28 11:11:50,2024-06-28 11:29:50,东城区,朝阳区,34.8,10.4
2024-06-02 12:13:36,2024-06-02 12:16:36,昌平区,房山区,17.4,1.5
2024-06-27 19:38:28,2024-06-27 19:41:28,西城区,东城区,14.7,1.0
2024-06-21 07:39:11,2024-06-21 07:42:11,丰台区,顺义区,14.5,1.1
2024-06-27 11:14:58,2024-06-27 11:39:58,海淀区,朝阳区,30.1,9.4
2024-06-28 17:54:17,2024-06-28 18:04:17,东城区,石景山区,26.2,6.9
2024-06-12 18:12:40,2024-06-12 18:32:40,西城区,房山区,40.4,12.8
2024-06-25 13:15:53,2024-06-25 13:35:53,海淀区,丰台区,42.0,14.6
2024-06-17 08:18:16,2024-06-17 08:41:16,朝阳区,房山区,41.6,14.0
2024-06-23 08:22:54,2024-06-23 08:44:54,房山区,顺义区,33.9,11.7
2024-06-14 16:19:42,2024-06-14 16:42:42,通州区,石景山区,33.9,11.9
2024-06-04 19:27:01,2024-06-04 19:42:01,东城区,顺义区,29.0,8.8
2024-06-07 11:45:55,2024-06-07 12:22:55,朝阳区,昌平区,37.0,11.8
2024-06-24 23:09:53,2024-06-24 23:27:53,东城区,昌平区,48.2,16.6
2024-06-18 12:10:12,2024-06-18 12:28:12,大兴区,朝阳区,26.2,8.5
2024-06-01 12:13:28,2024-06-01 12:29:28,朝阳区,通州区,30.1,9.5
2024-06-11 18:01:23,2024-06-11 18:19:23,朝阳区,东城区,26.8,8.3
2024-06-28 05:06:46,2024-06-28 05:43:46,西城区,海淀区,27.7,9.0
2024-06-22 12:56:01,2024-06-22 12:59:01,通州区,顺义区,17.8,1.0
2024-06-15 17:34:21,2024-06-15 17:43:21,西城区,石景山区,16.2,4.0
2024-06-17 12:29:40,2024-06-17 12:44:40,海淀区,朝阳区,30.9,8.6
2024-06-17 15:50:07,2024-06-17 16:26:07,海淀区,昌平区,33.6,10.5
2024-06-01 11:16:34,2024-06-01 11:29:34,大兴区,东城区,24.0,6.4
2024-06-18 12:33:03,2024-06-18 13:34:03,朝阳区,东城区,59.6,22.3
2024-06-02 19:20:35,2024-06-02 20:49:35,东城区,昌平区,44.8,16.7
2024-07-01 05:23:02,2024-07-01 05:43:02,海淀区,大兴区,33.8,10.1
2024-06-23 05:01:08,2024-06-23 05:04:08,朝阳区,昌平区,16.3,1.1
2024-06-03 14:49:07,2024-06-03 14:58:07,丰台区,东城区,25.4,6.7
2024-06-11 07:50:13,2024-06-11 08:29:13,大兴区,门头沟区,41.9,13.6
2024-06-02 10:44:22,2024-06-02 10:57:22,东城区,石景山区,30.2,9.4
2024-06-28 10:41:27,2024-06-28 11:00:27,门头沟区,石景山区,31.6,9.7
2024-06-29 16:37:20,2024-06-29 16:46:20,大兴区,石景山区,21.6,5.1
2024-06-07 13:23:14,2024-06-07 14:43:14,丰台区,东城区,41.6,13.3
2024-06-01 12:15:20,2024-06-01 12:20:20,东城区,大兴区,14.2,2.1
2024-06-17 09:24:39,2024-06-17 09:35:39,海淀区,丰台区,21.6,6.5
2024-06-30 12:18:39,2024-06-30 12:27:39,东城区,大兴区,16.4,4.2
2024-06-23 23:22:49,2024-06-23 23:43:49,大兴区,朝阳区,36.3,11.2
2024-06-08 05:08:08,2024-06-08 05:26:08,石景山区,丰台区,29.5,9.4
2024-06-26 19:12:58,2024-06-26 19:15:58,丰台区,大兴区,14.3,2.0
2024-06-03 08:13:22,2024-06-03 08:24:22,房山区,昌平区,18.5,5.2
2024-06-18 09:49:31,2024-06-18 10:12:31,朝阳区,房山区,47.1,16.3
2024-06-14 11:51:52,2024-06-14 12:04:52,西城区,丰台区,28.5,8.0
2024-06-05 10:38:06,2024-06-05 10:51:06,东城区,丰台区,19.4,4.9
2024-06-13 13:03:33,2024-06-13 13:24:33,西城区,海淀区,38.0,11.9
2024-06-27 13:00:07,2024-06-27 14:09:07,东城区,房山区,37.5,11.5
2024-06-06 19:16:38,2024-06-06 19:22:38,海淀区,西城区,14.9,3.4
2024-06-04 20:54:07,2024-06-04 21:06:07,丰台区,门头沟区,21.3,5.3
2024-06-29 12:48:37,2024-06-29 13:04:37,丰台区,大兴区,36.8,13.1
2024-06-16 13:59:57,2024-06-16 14:55:57,通州区,朝阳区,32.2,9.3
2024-06-15 12:07:28,2024-06-15 12:28:28,东城区,门头沟区,29.3,9.9
2024-06-16 17:35:43,2024-06-16 17:50:43,朝阳区,大兴区,35.6,11.7
2024-06-13 09:35:46,2024-06-13 10:03:46,昌平区,大兴区,30.9,9.1
2024-06-13 08:49:28,2024-06-13 09:33:28,海淀区,门头沟区,26.9,7.3
2024-06-03 16:26:02,2024-06-03 16:36:02,朝阳区,东城区,25.9,7.3
2024-07-01 23:42:01,2024-07-02 00:07:01,朝阳区,丰台区,25.2,8.2
2024-06-23 09:45:14,2024-06-23 09:57:14,房山区,西城区,28.6,9.2
2024-06-08 20:10:03,2024-06-08 20:16:03,通州区,东城区,19.1,4.0
2024-06-02 17:38:20,2024-06-02 17:45:20,石景山区,朝阳区,18.0,4.3
2024-06-22 12:53:59,2024-06-22 13:03:59,房山区,海淀区,25.6,7.7
2024-06-10 17:02:09,2024-06-10 17:31:09,石景山区,石景山区,26.8,7.4
2024-06-22 11:32:19,2024-06-22 11:56:19,朝阳区,东城区,33.1,10.3
2024-06-06 23:54:11,2024-06-07 00:14:11,通州区,东城区,32.5,10.8
2024-06-30 09:44:13,2024-06-30 09:50:13,门头沟区,通州区,17.1,2.5
2024-06-18 08:49:08,2024-06-18 09:01:08,门头沟区,门头沟区,29.4,9.7
2024-07-01 20:37:39,2024-07-01 20:57:39,西城区,海淀区,30.1,9.1
2024-06-06 17:46:14,2024-06-06 17:49:14,西城区,朝阳区,17.5,1.0
2024-06-03 12:04:34,2024-06-03 12:50:34,朝阳区,顺义区,51.9,17.8
2024-06-03 16:09:11,2024-06-03 16:29:11,石景山区,东城区,38.6,12.5
2024-06-07 11:20:53,2024-06-07 11:51:53,大兴区,大兴区,39.1,12.2
2024-06-09 09:19:54,2024-06-09 09:28:54,海淀区,顺义区,19.0,4.0
2024-06-17 15:46:14,2024-06-17 15:55:14,朝阳区,西城区,25.5,7.4
2024-06-12 23:23:56,2024-06-12 23:52:56,朝阳区,门头沟区,34.8,11.7
2024-07-01 19:28:33,2024-07-01 19:54:33,东城区,顺义区,28.7,8.2
2024-06-27 05:08:29,2024-06-27 05:29:29,丰台区,东城区,19.3,4.8
2024-06-03 04:10:42,2024-06-03 04:33:42,东城区,海淀区,35.9,11.8
2024-06-21 18:28:57,2024-06-21 18:37:57,东城区,门头沟区,18.7,4.0
2024-06-15 09:45:02,2024-06-15 10:05:02,顺义区,房山区,23.9,6.6
2024-06-14 23:11:36,2024-06-14 23:26:36,东城区,西城区,22.4,5.6
2024-06-14 06:40:24,2024-06-14 06:52:24,丰台区,昌平区,21.4,6.2
2024-06-14 10:22:22,2024-06-14 10:34:22,西城区,大兴区,29.3,8.2
2024-06-26 08:41:43,2024-06-26 08:50:43,顺义区,大兴区,18.3,3.9
2024-06-12 14:28:02,2024-06-12 14:41:02,东城区,东城区,22.5,6.8
2024-06-03 09:15:28,2024-06-03 09:37:28,海淀区,房山区,29.6,10.2
2024-06-02 09:54:16,2024-06-02 10:04:16,西城区,海淀区,24.1,6.2
2024-06-13 19:05:59,2024-06-13 19:11:59,东城区,门头沟区,15.4,2.2
2024-06-16 13:04:04,2024-06-16 13:23:04,石景山区,西城区,25.8,7.3
2024-06-03 13:02:07,2024-06-03 13:22:07,丰台区,大兴区,33.3,11.0
2024-06-19 11:55:14,2024-06-19 11:58:14,丰台区,大兴区,18.0,1.0
2024-06-19 19:17:58,2024-06-19 19:42:58,海淀区,西城区,29.4,8.7
2024-06-06 22:59:36,2024-06-06 23:18:36,西城区,西城区,35.4,11.1
2024-06-08 13:04:38,2024-06-08 13:35:38,石景山区,西城区,39.4,13.0
2024-06-29 07:32:44,2024-06-29 08:16:44,海淀区,丰台区,40.0,13.9
2024-06-06 16:17:41,2024-06-06 16:37:41,丰台区,丰台区,27.2,7.8
2024-06-09 09:13:43,2024-06-09 09:35:43,大兴区,朝阳区,22.1,6.3
2024-06-20 13:50:22,2024-06-20 14:46:22,海淀区,西城区,63.8,24.4
2024-06-23 18:39:08,2024-06-23 18:42:08,门头沟区,大兴区,17.6,1.0
2024-06-07 15:36:51,2024-06-07 16:11:51,丰台区,东城区,31.9,9.2
2024-06-11 19:36:27,2024-06-11 19:43:27,房山区,房山区,17.6,4.8
2024-06-22 17:31:48,2024-06-22 17:49:48,西城区,大兴区,29.0,9.5
2024-06-01 20:55:56,2024-06-01 21:11:56,昌平区,石景山区,30.7,8.8
2024-06-09 18:59:30,2024-06-09 19:07:30,朝阳区,门头沟区,20.8,4.6
2024-06-04 14:44:52,2024-06-04 14:53:52,东城区,丰台区,18.9,4.8
2024-06-02 17:03:40,2024-06-02 17:19:40,顺义区,通州区,36.0,11.4
2024-06-26 09:25:18,2024-06-26 09:30:18,西城区,顺义区,18.6,4.2
2024-06-11 07:31:18,2024-06-11 07:34:18,通州区,西城区,14.6,1.0
2024-06-17 15:09:43,2024-06-17 15:24:43,东城区,西城区,28.3,7.5
2024-06-15 11:47:08,2024-06-15 12:15:08,朝阳区,丰台区,48.4,17.7
2024-06-12 09:22:35,2024-06-12 09:44:35,顺义区,石景山区,36.1,12.4
2024-06-10 12:00:38,2024-06-10 12:20:38,东城区,通州区,39.9,13.1
2024-06-25 17:27:32,2024-06-25 17:34:32,西城区,顺义区,19.2,5.0
2024-06-16 23:15:45,2024-06-16 23:23:45,西城区,海淀区,23.2,6.0
2024-06-23 11:57:03,2024-06-23 12:41:03,房山区,丰台区,33.9,10.0
2024-06-26 16:29:42,2024-06-26 17:09:42,顺义区,朝阳区,28.4,8.5
2024-06-14 20:34:47,2024-06-14 20:49:47,西城区,东城区,29.4,10.0
2024-06-04 12:41:44,2024-06-04 12:56:44,海淀区,海淀区,29.7,9.2
2024-06-30 14:20:45,2024-06-30 14:44:45,朝阳区,海淀区,32.1,10.9
2024-06-27 17:38:11,2024-06-27 18:31:11,昌平区,房山区,41.0,14.9
2024-06-22 17:36:57,2024-06-22 18:10:57,朝阳区,通州区,20.9,5.7
2024-06-27 08:42:54,2024-06-27 09:17:54,顺义区,丰台区,52.9,18.8
2024-06-29 15:38:44,2024-06-29 15:55:44,东城区,大兴区,18.0,5.0
2024-06-24 13:53:06,2024-06-24 13:56:06,朝阳区,丰台区,14.2,1.0
2024-06-21 14:54:50,2024-06-21 15:48:50,房山区,通州区,36.5,12.4
2024-06-12 17:37:18,2024-06-12 18:03:18,丰台区,顺义区,37.2,13.3
2024-06-26 07:15:56,2024-06-26 07:28:56,昌平区,朝阳区,29.3,8.4
2024-06-22 17:45:44,2024-06-22 18:44:44,大兴区,海淀区,42.1,13.7
2024-06-29 11:36:10,2024-06-29 11:41:10,西城区,昌平区,13.3,2.6
2024-06-22 11:25:04,2024-06-22 11:36:04,东城区,丰台区,23.4,6.8
2024-06-12 18:53:20,2024-06-12 19:22:20,海淀区,门头沟区,32.3,10.8
2024-06-17 08:41:03,2024-06-17 08:58:03,朝阳区,通州区,30.3,8.4
2024-06-05 23:22:55,2024-06-05 23:36:55,东城区,朝阳区,26.3,7.4
2024-06-05 18:56:46,2024-06-05 18:59:46,朝阳区,门头沟区,14.9,2.3
2024-06-20 13:29:06,2024-06-20 13:59:06,昌平区,大兴区,34.6,12.3
2024-06-08 10:02:03,2024-06-08 10:45:03,朝阳区,东城区,40.0,14.3
2024-06-17 10:35:26,2024-06-17 10:38:26,海淀区,石景山区,17.9,1.0
2024-06-24 08:00:14,2024-06-24 08:31:14,房山区,朝阳区,36.3,11.6
2024-06-20 09:09:17,2024-06-20 09:34:17,东城区,西城区,48.5,16.8
2024-06-27 10:26:09,2024-06-27 10:29:09,昌平区,朝阳区,13.3,1.5
2024-06-01 13:06:40,2024-06-01 13:18:40,丰台区,丰台区,15.7,4.1
2024-06-14 09:04:28,2024-06-14 09:10:28,朝阳区,海淀区,16.8,3.1
2024-06-13 12:21:55,2024-06-13 12:50:55,海淀区,顺义区,49.9,17.9
2024-06-11 08:05:10,2024-06-11 08:17:10,房山区,石景山区,18.2,5.2
2024-06-03 19:33:21,2024-06-03 20:01:21,西城区,海淀区,33.2,11.4
2024-06-11 16:51:51,2024-06-11 17:03:51,东城区,通州区,27.1,7.6
2024-07-01 18:53:25,2024-07-01 18:58:25,石景山区,昌平区,14.6,2.1
2024-06-05 17:24:32,2024-06-05 17:41:32,丰台区,房山区,25.8,8.5
2024-06-11 06:10:30,2024-06-11 06:45:30,西城区,房山区,24.7,7.9
2024-06-26 07:13:37,2024-06-26 07:19:37,丰台区,东城区,16.3,4.4
2024-06-09 08:47:14,2024-06-09 08:59:14,大兴区,门头沟区,26.1,7.2
2024-06-30 21:55:22,2024-06-30 22:13:22,海淀区,顺义区,24.8,8.0
2024-06-27 06:30:37,2024-06-27 06:50:37,海淀区,西城区,34.7,12.0
2024-06-01 12:07:45,2024-06-01 12:46:45,昌平区,通州区,32.2,9.5
2024-06-29 20:35:00,2024-06-29 20:38:00,西城区,顺义区,13.2,1.0
2024-06-15 18:57:05,2024-06-15 19:16:05,西城区,房山区,30.4,9.3
2024-06-30 19:59:45,2024-06-30 20:15:45,大兴区,房山区,33.5,10.3
2024-06-07 18:57:13,2024-06-07 19:00:13,东城区,石景山区,16.7,1.0
2024-06-24 13:38:00,2024-06-24 13:41:00,海淀区,通州区,16.2,1.0
2024-06-10 12:44:37,2024-06-10 12:47:37,石景山区,通州区,17.9,1.0
2024-06-13 11:21:29,2024-06-13 11:28:29,昌平区,通州区,16.4,3.6
2024-06-30 10:53:48,2024-06-30 11:06:48,朝阳区,西城区,21.8,5.3
2024-06-03 20:35:32,2024-06-03 20:38:32,丰台区,石景山区,17.8,1.0
2024-06-17 18:00:22,2024-06-17 18:34:22,丰台区,房山区,37.6,13.6
2024-06-06 09:14:39,2024-06-06 09:17:39,丰台区,西城区,15.3,1.0
2024-06-01 19:14:10,2024-06-01 19:34:10,海淀区,房山区,35.8,11.5
2024-06-05 09:07:01,2024-06-05 09:23:01,海淀区,昌平区,22.4,5.0
2024-06-02 13:50:05,2024-06-02 13:58:05,海淀区,西城区,22.3,6.1
2024-06-03 12:07:32,2024-06-03 12:11:32,东城区,昌平区,17.5,2.0
2024-06-27 09:16:34,2024-06-27 09:19:34,石景山区,门头沟区,15.8,1.0
2024-06-02 11:51:53,2024-06-02 11:57:53,顺义区,通州区,14.5,1.0
2024-06-16 08:14:32,2024-06-16 08:22:32,房山区,东城区,20.1,5.5
2024-06-21 12:14:13,2024-06-21 12:53:13,东城区,通州区,43.5,14.8
2024-06-16 13:51:17,2024-06-16 13:56:17,朝阳区,西城区,16.4,1.4
2024-06-24 07:42:24,2024-06-24 07:48:24,朝阳区,朝阳区,19.3,4.8
2024-06-18 15:15:50,2024-06-18 16:12:50,海淀区,昌平区,54.6,19.5
2024-06-07 07:36:55,2024-06-07 07:56:55,石景山区,昌平区,30.1,10.3
2024-06-01 19:31:11,2024-06-01 19:46:11,西城区,东城区,22.0,5.7
2024-06-26 09:09:53,2024-06-26 09:20:53,海淀区,昌平区,20.4,5.5
2024-06-28 13:38:25,2024-06-28 14:07:25,通州区,东城区,41.7,14.1
2024-06-24 05:00:34,2024-06-24 05:16:34,顺义区,昌平区,25.4,8.2
2024-06-18 13:33:52,2024-06-18 13:47:52,通州区,石景山区,33.4,10.4
2024-06-20 13:30:59,2024-06-20 13:37:59,东城区,西城区,14.2,3.3
2024-06-17 20:34:17,2024-06-17 20:43:17,西城区,通州区,21.6,5.6
2024-06-28 20:40:06,2024-06-28 21:19:06,朝阳区,朝阳区,27.4,9.0
2024-06-29 18:51:44,2024-06-29 19:26:44,房山区,门头沟区,42.6,14.7
2024-06-05 18:38:55,2024-06-05 18:48:55,石景山区,东城区,15.6,3.0
2024-06-13 06:15:06,2024-06-13 06:18:06,通州区,昌平区,13.3,1.8
2024-06-15 16:24:25,2024-06-15 16:39:25,丰台区,大兴区,23.1,7.1
2024-06-24 19:20:51,2024-06-24 19:48:51,通州区,顺义区,47.5,16.7
2024-06-29 10:21:54,2024-06-29 10:28:54,顺义区,海淀区,20.3,5.1
2024-06-12 20:56:03,2024-06-12 21:19:03,西城区,石景山区,24.7,6.3
2024-06-03 20:39:30,2024-06-03 20:44:30,朝阳区,顺义区,15.9,3.6
2024-06-21 11:40:17,2024-06-21 12:00:17,朝阳区,顺义区,22.7,7.0
2024-06-21 15:03:01,2024-06-21 15:18:01,朝阳区,通州区,28.7,9.1
2024-06-10 17:01:52,2024-06-10 17:09:52,西城区,东城区,21.5,5.3
2024-06-13 18:23:44,2024-06-13 18:26:44,门头沟区,石景山区,13.7,1.0
2024-06-29 19:42:04,2024-06-29 19:47:04,石景山区,东城区,16.9,2.9
2024-06-02 20:19:23,2024-06-02 20:35:23,朝阳区,大兴区,16.3,4.1
2024-06-25 09:42:01,2024-06-25 09:45:01,朝阳区,朝阳区,13.8,1.0
2024-06-16 11:18:11,2024-06-16 11:25:11,丰台区,房山区,20.0,5.7
2024-06-28 16:42:52,2024-06-28 17:08:52,海淀区,朝阳区,39.9,13.3
2024-06-15 21:09:29,2024-06-15 21:17:29,昌平区,朝阳区,21.1,4.4
2024-06-08 17:47:45,2024-06-08 17:54:45,东城区,大兴区,20.6,4.2
2024-06-23 17:40:48,2024-06-23 18:16:48,大兴区,朝阳区,49.3,17.2
2024-06-28 06:54:03,2024-06-28 07:10:03,朝阳区,房山区,26.2,8.0
2024-06-25 08:11:26,2024-06-25 08:32:26,顺义区,东城区,27.2,8.5
2024-06-29 21:34:41,2024-06-29 21:48:41,石景山区,房山区,20.4,4.9
2024-06-21 14:52:31,2024-06-21 15:19:31,西城区,大兴区,31.6,10.1
2024-06-04 15:51:14,2024-06-04 16:01:14,通州区,丰台区,21.2,5.4
2024-06-03 12:35:42,2024-06-03 12:47:42,朝阳区,房山区,27.6,8.8
2024-06-22 13:26:07,2024-06-22 13:32:07,房山区,西城区,13.5,2.1
2024-06-12 19:03:19,2024-06-12 19:18:19,顺义区,门头沟区,24.7,7.9
2024-06-13 13:16:19,2024-06-13 13:31:19,朝阳区,通州区,19.6,5.7
2024-06-05 10:15:48,2024-06-05 10:27:48,朝阳区,门头沟区,24.3,7.0
2024-06-04 08:03:46,2024-06-04 08:21:46,海淀区,顺义区,21.1,6.3
2024-06-19 23:32:18,2024-06-19 23:49:18,海淀区,房山区,17.1,3.4
2024-06-23 08:12:06,2024-06-23 08:17:06,东城区,东城区,16.0,2.8
2024-06-26 11:30:28,2024-06-26 11:36:28,海淀区,通州区,14.0,1.9
2024-06-28 07:08:49,2024-06-28 07:13:49,房山区,门头沟区,13.1,2.7
2024-06-03 14:03:06,2024-06-03 14:18:06,西城区,门头沟区,30.4,9.4
2024-06-13 21:11:18,2024-06-13 21:20:18,西城区,丰台区,17.2,3.9
2024-06-02 19:13:58,2024-06-02 19:18:58,丰台区,昌平区,19.4,3.6
2024-06-21 18:53:41,2024-06-21 19:14:41,顺义区,东城区,32.1,9.7
2024-06-05 22:53:12,2024-06-05 23:03:12,昌平区,海淀区,21.2,5.1
2024-06-20 11:26:35,2024-06-20 11:56:35,朝阳区,朝阳区,40.5,13.6
2024-06-08 13:21:27,2024-06-08 13:30:27,朝阳区,大兴区,25.7,7.4
2024-06-04 09:28:46,2024-06-04 09:58:46,海淀区,丰台区,34.9,11.0
2024-06-26 13:57:06,2024-06-26 14:23:06,朝阳区,海淀区,53.9,20.4
2024-06-21 15:45:25,2024-06-21 15:57:25,东城区,西城区,20.1,5.7
2024-06-06 09:09:52,2024-06-06 09:45:52,东城区,房山区,47.9,17.3
2024-06-12 09:11:34,2024-06-12 09:20:34,西城区,昌平区,27.0,8.0
2024-06-15 07:14:16,2024-06-15 07:27:16,朝阳区,西城区,24.9,6.4
2024-06-14 14:14:32,2024-06-14 14:19:32,朝阳区,丰台区,13.5,2.4
2024-06-23 18:17:27,2024-06-23 18:20:27,海淀区,石景山区,14.3,1.0
2024-06-26 10:01:55,2024-06-26 10:05:55,海淀区,大兴区,16.9,1.0
2024-06-13 10:12:08,2024-06-13 10:16:08,西城区,石景山区,15.0,1.0
2024-07-01 13:46:00,2024-07-01 14:32:00,石景山区,大兴区,41.6,14.8
2024-06-29 08:53:51,2024-06-29 10:03:51,海淀区,大兴区,43.5,16.0
2024-06-25 19:03:51,2024-06-25 19:18:51,海淀区,通州区,24.0,5.6
2024-06-10 11:12:55,2024-06-10 11:30:55,朝阳区,顺义区,34.3,10.3
2024-06-21 15:51:29,2024-06-21 16:11:29,大兴区,顺义区,43.7,14.7
2024-06-06 12:59:46,2024-06-06 13:12:46,通州区,门头沟区,24.8,6.4
2024-06-24 09:07:01,2024-06-24 09:29:01,西城区,顺义区,38.3,12.5
2024-06-27 16:12:36,2024-06-27 16:22:36,海淀区,石景山区,22.6,7.1
2024-06-13 11:50:03,2024-06-13 11:56:03,西城区,丰台区,19.0,3.7
2024-06-02 08:52:57,2024-06-02 09:46:57,顺义区,石景山区,43.8,14.4
2024-06-27 19:11:53,2024-06-27 19:38:53,通州区,通州区,42.6,14.8
2024-06-09 13:28:56,2024-06-09 13:31:56,海淀区,西城区,14.5,1.0
2024-06-03 12:05:39,2024-06-03 12:08:39,朝阳区,石景山区,14.3,1.9
2024-06-25 11:05:38,2024-06-25 11:12:38,西城区,海淀区,23.4,5.7
2024-06-10 08:48:01,2024-06-10 09:14:01,房山区,东城区,32.6,10.9
2024-06-26 07:48:22,2024-06-26 07:51:22,东城区,朝阳区,17.3,1.0
2024-06-14 05:27:21,2024-06-14 05:39:21,朝阳区,西城区,24.4,6.8
2024-07-01 02:24:25,2024-07-01 02:34:25,东城区,大兴区,32.1,9.9
2024-06-11 19:14:54,2024-06-11 19:31:54,门头沟区,海淀区,32.1,9.4
2024-06-19 03:40:40,2024-06-19 04:43:40,石景山区,房山区,40.7,14.9
2024-06-21 17:28:59,2024-06-21 17:53:59,丰台区,丰台区,30.9,9.9
2024-06-26 15:45:58,2024-06-26 16:06:58,海淀区,昌平区,33.3,11.8
2024-06-13 10:29:53,2024-06-13 10:43:53,大兴区,石景山区,28.9,8.4
2024-06-18 11:35:01,2024-06-18 11:49:01,昌平区,石景山区,28.0,7.7
2024-06-16 11:48:36,2024-06-16 11:52:36,海淀区,西城区,16.6,3.5
2024-06-30 17:10:51,2024-06-30 17:22:51,西城区,朝阳区,24.4,6.9
2024-06-12 09:43:59,2024-06-12 10:19:59,朝阳区,西城区,51.9,17.8
2024-07-01 07:09:18,2024-07-01 07:13:18,朝阳区,海淀区,15.4,3.6
2024-06-13 07:39:50,2024-06-13 08:17:50,通州区,东城区,25.4,8.1
2024-06-16 12:28:58,2024-06-16 12:48:58,顺义区,昌平区,33.9,10.4
2024-06-21 23:42:32,2024-06-21 23:45:32,通州区,大兴区,17.9,1.0
2024-06-07 19:52:13,2024-06-07 20:08:13,东城区,石景山区,26.8,7.5
2024-06-16 07:59:23,2024-06-16 08:05:23,西城区,东城区,17.3,3.3
2024-06-25 08:52:49,2024-06-25 09:12:49,东城区,东城区,32.1,10.7
2024-06-22 11:57:39,2024-06-22 12:24:39,通州区,顺义区,22.7,7.1
2024-06-19 17:44:05,2024-06-19 17:53:05,昌平区,门头沟区,27.6,7.7
2024-06-20 09:31:10,2024-06-20 09:53:10,东城区,西城区,35.5,10.9
2024-06-05 18:48:32,2024-06-05 19:04:32,丰台区,大兴区,30.4,8.5
2024-06-14 17:36:36,2024-06-14 17:56:36,西城区,大兴区,33.6,10.7
2024-06-24 17:51:05,2024-06-24 18:24:05,朝阳区,丰台区,43.9,15.8
2024-06-14 19:56:10,2024-06-14 20:10:10,丰台区,通州区,30.5,9.6
2024-06-25 11:01:18,2024-06-25 11:16:18,朝阳区,朝阳区,18.9,4.9
2024-06-26 23:43:45,2024-06-26 23:50:45,西城区,大兴区,19.7,3.9
2024-06-16 11:01:04,2024-06-16 11:04:04,朝阳区,通州区,14.3,1.0
2024-06-30 16:54:14,2024-06-30 17:18:14,通州区,顺义区,27.7,8.9
2024-06-24 05:05:49,2024-06-24 05:16:49,丰台区,昌平区,27.7,7.9
2024-06-07 17:06:54,2024-06-07 17:39:54,海淀区,通州区,27.7,9.3
2024-06-13 22:57:01,2024-06-13 23:05:01,西城区,通州区,15.6,3.7
2024-06-18 06:30:46,2024-06-18 06:51:46,西城区,东城区,35.0,11.8
2024-06-14 13:17:58,2024-06-14 13:43:58,丰台区,通州区,49.6,18.9
2024-06-26 23:23:49,2024-06-26 23:33:49,朝阳区,大兴区,18.5,5.4
2024-06-11 17:07:54,2024-06-11 18:03:54,昌平区,大兴区,31.9,9.3
2024-06-14 11:03:52,2024-06-14 11:24:52,西城区,顺义区,37.9,13.1
2024-06-02 14:15:46,2024-06-02 14:35:46,门头沟区,海淀区,36.5,11.4
2024-06-16 03:53:40,2024-06-16 04:14:40,顺义区,大兴区,30.3,10.4
2024-06-19 20:14:43,2024-06-19 20:54:43,朝阳区,海淀区,46.1,16.2
2024-06-16 14:21:22,2024-06-16 14:32:22,东城区,大兴区,23.5,6.7
2024-07-01 13:16:36,2024-07-01 13:19:36,西城区,西城区,13.8,1.0
2024-06-03 10:09:14,2024-06-03 10:24:14,朝阳区,朝阳区,25.8,8.5
2024-06-19 07:34:00,2024-06-19 08:27:00,朝阳区,海淀区,27.2,8.8
2024-06-27 12:47:26,2024-06-27 13:43:26,东城区,通州区,52.4,18.1
2024-06-28 11:42:25,2024-06-28 11:56:25,昌平区,昌平区,27.5,8.2
2024-06-21 10:46:05,2024-06-21 10:50:05,顺义区,东城区,15.3,2.3
2024-06-16 12:11:00,2024-06-16 12:28:00,丰台区,昌平区,32.7,11.3
2024-06-19 09:40:34,2024-06-19 09:57:34,门头沟区,通州区,26.7,7.9
2024-06-07 18:38:00,2024-06-07 19:00:00,房山区,西城区,33.1,9.7
2024-06-30 09:53:45,2024-06-30 10:13:45,朝阳区,大兴区,32.0,10.9
2024-06-27 18:59:01,2024-06-27 19:05:01,西城区,海淀区,17.8,2.7
2024-06-17 11:05:56,2024-06-17 11:15:56,大兴区,海淀区,24.5,6.1
2024-06-18 19:14:29,2024-06-18 19:29:29,丰台区,房山区,31.1,9.3
2024-06-10 17:16:30,2024-06-10 17:29:30,顺义区,门头沟区,26.0,8.2
2024-06-21 08:09:23,2024-06-21 08:42:23,丰台区,东城区,44.4,14.7
2024-06-28 14:39:06,2024-06-28 14:57:06,通州区,门头沟区,42.8,15.1
2024-06-30 07:40:11,2024-06-30 08:16:11,通州区,通州区,38.6,12.0
2024-07-01 09:58:46,2024-07-01 10:08:46,昌平区,西城区,22.4,6.8
2024-06-30 18:19:38,2024-06-30 18:22:38,房山区,东城区,17.2,1.0
2024-06-07 17:52:24,2024-06-07 18:41:24,海淀区,昌平区,58.4,21.7
2024-06-07 16:36:30,2024-06-07 16:40:30,朝阳区,海淀区,17.3,3.8
2024-06-23 19:46:58,2024-06-23 19:52:58,通州区,西城区,14.4,3.2
2024-06-30 12:29:49,2024-06-30 13:06:49,房山区,通州区,28.6,8.0
2024-06-11 12:22:46,2024-06-11 12:28:46,房山区,通州区,23.5,6.0
2024-06-04 17:18:16,2024-06-04 17:25:16,丰台区,朝阳区,15.0,2.7
2024-06-27 06:54:30,2024-06-27 07:05:30,朝阳区,朝阳区,23.8,6.4
2024-06-08 18:42:27,2024-06-08 18:51:27,顺义区,海淀区,19.9,6.0
2024-06-26 11:27:14,2024-06-26 11:35:14,顺义区,通州区,20.0,4.9
2024-06-14 14:26:17,2024-06-14 15:02:17,昌平区,房山区,43.5,15.8
2024-06-02 17:09:58,2024-06-02 17:35:58,海淀区,石景山区,49.6,17.1
2024-06-03 17:13:15,2024-06-03 17:24:15,西城区,东城区,22.4,5.1
2024-06-13 18:41:04,2024-06-13 18:59:04,石景山区,昌平区,26.3,6.9
2024-06-11 08:53:19,2024-06-11 09:16:19,丰台区,丰台区,40.6,13.4
2024-06-19 12:14:49,2024-06-19 12:20:49,海淀区,东城区,16.1,3.6
2024-06-16 11:37:30,2024-06-16 11:58:30,西城区,丰台区,28.2,8.8
2024-06-12 12:59:10,2024-06-12 13:15:10,东城区,东城区,30.2,9.6
2024-06-29 17:45:01,2024-06-29 17:59:01,顺义区,石景山区,18.7,4.9
2024-06-09 09:23:36,2024-06-09 10:05:36,通州区,西城区,37.5,11.8
2024-06-29 16:28:10,2024-06-29 16:31:10,朝阳区,海淀区,15.4,1.4
2024-06-23 16:20:46,2024-06-23 16:23:46,海淀区,朝阳区,14.2,1.0
2024-06-28 23:02:33,2024-06-28 23:08:33,昌平区,丰台区,20.3,4.3
2024-06-01 12:48:38,2024-06-01 12:51:38,西城区,昌平区,15.4,1.0
2024-06-23 13:06:01,2024-06-23 13:16:01,朝阳区,门头沟区,21.8,6.0
2024-06-01 09:02:43,2024-06-01 09:34:43,海淀区,海淀区,45.9,15.2
2024-06-13 04:24:00,2024-06-13 05:07:00,通州区,西城区,37.5,12.5
2024-06-08 17:32:16,2024-06-08 18:13:16,东城区,通州区,32.0,10.9
2024-06-26 07:22:55,2024-06-26 08:46:55,昌平区,昌平区,49.7,18.6
2024-06-05 17:25:03,2024-06-05 17:42:03,朝阳区,朝阳区,34.6,11.5
2024-06-26 05:58:33,2024-06-26 06:23:33,顺义区,西城区,34.1,11.3
2024-06-18 17:43:48,2024-06-18 17:53:48,丰台区,丰台区,19.3,5.5
2024-06-27 15:05:13,2024-06-27 15:15:13,通州区,房山区,24.4,6.6
2024-06-18 11:46:09,2024-06-18 12:10:09,昌平区,昌平区,35.3,12.0
2024-06-02 07:39:25,2024-06-02 07:49:25,朝阳区,海淀区,20.9,5.0
2024-06-15 17:33:25,2024-06-15 18:33:25,通州区,房山区,43.9,15.8
2024-06-04 19:17:15,2024-06-04 19:31:15,朝阳区,朝阳区,30.8,10.3
2024-06-08 07:28:32,2024-06-08 08:19:32,东城区,昌平区,28.8,8.5
2024-06-17 18:17:22,2024-06-17 18:44:22,海淀区,门头沟区,44.8,15.6
2024-06-24 13:18:51,2024-06-24 13:36:51,朝阳区,石景山区,31.2,10.3
2024-06-18 17:02:51,2024-06-18 17:17:51,门头沟区,东城区,27.0,8.0
2024-06-04 12:39:17,2024-06-04 12:55:17,昌平区,昌平区,24.2,7.7
2024-06-15 06:19:32,2024-06-15 06:30:32,昌平区,石景山区,27.3,7.5
2024-06-30 07:44:59,2024-06-30 07:53:59,大兴区,东城区,13.2,2.2
2024-06-06 15:09:11,2024-06-06 15:24:11,朝阳区,昌平区,22.7,6.7
2024-06-05 11:22:23,2024-06-05 11:31:23,西城区,丰台区,23.2,7.2
2024-06-27 18:27:44,2024-06-27 18:30:44,海淀区,昌平区,14.6,1.0
2024-06-05 10:25:06,2024-06-05 10:39:06,丰台区,大兴区,23.7,7.0
2024-06-05 18:17:15,2024-06-05 18:30:15,门头沟区,顺义区,18.0,4.6
2024-06-07 14:39:53,2024-06-07 14:48:53,西城区,通州区,17.0,3.0
2024-06-17 21:36:24,2024-06-17 22:12:24,丰台区,昌平区,46.3,15.4
2024-06-21 06:42:07,2024-06-21 07:00:07,丰台区,通州区,28.7,7.7
2024-06-10 13:38:43,2024-06-10 13:53:43,通州区,通州区,37.3,12.9
2024-06-21 22:09:44,2024-06-21 22:23:44,丰台区,东城区,25.1,6.8
2024-07-01 15:34:22,2024-07-01 15:46:22,门头沟区,通州区,29.3,8.1
2024-06-04 07:45:23,2024-06-04 07:58:23,西城区,大兴区,32.5,10.5
2024-06-21 13:41:44,2024-06-21 14:11:44,海淀区,西城区,32.6,10.2
2024-06-02 08:05:35,2024-06-02 08:13:35,朝阳区,门头沟区,23.8,6.0
2024-06-07 09:42:10,2024-06-07 09:53:10,通州区,门头沟区,20.5,4.1
2024-06-02 15:35:38,2024-06-02 15:38:38,海淀区,朝阳区,14.4,1.0
2024-06-21 13:37:53,2024-06-21 14:45:53,东城区,石景山区,47.6,17.0
2024-06-15 07:28:31,2024-06-15 07:42:31,东城区,门头沟区,13.1,2.4
2024-07-01 21:49:47,2024-07-01 22:39:47,朝阳区,通州区,39.2,12.5
2024-06-29 16:05:31,2024-06-29 16:19:31,房山区,丰台区,29.1,9.5
2024-06-08 17:42:50,2024-06-08 17:48:50,西城区,昌平区,19.3,3.8
2024-06-05 18:47:40,2024-06-05 18:58:40,丰台区,门头沟区,29.4,9.5
2024-06-25 23:00:27,2024-06-25 23:14:27,丰台区,石景山区,23.8,6.3
2024-06-30 11:55:42,2024-06-30 12:24:42,朝阳区,通州区,39.6,14.1
2024-06-20 09:43:56,2024-06-20 10:09:56,海淀区,大兴区,33.9,11.8
2024-06-04 11:02:38,2024-06-04 11:12:38,海淀区,石景山区,20.2,5.1
2024-06-28 11:46:47,2024-06-28 12:20:47,海淀区,大兴区,35.5,12.1
2024-06-20 18:46:22,2024-06-20 19:42:22,东城区,石景山区,38.8,12.3
2024-06-16 18:57:57,2024-06-16 19:29:57,昌平区,丰台区,21.6,5.3
2024-06-11 11:46:58,2024-06-11 12:16:58,朝阳区,大兴区,37.1,11.5
2024-06-16 10:24:40,2024-06-16 10:27:40,东城区,昌平区,14.9,1.0
2024-06-10 13:02:42,2024-06-10 13:19:42,朝阳区,海淀区,22.7,7.0
2024-06-01 18:38:06,2024-06-01 18:53:06,西城区,东城区,24.0,6.5
2024-06-05 16:11:55,2024-06-05 16:22:55,石景山区,海淀区,21.9,6.3
2024-06-30 11:00:50,2024-06-30 11:31:50,朝阳区,朝阳区,21.8,5.7
2024-06-19 10:26:24,2024-06-19 10:51:24,石景山区,海淀区,36.3,12.4
2024-06-10 16:27:22,2024-06-10 16:32:22,海淀区,丰台区,17.2,3.2
2024-06-27 09:33:05,2024-06-27 10:28:05,顺义区,昌平区,40.6,14.5
2024-06-28 13:15:10,2024-06-28 13:47:10,西城区,房山区,29.8,10.1
2024-06-20 16:52:39,2024-06-20 17:07:39,海淀区,房山区,27.1,7.1
2024-06-17 17:53:30,2024-06-17 18:01:30,朝阳区,海淀区,14.9,3.5
2024-06-29 16:50:34,2024-06-29 17:08:34,东城区,房山区,28.8,8.6
2024-06-12 07:47:19,2024-06-12 08:51:19,大兴区,西城区,41.3,14.4
2024-06-12 11:28:14,2024-06-12 11:35:14,朝阳区,门头沟区,21.0,5.6
2024-06-13 18:03:22,2024-06-13 18:13:22,东城区,昌平区,29.7,9.8
2024-06-16 09:56:46,2024-06-16 10:09:46,东城区,东城区,25.1,7.0
2024-06-27 18:30:26,2024-06-27 18:42:26,通州区,丰台区,25.2,6.9
2024-06-20 13:42:42,2024-06-20 14:29:42,昌平区,大兴区,49.3,16.7
2024-06-14 18:14:13,2024-06-14 18:35:13,西城区,朝阳区,28.3,7.6
2024-06-18 17:36:39,2024-06-18 17:39:39,通州区,东城区,15.2,1.0
2024-06-05 20:13:48,2024-06-05 20:40:48,朝阳区,海淀区,39.3,13.2
2024-06-13 15:42:17,2024-06-13 15:52:17,海淀区,石景山区,18.2,5.2
2024-06-18 07:26:17,2024-06-18 07:48:17,朝阳区,房山区,32.4,9.5
2024-06-28 17:46:22,2024-06-28 18:04:22,西城区,房山区,23.9,7.2
2024-06-24 13:00:11,2024-06-24 13:10:11,昌平区,东城区,19.0,4.5
2024-06-27 18:06:01,2024-06-27 18:29:01,海淀区,东城区,23.0,5.5
2024-06-16 13:21:31,2024-06-16 13:24:31,朝阳区,门头沟区,15.1,1.0
2024-06-24 08:46:20,2024-06-24 08:50:20,朝阳区,大兴区,16.0,2.8
2024-06-21 17:11:41,2024-06-21 17:22:41,朝阳区,大兴区,18.9,4.3
2024-06-26 09:09:42,2024-06-26 09:13:42,朝阳区,昌平区,14.8,2.8
2024-06-22 18:32:02,2024-06-22 19:01:02,朝阳区,石景山区,19.9,5.6
2024-06-11 10:22:35,2024-06-11 10:29:35,丰台区,通州区,21.1,5.9
2024-06-21 18:27:17,2024-06-21 18:56:17,海淀区,朝阳区,41.0,15.1
2024-06-04 19:47:50,2024-06-04 19:53:50,东城区,丰台区,18.2,4.1
2024-06-22 13:15:00,2024-06-22 13:49:00,丰台区,通州区,38.8,12.3
2024-06-08 12:15:18,2024-06-08 12:39:18,石景山区,大兴区,32.6,11.0
2024-06-20 16:02:40,2024-06-20 16:42:40,大兴区,朝阳区,35.4,11.7
2024-06-22 13:09:05,2024-06-22 13:19:05,西城区,东城区,22.8,6.7
2024-06-13 08:53:33,2024-06-13 09:10:33,大兴区,昌平区,30.8,9.8
2024-06-07 00:46:14,2024-06-07 01:11:14,大兴区,门头沟区,38.1,12.3
2024-06-07 09:43:47,2024-06-07 10:08:47,东城区,顺义区,28.4,9.4
2024-06-15 16:34:12,2024-06-15 17:05:12,东城区,西城区,27.4,9.1
2024-06-27 13:10:47,2024-06-27 13:18:47,西城区,朝阳区,16.4,2.5
2024-06-02 08:15:21,2024-06-02 08:46:21,海淀区,朝阳区,29.3,10.0
2024-06-07 11:27:14,2024-06-07 12:23:14,朝阳区,西城区,49.9,17.7
2024-06-14 19:55:04,2024-06-14 20:36:04,海淀区,丰台区,39.4,12.8
2024-06-03 10:14:29,2024-06-03 10:32:29,通州区,石景山区,26.4,8.7
2024-06-12 08:03:32,2024-06-12 08:19:32,丰台区,通州区,25.6,7.2
2024-06-05 13:25:09,2024-06-05 13:48:09,西城区,顺义区,33.9,10.1
2024-06-20 13:34:19,2024-06-20 13:37:19,海淀区,石景山区,13.6,1.0
2024-06-30 12:42:53,2024-06-30 12:49:53,西城区,门头沟区,14.4,2.6
2024-06-09 14:08:08,2024-06-09 14:21:08,东城区,房山区,33.4,11.5
2024-06-21 14:09:48,2024-06-21 14:13:48,海淀区,大兴区,15.3,1.0
2024-06-28 21:37:45,2024-06-28 21:55:45,房山区,西城区,19.7,5.4
2024-06-07 07:48:20,2024-06-07 07:51:20,大兴区,海淀区,13.8,1.0
2024-06-05 14:28:49,2024-06-05 14:31:49,朝阳区,朝阳区,14.6,1.0
2024-06-27 08:04:34,2024-06-27 08:25:34,通州区,大兴区,39.0,14.0
2024-06-03 19:39:43,2024-06-03 19:49:43,朝阳区,海淀区,20.5,5.3
2024-06-13 17:12:36,2024-06-13 17:24:36,丰台区,丰台区,26.4,6.9
2024-06-28 17:02:34,2024-06-28 17:07:34,石景山区,大兴区,14.9,3.1
2024-06-28 07:58:10,2024-06-28 08:17:10,海淀区,丰台区,37.9,13.5
2024-06-13 08:59:10,2024-06-13 09:02:10,西城区,朝阳区,17.2,1.0
2024-06-01 07:44:38,2024-06-01 08:14:38,大兴区,海淀区,44.5,15.5
2024-06-25 18:39:39,2024-06-25 19:04:39,朝阳区,顺义区,32.8,11.5
2024-07-01 08:18:42,2024-07-01 08:30:42,海淀区,大兴区,22.3,6.4
2024-06-07 07:32:59,2024-06-07 07:57:59,石景山区,朝阳区,40.1,13.0
2024-06-14 14:41:11,2024-06-14 14:58:11,海淀区,朝阳区,14.9,3.1
2024-06-03 11:30:30,2024-06-03 11:47:30,顺义区,海淀区,35.2,12.0
2024-06-03 08:30:25,2024-06-03 08:34:25,西城区,通州区,14.5,1.0
2024-06-15 07:36:59,2024-06-15 07:51:59,朝阳区,门头沟区,25.4,6.3
2024-06-21 09:05:37,2024-06-21 09:08:37,西城区,东城区,16.2,1.0
2024-06-21 17:05:03,2024-06-21 17:28:03,朝阳区,丰台区,27.4,8.8
2024-06-19 12:56:25,2024-06-19 13:18:25,海淀区,大兴区,28.0,9.2
2024-06-28 15:20:37,2024-06-28 15:41:37,丰台区,东城区,35.7,10.7
2024-06-27 14:19:10,2024-06-27 14:40:10,丰台区,昌平区,37.5,11.5
2024-06-21 09:47:40,2024-06-21 09:59:40,顺义区,通州区,24.2,7.1
2024-06-20 21:51:33,2024-06-20 22:11:33,东城区,石景山区,37.0,12.0
2024-06-04 23:23:21,2024-06-04 23:59:21,门头沟区,海淀区,53.9,20.5
2024-06-30 16:39:24,2024-06-30 17:38:24,海淀区,大兴区,44.0,15.4
2024-06-21 05:55:25,2024-06-21 06:18:25,房山区,大兴区,28.0,9.3
2024-06-30 22:54:55,2024-06-30 23:35:55,通州区,大兴区,39.1,14.1
2024-06-13 16:49:46,2024-06-13 17:02:46,朝阳区,顺义区,17.6,3.5
2024-06-26 15:20:56,2024-06-26 15:36:56,丰台区,门头沟区,31.9,10.7
2024-06-17 12:40:29,2024-06-17 12:52:29,海淀区,朝阳区,28.0,8.3
2024-06-20 10:25:15,2024-06-20 10:36:15,门头沟区,昌平区,24.0,7.7
2024-06-09 11:55:00,2024-06-09 12:02:00,朝阳区,昌平区,18.2,4.3
2024-06-09 19:16:07,2024-06-09 19:45:07,东城区,通州区,58.8,22.8
2024-06-27 22:32:46,2024-06-27 22:56:46,顺义区,昌平区,37.0,13.4
2024-06-14 08:04:25,2024-06-14 08:21:25,通州区,朝阳区,29.9,8.6
2024-06-03 12:07:09,2024-06-03 12:10:09,昌平区,石景山区,17.8,1.0
2024-06-12 13:24:13,2024-06-12 13:48:13,西城区,石景山区,34.2,10.9
2024-06-26 13:40:50,2024-06-26 13:56:50,朝阳区,西城区,34.8,11.0
2024-06-09 13:00:36,2024-06-09 13:03:36,丰台区,海淀区,16.4,1.0
2024-06-05 18:21:14,2024-06-05 18:35:14,顺义区,丰台区,22.7,5.5
2024-06-15 20:02:02,2024-06-15 20:20:02,大兴区,顺义区,41.3,13.3
2024-06-07 08:21:28,2024-06-07 08:30:28,朝阳区,门头沟区,26.3,7.7
2024-07-01 14:20:30,2024-07-01 14:31:30,海淀区,顺义区,28.7,9.6
2024-06-17 19:26:10,2024-06-17 19:29:10,朝阳区,丰台区,15.6,1.0
2024-06-09 09:50:36,2024-06-09 10:06:36,海淀区,朝阳区,27.4,7.8
2024-06-07 14:04:49,2024-06-07 14:24:49,朝阳区,门头沟区,28.4,8.0
2024-07-01 08:34:31,2024-07-01 08:46:31,丰台区,门头沟区,24.1,6.9
2024-06-30 17:09:40,2024-06-30 17:51:40,丰台区,昌平区,42.8,15.9
2024-06-07 09:23:41,2024-06-07 09:29:41,昌平区,顺义区,18.8,3.6
2024-07-01 18:05:24,2024-07-01 18:23:24,丰台区,东城区,19.2,4.7
2024-06-02 15:43:08,2024-06-02 15:55:08,海淀区,丰台区,24.1,7.3
2024-06-13 09:01:51,2024-06-13 09:04:51,丰台区,昌平区,17.9,1.0
2024-06-02 14:28:33,2024-06-02 15:10:33,通州区,西城区,47.3,17.6
2024-07-01 18:21:23,2024-07-01 18:48:23,朝阳区,西城区,28.1,9.1
2024-06-15 09:20:57,2024-06-15 09:40:57,西城区,西城区,32.3,11.3
2024-06-08 14:29:24,2024-06-08 14:32:24,东城区,东城区,17.0,1.0
2024-06-25 20:16:33,2024-06-25 21:03:33,朝阳区,丰台区,55.8,20.0
2024-06-09 20:08:28,2024-06-09 20:37:28,顺义区,东城区,26.3,7.1
2024-06-14 19:15:24,2024-06-14 20:01:24,朝阳区,石景山区,52.6,18.1
2024-06-19 13:05:15,2024-06-19 13:27:15,东城区,门头沟区,32.1,11.0
2024-06-11 19:30:09,2024-06-11 19:45:09,海淀区,海淀区,22.8,6.4
2024-06-04 11:01:26,2024-06-04 11:33:26,海淀区,通州区,29.2,9.8
2024-06-19 19:23:05,2024-06-19 19:43:05,朝阳区,西城区,30.1,9.8
2024-06-20 08:05:09,2024-06-20 08:24:09,西城区,海淀区,44.4,15.7
2024-06-17 18:05:58,2024-06-17 18:16:58,门头沟区,西城区,25.8,7.4
2024-06-15 17:38:56,2024-06-15 17:56:56,东城区,昌平区,28.1,8.1
2024-06-27 16:24:20,2024-06-27 16:27:20,大兴区,大兴区,16.1,1.0
2024-06-19 13:37:29,2024-06-19 13:52:29,海淀区,朝阳区,31.9,10.5
2024-06-23 11:51:22,2024-06-23 12:03:22,大兴区,门头沟区,17.9,4.8
2024-06-22 09:40:27,2024-06-22 09:46:27,西城区,丰台区,15.6,2.9
2024-06-29 21:20:49,2024-06-29 21:33:49,朝阳区,东城区,25.7,8.1
2024-06-18 13:38:12,2024-06-18 13:46:12,朝阳区,石景山区,18.8,4.7
2024-06-04 13:20:44,2024-06-04 13:23:44,石景山区,门头沟区,16.8,1.0
2024-06-05 19:01:09,2024-06-05 19:46:09,海淀区,房山区,45.7,15.3
2024-06-18 14:15:19,2024-06-18 14:23:19,石景山区,石景山区,13.5,2.8
2024-06-08 14:21:31,2024-06-08 14:27:31,朝阳区,朝阳区,15.9,3.7
2024-06-12 17:24:37,2024-06-12 17:41:37,东城区,昌平区,20.6,5.8
2024-06-03 08:19:05,2024-06-03 08:37:05,海淀区,顺义区,24.1,7.7
2024-06-25 16:03:24,2024-06-25 17:00:24,西城区,西城区,30.3,9.5
2024-06-03 12:11:08,2024-06-03 12:19:08,房山区,海淀区,21.1,5.1
2024-06-01 17:01:38,2024-06-01 17:25:38,东城区,石景山区,19.8,5.6
2024-06-17 14:34:48,2024-06-17 14:50:48,西城区,大兴区,42.6,13.8
2024-06-04 07:48:09,2024-06-04 07:59:09,通州区,石景山区,20.2,6.1
2024-06-27 13:26:24,2024-06-27 13:37:24,丰台区,通州区,26.8,8.5
2024-06-03 11:48:35,2024-06-03 12:06:35,西城区,通州区,20.6,4.7
2024-06-02 11:16:20,2024-06-02 11:48:20,大兴区,昌平区,44.8,14.7
2024-06-09 18:39:37,2024-06-09 18:42:37,朝阳区,石景山区,15.9,1.0
2024-06-17 09:15:05,2024-06-17 09:25:05,海淀区,朝阳区,24.0,6.3
2024-06-22 07:59:40,2024-06-22 08:17:40,海淀区,石景山区,30.2,9.7
2024-06-26 16:41:24,2024-06-26 16:44:24,海淀区,朝阳区,14.4,1.0
2024-06-12 14:38:03,2024-06-12 14:55:03,朝阳区,房山区,27.2,8.3
2024-06-16 09:12:09,2024-06-16 09:15:09,朝阳区,朝阳区,15.3,1.0
2024-07-01 09:40:38,2024-07-01 10:19:38,东城区,朝阳区,45.2,15.5
2024-06-25 11:27:28,2024-06-25 11:30:28,朝阳区,大兴区,13.1,1.0
2024-06-04 09:28:12,2024-06-04 09:40:12,顺义区,昌平区,18.2,5.1
2024-06-10 05:04:14,2024-06-10 05:09:14,朝阳区,东城区,16.7,3.2
2024-06-02 07:32:49,2024-06-02 07:44:49,昌平区,丰台区,17.5,4.5
2024-07-01 19:21:02,2024-07-01 19:31:02,东城区,房山区,23.5,7.1
2024-06-04 18:33:12,2024-06-04 18:36:12,海淀区,通州区,16.7,1.0
2024-06-23 14:59:57,2024-06-23 15:27:57,东城区,海淀区,28.7,9.0
2024-06-26 17:56:10,2024-06-26 18:43:10,朝阳区,昌平区,48.9,18.5
2024-06-25 11:14:46,2024-06-25 11:34:46,通州区,海淀区,37.7,13.1
2024-06-04 17:47:23,2024-06-04 18:21:23,丰台区,西城区,42.5,13.9
2024-06-17 15:30:29,2024-06-17 15:42:29,丰台区,大兴区,16.9,4.2
2024-06-29 07:20:44,2024-06-29 07:46:44,东城区,石景山区,26.4,8.6
2024-06-16 09:44:09,2024-06-16 09:53:09,房山区,房山区,14.8,3.1
2024-06-19 19:53:30,2024-06-19 20:02:30,丰台区,海淀区,24.6,8.0
2024-06-04 10:33:00,2024-06-04 10:36:00,丰台区,顺义区,17.2,1.0
2024-06-20 13:37:01,2024-06-20 13:48:01,海淀区,房山区,29.9,8.3
2024-06-16 17:04:01,2024-06-16 17:13:01,昌平区,东城区,23.4,5.5
2024-06-05 11:47:12,2024-06-05 12:12:12,昌平区,东城区,26.7,8.4
2024-06-19 07:06:11,2024-06-19 07:20:11,海淀区,东城区,28.8,8.0
2024-06-29 14:00:22,2024-06-29 14:16:22,海淀区,西城区,33.2,11.3
2024-06-22 09:14:34,2024-06-22 09:22:34,海淀区,丰台区,18.8,3.6
2024-06-11 12:37:45,2024-06-11 12:49:45,东城区,朝阳区,19.7,5.5
2024-06-30 07:52:41,2024-06-30 08:19:41,海淀区,石景山区,39.3,12.4
2024-06-19 10:29:33,2024-06-19 10:50:33,丰台区,大兴区,45.7,15.6
2024-06-15 11:54:18,2024-06-15 11:57:18,大兴区,门头沟区,13.9,1.4
2024-06-12 09:03:18,2024-06-12 09:18:18,东城区,房山区,20.9,5.4
2024-06-02 07:36:20,2024-06-02 07:54:20,石景山区,顺义区,28.7,7.8
2024-06-03 23:42:28,2024-06-03 23:59:28,东城区,朝阳区,26.1,8.5
2024-06-28 14:13:17,2024-06-28 14:19:17,大兴区,通州区,13.4,3.0
2024-06-07 17:35:26,2024-06-07 18:03:26,东城区,朝阳区,44.2,14.4
2024-06-23 17:35:06,2024-06-23 17:55:06,海淀区,海淀区,25.8,8.1
2024-06-06 04:52:37,2024-06-06 05:08:37,昌平区,朝阳区,28.5,7.8
2024-06-14 17:40:34,2024-06-14 17:48:34,海淀区,房山区,20.0,4.9
2024-06-16 11:23:15,2024-06-16 11:49:15,石景山区,海淀区,57.4,21.7
2024-06-02 11:13:51,2024-06-02 11:23:51,朝阳区,昌平区,17.4,3.0
2024-06-15 17:48:51,2024-06-15 18:03:51,海淀区,通州区,27.7,7.5
2024-06-19 09:34:23,2024-06-19 10:24:23,通州区,西城区,47.4,16.1
2024-06-19 02:39:28,2024-06-19 03:05:28,朝阳区,房山区,27.6,7.7
2024-06-22 21:51:03,2024-06-22 22:00:03,朝阳区,顺义区,20.8,4.6
2024-06-25 07:38:57,2024-06-25 07:48:57,东城区,东城区,21.8,5.6
2024-06-01 09:56:47,2024-06-01 10:11:47,房山区,海淀区,22.3,6.7
2024-06-16 13:03:57,2024-06-16 13:32:57,西城区,门头沟区,41.0,14.2
2024-07-01 13:29:27,2024-07-01 13:43:27,海淀区,海淀区,31.3,10.9
2024-06-12 13:15:36,2024-06-12 13:18:36,朝阳区,海淀区,13.9,1.1
2024-06-23 13:44:34,2024-06-23 14:18:34,丰台区,顺义区,47.3,16.9
2024-06-13 19:21:44,2024-06-13 19:38:44,西城区,朝阳区,32.0,10.4
2024-06-15 17:16:58,2024-06-15 17:20:58,海淀区,东城区,13.1,2.2
2024-06-01 13:40:45,2024-06-01 13:59:45,东城区,西城区,32.8,9.8
2024-06-13 07:42:02,2024-06-13 08:24:02,门头沟区,大兴区,30.5,10.4
2024-06-07 12:59:27,2024-06-07 13:03:27,海淀区,丰台区,17.4,3.8
2024-06-23 22:41:04,2024-06-23 22:44:04,朝阳区,大兴区,14.8,1.0
2024-06-28 09:50:14,2024-06-28 10:13:14,大兴区,昌平区,34.4,11.0
2024-06-13 23:33:23,2024-06-14 00:04:23,海淀区,东城区,19.2,5.2
2024-06-10 09:09:16,2024-06-10 09:16:16,西城区,西城区,18.0,5.0
2024-06-18 10:37:39,2024-06-18 11:11:39,朝阳区,大兴区,35.3,12.5
2024-06-16 00:46:45,2024-06-16 01:04:45,海淀区,石景山区,25.4,8.4
2024-06-11 06:37:16,2024-06-11 07:09:16,海淀区,丰台区,47.6,17.3
2024-06-29 08:21:08,2024-06-29 08:44:08,西城区,大兴区,33.3,11.4
2024-06-02 13:00:32,2024-06-02 13:05:32,朝阳区,朝阳区,18.5,3.7
2024-06-12 11:54:51,2024-06-12 12:12:51,西城区,东城区,38.3,11.9
2024-06-11 17:10:13,2024-06-11 17:28:13,东城区,昌平区,31.8,9.1
2024-06-22 16:47:14,2024-06-22 17:06:14,朝阳区,东城区,40.2,12.7
2024-06-29 17:38:25,2024-06-29 17:56:25,朝阳区,丰台区,45.4,15.2
2024-06-22 17:43:27,2024-06-22 17:57:27,房山区,海淀区,28.0,9.1
2024-06-15 19:12:03,2024-06-15 19:24:03,西城区,房山区,29.6,8.3
2024-06-08 18:29:21,2024-06-08 19:01:21,朝阳区,通州区,39.1,13.8
2024-06-23 18:56:41,2024-06-23 19:15:41,朝阳区,朝阳区,30.8,9.6
2024-06-04 19:44:29,2024-06-04 19:58:29,朝阳区,门头沟区,25.2,6.3
2024-06-22 11:24:24,2024-06-22 11:49:24,朝阳区,房山区,35.2,10.7
2024-06-02 18:10:11,2024-06-02 18:13:11,朝阳区,昌平区,15.2,1.1
2024-06-03 23:55:29,2024-06-03 23:58:29,昌平区,顺义区,15.1,1.0
2024-06-07 23:55:43,2024-06-08 00:08:43,房山区,西城区,23.6,5.7
2024-06-18 16:00:53,2024-06-18 16:49:53,朝阳区,昌平区,52.7,20.0
2024-06-13 15:31:16,2024-06-13 15:45:16,西城区,门头沟区,28.0,8.0
2024-06-12 17:35:33,2024-06-12 17:39:33,通州区,昌平区,16.6,1.1
2024-06-04 11:44:01,2024-06-04 11:54:01,昌平区,昌平区,18.8,4.9
2024-06-27 17:50:18,2024-06-27 18:33:18,海淀区,海淀区,38.6,13.6
2024-06-02 17:13:37,2024-06-02 17:18:37,海淀区,石景山区,14.3,3.2
2024-06-24 17:00:59,2024-06-24 17:18:59,石景山区,丰台区,34.1,11.5
2024-06-05 15:49:09,2024-06-05 16:02:09,顺义区,顺义区,18.5,4.5
2024-06-08 14:20:08,2024-06-08 14:42:08,朝阳区,西城区,23.4,6.3
2024-06-05 12:44:33,2024-06-05 12:57:33,通州区,顺义区,29.3,9.5
2024-07-01 11:49:36,2024-07-01 11:56:36,西城区,西城区,17.2,1.8
2024-06-13 11:09:37,2024-06-13 11:12:37,门头沟区,房山区,13.5,1.0
2024-07-01 10:32:41,2024-07-01 10:35:41,朝阳区,石景山区,15.5,1.0
2024-06-28 16:57:21,2024-06-28 17:04:21,西城区,朝阳区,13.3,3.0
2024-06-04 07:15:06,2024-06-04 07:35:06,朝阳区,西城区,20.3,6.1
2024-06-13 15:07:44,2024-06-13 15:10:44,东城区,丰台区,15.5,1.0
2024-06-01 11:29:10,2024-06-01 11:32:10,东城区,石景山区,16.9,1.0
2024-06-26 16:25:58,2024-06-26 16:46:58,门头沟区,顺义区,38.6,12.7
2024-06-04 15:15:22,2024-06-04 16:09:22,西城区,东城区,38.7,12.8
2024-06-21 19:09:21,2024-06-21 19:33:21,房山区,门头沟区,35.9,12.0
2024-06-18 08:46:51,2024-06-18 09:09:51,东城区,丰台区,32.9,11.4
2024-06-11 14:18:19,2024-06-11 14:22:19,朝阳区,海淀区,13.6,2.7
2024-06-17 14:29:17,2024-06-17 14:38:17,朝阳区,大兴区,21.9,5.7
2024-06-12 15:47:48,2024-06-12 15:52:48,朝阳区,通州区,14.9,2.7
2024-06-16 12:28:24,2024-06-16 12:37:24,海淀区,西城区,21.5,6.1
2024-06-22 08:08:33,2024-06-22 08:30:33,朝阳区,东城区,22.7,6.5
2024-06-18 18:16:02,2024-06-18 19:16:02,海淀区,东城区,46.5,17.0
2024-06-12 07:10:40,2024-06-12 07:13:40,朝阳区,西城区,13.5,1.1
2024-06-24 10:51:17,2024-06-24 11:06:17,西城区,朝阳区,20.9,6.0
2024-06-15 08:15:51,2024-06-15 08:18:51,顺义区,大兴区,14.5,1.0
2024-06-02 16:24:48,2024-06-02 16:40:48,朝阳区,丰台区,25.3,7.6
2024-06-16 06:14:35,2024-06-16 06:42:35,门头沟区,顺义区,53.2,18.3
2024-06-14 17:02:51,2024-06-14 17:47:51,通州区,门头沟区,40.5,14.1
2024-06-08 11:36:51,2024-06-08 11:39:51,东城区,大兴区,13.1,1.0
2024-06-11 09:54:01,2024-06-11 09:59:01,西城区,海淀区,20.0,4.1
2024-06-12 04:17:35,2024-06-12 04:32:35,海淀区,西城区,20.8,6.4
2024-06-20 22:09:18,2024-06-20 22:19:18,顺义区,石景山区,28.7,9.4
2024-06-29 20:13:18,2024-06-29 20:31:18,海淀区,大兴区,34.2,10.2
2024-06-22 09:36:27,2024-06-22 09:39:27,西城区,通州区,16.1,2.3
2024-06-11 18:53:21,2024-06-11 18:56:21,海淀区,海淀区,15.3,1.0
2024-06-14 08:36:16,2024-06-14 08:50:16,朝阳区,海淀区,24.3,7.2
2024-06-22 09:53:41,2024-06-22 11:06:41,通州区,房山区,34.7,12.2
2024-06-07 18:40:17,2024-06-07 19:15:17,西城区,门头沟区,39.7,13.9
2024-06-11 11:38:50,2024-06-11 12:33:50,大兴区,石景山区,49.7,17.9
2024-06-27 17:57:52,2024-06-27 18:00:52,西城区,朝阳区,16.9,1.0
2024-06-21 12:24:09,2024-06-21 12:54:09,东城区,昌平区,47.3,16.2
2024-06-24 17:20:23,2024-06-24 17:23:23,丰台区,丰台区,17.2,1.0
2024-06-14 14:42:51,2024-06-14 14:48:51,大兴区,海淀区,17.9,1.0
2024-06-05 12:24:12,2024-06-05 12:33:12,大兴区,石景山区,23.1,5.8
2024-06-27 08:16:03,2024-06-27 08:26:03,石景山区,昌平区,24.0,7.0
2024-06-29 09:08:50,2024-06-29 09:17:50,大兴区,昌平区,18.1,3.2
2024-06-19 09:24:00,2024-06-19 09:47:00,顺义区,门头沟区,34.2,12.2
2024-06-17 21:21:27,2024-06-17 22:33:27,朝阳区,海淀区,44.1,16.1
2024-06-07 09:57:29,2024-06-07 10:01:29,丰台区,房山区,15.0,1.5
2024-06-08 17:13:19,2024-06-08 17:24:19,海淀区,大兴区,22.4,6.6
2024-06-25 13:51:20,2024-06-25 14:15:20,通州区,石景山区,29.4,9.7
2024-06-24 08:30:58,2024-06-24 08:35:58,石景山区,西城区,20.0,4.9
2024-06-24 11:40:32,2024-06-24 11:58:32,通州区,东城区,27.0,8.5
2024-06-26 08:43:44,2024-06-26 08:51:44,西城区,房山区,17.2,4.0
2024-06-26 10:34:37,2024-06-26 10:42:37,朝阳区,通州区,25.0,6.6
2024-06-13 07:16:15,2024-06-13 07:21:15,石景山区,大兴区,13.5,2.1
2024-06-07 16:04:35,2024-06-07 16:17:35,西城区,海淀区,27.4,8.3
2024-06-30 09:53:13,2024-06-30 10:22:13,大兴区,昌平区,35.0,12.5
2024-06-01 11:08:39,2024-06-01 11:19:39,朝阳区,房山区,22.9,6.1
2024-06-27 15:47:12,2024-06-27 16:09:12,东城区,东城区,41.0,13.9
2024-06-14 17:30:37,2024-06-14 17:51:37,朝阳区,海淀区,28.4,9.4
2024-06-25 17:05:55,2024-06-25 17:23:55,东城区,石景山区,34.6,11.9
2024-06-03 12:35:40,2024-06-03 13:14:40,朝阳区,门头沟区,48.3,17.1
2024-06-27 13:26:03,2024-06-27 13:53:03,东城区,石景山区,23.2,5.5
2024-06-09 16:30:41,2024-06-09 16:53:41,东城区,顺义区,45.4,15.5
2024-06-08 13:43:26,2024-06-08 14:05:26,昌平区,东城区,20.9,6.1
2024-06-04 17:21:58,2024-06-04 17:57:58,石景山区,石景山区,46.2,17.4
2024-06-01 18:12:20,2024-06-01 18:43:20,顺义区,房山区,42.2,14.2
2024-06-11 18:16:57,2024-06-11 18:23:57,房山区,西城区,16.3,3.0
2024-06-01 14:20:53,2024-06-01 14:23:53,昌平区,昌平区,15.6,1.0
2024-06-21 13:51:22,2024-06-21 14:04:22,海淀区,通州区,21.6,5.7
2024-06-08 12:25:40,2024-06-08 12:28:40,门头沟区,东城区,14.9,1.0
2024-06-30 06:17:45,2024-06-30 06:25:45,房山区,朝阳区,18.5,4.1
2024-06-21 12:25:33,2024-06-21 12:43:33,通州区,顺义区,19.1,5.4
2024-06-18 15:01:56,2024-06-18 15:28:56,通州区,石景山区,42.1,14.4
2024-06-24 11:12:34,2024-06-24 11:20:34,昌平区,丰台区,17.8,3.5
2024-06-18 11:31:16,2024-06-18 12:22:16,西城区,朝阳区,59.7,21.4
2024-06-03 15:12:54,2024-06-03 15:38:54,朝阳区,东城区,53.3,19.4
2024-06-28 16:58:36,2024-06-28 17:06:36,朝阳区,海淀区,18.4,4.2
2024-06-17 07:50:20,2024-06-17 08:08:20,西城区,西城区,25.4,7.2
2024-06-26 15:02:24,2024-06-26 15:08:24,东城区,朝阳区,13.8,1.0
2024-06-01 13:07:51,2024-06-01 13:10:51,朝阳区,房山区,17.3,1.0
2024-06-23 19:56:53,2024-06-23 20:01:53,朝阳区,门头沟区,16.7,3.1
2024-06-25 13:39:58,2024-06-25 13:56:58,西城区,西城区,27.9,9.3
2024-06-24 08:08:44,2024-06-24 08:45:44,朝阳区,海淀区,40.9,13.4
2024-06-26 14:25:44,2024-06-26 14:53:44,昌平区,西城区,38.0,13.6
2024-06-26 18:12:47,2024-06-26 18:17:47,海淀区,通州区,13.9,3.4
2024-06-19 19:14:54,2024-06-19 19:47:54,西城区,海淀区,32.5,9.8
2024-06-06 11:33:18,2024-06-06 11:49:18,丰台区,房山区,37.6,12.3
2024-06-29 12:12:58,2024-06-29 12:24:58,门头沟区,朝阳区,24.8,6.2
2024-06-09 02:13:51,2024-06-09 02:18:51,西城区,房山区,16.5,1.9
2024-06-27 13:37:42,2024-06-27 14:01:42,通州区,石景山区,31.5,10.3
2024-06-21 07:30:03,2024-06-21 07:36:03,昌平区,朝阳区,14.3,3.1
2024-06-20 19:04:28,2024-06-20 19:36:28,海淀区,昌平区,31.3,9.5
2024-06-12 14:16:13,2024-06-12 14:35:13,西城区,顺义区,31.7,10.1
2024-06-10 13:50:22,2024-06-10 14:10:22,东城区,房山区,21.1,6.3
2024-06-18 12:02:46,2024-06-18 12:06:46,房山区,石景山区,14.2,2.5
2024-06-20 16:25:12,2024-06-20 16:42:12,通州区,通州区,31.9,10.5
2024-06-21 14:37:55,2024-06-21 14:52:55,朝阳区,海淀区,24.0,7.1
2024-06-05 14:07:14,2024-06-05 14:35:14,门头沟区,昌平区,38.0,12.8
2024-06-23 12:06:31,2024-06-23 12:18:31,石景山区,朝阳区,41.8,13.6
2024-06-24 19:59:03,2024-06-24 20:02:03,门头沟区,门头沟区,14.5,1.0
2024-06-21 17:59:31,2024-06-21 18:22:31,大兴区,石景山区,29.2,9.7
2024-06-11 18:46:08,2024-06-11 18:49:08,大兴区,大兴区,17.8,1.9
2024-06-13 13:35:24,2024-06-13 14:02:24,海淀区,朝阳区,37.6,13.5
2024-06-06 17:55:59,2024-06-06 18:11:59,丰台区,朝阳区,21.5,6.3
2024-06-01 19:39:14,2024-06-01 19:44:14,西城区,顺义区,17.2,3.9
2024-06-15 16:16:27,2024-06-15 16:23:27,门头沟区,门头沟区,15.4,2.7
2024-06-02 12:21:44,2024-06-02 13:10:44,大兴区,顺义区,34.4,11.1
2024-06-03 17:42:24,2024-06-03 18:02:24,朝阳区,丰台区,34.8,12.2
2024-06-19 17:37:30,2024-06-19 17:54:30,朝阳区,大兴区,36.5,12.7
2024-06-23 13:08:36,2024-06-23 13:37:36,石景山区,顺义区,54.5,20.6
2024-06-10 12:55:27,2024-06-10 13:02:27,西城区,大兴区,19.8,4.8
2024-07-01 13:59:23,2024-07-01 14:02:23,通州区,东城区,14.1,1.0
2024-06-10 17:08:48,2024-06-10 17:54:48,西城区,丰台区,41.2,13.3
2024-06-06 16:20:07,2024-06-06 16:42:07,东城区,通州区,32.0,11.1
2024-06-27 19:41:43,2024-06-27 19:59:43,海淀区,东城区,24.6,7.5
2024-06-30 15:46:48,2024-06-30 16:38:48,海淀区,石景山区,47.5,17.4
2024-06-21 17:06:34,2024-06-21 17:18:34,丰台区,丰台区,17.2,4.2
2024-06-29 17:26:20,2024-06-29 17:40:20,东城区,西城区,33.0,10.1
2024-06-05 11:53:39,2024-06-05 12:02:39,海淀区,顺义区,26.6,8.1
2024-06-20 09:09:09,2024-06-20 09:12:09,东城区,西城区,15.2,1.0
2024-06-18 11:56:17,2024-06-18 12:16:17,丰台区,顺义区,37.5,11.9
2024-06-21 11:56:07,2024-06-21 12:47:07,昌平区,东城区,53.0,19.0
2024-06-10 13:48:26,2024-06-10 14:21:26,朝阳区,昌平区,47.0,17.4
2024-06-03 08:33:25,2024-06-03 09:06:25,石景山区,通州区,45.5,15.1
2024-06-04 09:52:30,2024-06-04 09:57:30,顺义区,石景山区,19.3,5.4
2024-06-24 11:40:46,2024-06-24 11:52:46,通州区,海淀区,30.1,8.9
2024-06-05 09:06:59,2024-06-05 09:09:59,丰台区,西城区,15.9,1.0
2024-06-08 17:31:16,2024-06-08 17:44:16,海淀区,房山区,23.9,7.0
2024-06-29 07:09:44,2024-06-29 07:50:44,西城区,西城区,36.3,11.1
2024-06-03 07:20:54,2024-06-03 07:55:54,东城区,石景山区,38.1,13.4
2024-06-15 08:28:46,2024-06-15 08:42:46,朝阳区,海淀区,27.4,7.4
2024-06-19 09:31:31,2024-06-19 09:46:31,石景山区,房山区,28.0,7.4
2024-06-25 18:18:51,2024-06-25 18:49:51,东城区,石景山区,24.5,7.1
2024-06-24 16:09:10,2024-06-24 16:31:10,石景山区,海淀区,39.8,13.5
2024-06-30 18:17:34,2024-06-30 18:33:34,大兴区,房山区,23.0,6.8
2024-06-26 14:22:57,2024-06-26 14:47:57,朝阳区,大兴区,32.2,10.7
2024-06-03 07:41:56,2024-06-03 07:54:56,朝阳区,通州区,24.1,7.0
2024-06-06 17:28:49,2024-06-06 17:42:49,西城区,西城区,27.0,7.8
2024-06-04 18:23:29,2024-06-04 18:38:29,海淀区,通州区,27.0,8.4
2024-06-02 14:25:24,2024-06-02 14:57:24,通州区,东城区,29.6,10.2
2024-06-14 12:36:54,2024-06-14 13:10:54,朝阳区,顺义区,34.8,11.7
2024-06-27 13:39:13,2024-06-27 14:01:13,丰台区,海淀区,35.9,12.6
2024-06-27 07:59:44,2024-06-27 08:22:44,丰台区,门头沟区,19.1,3.9
2024-06-28 07:23:27,2024-06-28 07:45:27,海淀区,石景山区,40.8,14.3
2024-06-27 11:00:56,2024-06-27 11:15:56,西城区,昌平区,25.1,8.2
2024-06-07 16:20:09,2024-06-07 16:36:09,顺义区,房山区,26.3,7.4
2024-06-23 11:33:32,2024-06-23 12:07:32,石景山区,门头沟区,23.9,5.6
2024-06-22 21:09:07,2024-06-22 21:31:07,海淀区,大兴区,36.6,11.7
2024-06-05 13:25:26,2024-06-05 13:29:26,门头沟区,通州区,16.8,2.0
2024-06-26 05:31:38,2024-06-26 05:50:38,昌平区,西城区,30.7,9.3
2024-06-02 11:13:44,2024-06-02 11:52:44,昌平区,门头沟区,44.2,16.4
2024-06-21 13:34:06,2024-06-21 13:38:06,东城区,丰台区,17.4,2.1
2024-06-13 12:12:30,2024-06-13 12:37:30,海淀区,门头沟区,31.0,10.8
2024-06-24 07:21:03,2024-06-24 08:04:03,昌平区,石景山区,50.5,18.5
2024-06-27 11:48:53,2024-06-27 12:17:53,石景山区,门头沟区,29.7,9.0
2024-06-30 07:23:35,2024-06-30 07:26:35,昌平区,海淀区,15.7,1.0
2024-06-27 13:10:39,2024-06-27 13:23:39,海淀区,丰台区,26.3,8.0
2024-06-23 14:52:29,2024-06-23 15:09:29,大兴区,东城区,32.8,9.6
2024-06-27 23:31:20,2024-06-27 23:37:20,石景山区,顺义区,20.8,4.8
2024-06-22 15:08:08,2024-06-22 15:11:08,昌平区,门头沟区,13.1,1.0
2024-06-10 21:54:08,2024-06-10 22:41:08,昌平区,顺义区,48.3,16.7
2024-06-17 12:05:10,2024-06-17 12:10:10,朝阳区,门头沟区,18.7,4.7
2024-06-30 09:02:22,2024-06-30 09:26:22,朝阳区,石景山区,54.8,19.2
2024-06-01 17:03:04,2024-06-01 17:25:04,房山区,昌平区,37.8,13.8
2024-06-05 08:58:54,2024-06-05 09:18:54,西城区,房山区,40.4,13.3
2024-06-30 07:22:41,2024-06-30 07:28:41,西城区,东城区,16.3,3.5
2024-06-13 17:41:30,2024-06-13 18:11:30,丰台区,丰台区,33.0,11.0
2024-06-11 07:16:06,2024-06-11 07:19:06,通州区,昌平区,15.1,1.0
2024-06-07 18:05:40,2024-06-07 18:19:40,朝阳区,石景山区,31.6,9.9
2024-06-13 14:31:30,2024-06-13 14:43:30,海淀区,东城区,28.6,9.6
2024-06-12 13:09:53,2024-06-12 13:22:53,丰台区,东城区,22.3,6.9
2024-06-17 16:49:54,2024-06-17 17:03:54,朝阳区,顺义区,31.8,9.8
2024-06-24 14:17:20,2024-06-24 14:29:20,大兴区,海淀区,29.0,8.4
2024-06-10 09:26:26,2024-06-10 09:38:26,丰台区,丰台区,22.3,6.4
2024-06-03 10:27:14,2024-06-03 10:43:14,西城区,门头沟区,25.6,8.4
2024-06-18 19:10:28,2024-06-18 19:28:28,西城区,房山区,28.4,9.7
2024-06-16 17:54:28,2024-06-16 18:28:28,丰台区,房山区,22.3,6.8
2024-06-29 06:45:15,2024-06-29 06:56:15,朝阳区,通州区,15.9,3.8
2024-06-30 17:04:34,2024-06-30 17:29:34,大兴区,朝阳区,30.6,9.9
2024-06-25 17:00:22,2024-06-25 17:28:22,昌平区,丰台区,47.9,17.9
2024-06-25 07:22:08,2024-06-25 07:45:08,朝阳区,门头沟区,35.7,11.5
2024-06-21 11:39:00,2024-06-21 12:19:00,西城区,朝阳区,36.2,11.8
2024-06-18 11:50:19,2024-06-18 12:27:19,海淀区,朝阳区,39.6,13.1
2024-06-04 16:33:11,2024-06-04 17:06:11,大兴区,丰台区,26.4,8.8
2024-06-25 23:58:51,2024-06-26 00:02:51,西城区,房山区,15.7,2.5
2024-06-04 10:14:22,2024-06-04 10:29:22,昌平区,西城区,20.0,5.1
2024-06-25 16:01:11,2024-06-25 16:23:11,昌平区,昌平区,30.1,9.2
2024-06-18 13:21:01,2024-06-18 13:35:01,海淀区,顺义区,28.5,8.2
2024-06-02 13:34:09,2024-06-02 14:24:09,海淀区,丰台区,42.3,13.6
2024-06-21 12:33:26,2024-06-21 13:06:26,丰台区,朝阳区,25.4,7.0
2024-06-16 02:23:50,2024-06-16 02:26:50,西城区,东城区,13.6,1.0
2024-06-06 23:08:18,2024-06-06 23:44:18,丰台区,西城区,45.2,16.9
2024-06-01 08:44:46,2024-06-01 08:54:46,东城区,海淀区,23.8,6.7
2024-06-27 11:57:44,2024-06-27 12:41:44,通州区,丰台区,38.3,13.2
2024-06-20 17:55:42,2024-06-20 18:14:42,海淀区,大兴区,40.7,13.7
2024-06-13 16:40:23,2024-06-13 17:29:23,西城区,通州区,48.6,18.4
2024-06-21 16:44:46,2024-06-21 17:02:46,东城区,石景山区,25.7,7.7
2024-06-08 23:28:25,2024-06-08 23:45:25,东城区,顺义区,22.1,5.8
2024-06-29 06:06:01,2024-06-29 06:19:01,东城区,顺义区,21.7,5.6
2024-06-21 09:03:17,2024-06-21 09:21:17,丰台区,通州区,32.8,11.1
2024-06-07 13:01:16,2024-06-07 13:21:16,东城区,房山区,42.4,15.2
2024-06-04 13:42:21,2024-06-04 13:45:21,西城区,房山区,15.7,1.4
2024-06-22 13:34:00,2024-06-22 13:58:00,大兴区,东城区,50.9,19.1
2024-06-11 07:13:29,2024-06-11 07:50:29,石景山区,顺义区,34.0,10.5
2024-06-25 15:29:48,2024-06-25 15:46:48,石景山区,房山区,18.2,4.0
2024-06-04 10:11:29,2024-06-04 10:31:29,海淀区,房山区,33.8,11.8
2024-06-04 07:30:46,2024-06-04 07:43:46,朝阳区,丰台区,25.9,8.6
2024-06-17 11:39:35,2024-06-17 11:57:35,东城区,朝阳区,29.3,9.5
2024-06-24 19:58:14,2024-06-24 20:10:14,西城区,海淀区,26.2,8.6
2024-06-10 16:19:42,2024-06-10 16:33:42,昌平区,大兴区,29.1,9.1
2024-06-11 08:45:48,2024-06-11 09:01:48,东城区,海淀区,33.0,10.1
2024-06-14 12:19:40,2024-06-14 12:39:40,丰台区,东城区,28.5,9.6
2024-06-26 13:41:21,2024-06-26 13:58:21,西城区,丰台区,31.2,9.6
2024-06-18 15:05:33,2024-06-18 15:42:33,海淀区,大兴区,22.6,6.2
2024-06-07 15:51:40,2024-06-07 17:50:40,通州区,东城区,57.0,21.9
2024-06-25 18:00:57,2024-06-25 18:36:57,大兴区,房山区,38.2,13.1
2024-06-06 11:37:47,2024-06-06 11:48:47,东城区,丰台区,25.4,8.2
2024-06-22 11:32:32,2024-06-22 11:55:32,海淀区,朝阳区,28.3,8.7
2024-06-28 09:34:59,2024-06-28 09:49:59,昌平区,西城区,23.1,5.8
2024-06-26 13:43:04,2024-06-26 14:05:04,朝阳区,房山区,45.6,15.0
2024-06-18 13:15:29,2024-06-18 13:35:29,丰台区,通州区,28.5,8.3
2024-06-27 19:58:12,2024-06-27 20:01:12,石景山区,通州区,14.6,1.0
2024-06-29 15:39:34,2024-06-29 15:44:34,朝阳区,大兴区,20.4,5.6
2024-06-09 12:55:31,2024-06-09 13:10:31,丰台区,东城区,23.2,5.7
2024-06-10 12:04:15,2024-06-10 12:18:15,顺义区,丰台区,20.8,5.3
2024-06-30 11:55:18,2024-06-30 12:49:18,海淀区,大兴区,42.9,14.0
2024-06-18 16:53:14,2024-06-18 17:04:14,朝阳区,东城区,21.9,6.1
2024-06-16 12:35:43,2024-06-16 13:19:43,西城区,海淀区,46.1,17.2
2024-06-13 13:29:14,2024-06-13 13:46:14,海淀区,西城区,18.5,3.6
2024-06-18 06:46:02,2024-06-18 06:59:02,门头沟区,顺义区,22.8,6.8
2024-06-26 13:58:51,2024-06-26 14:39:51,房山区,西城区,39.4,12.9
2024-06-24 13:18:24,2024-06-24 13:53:24,西城区,东城区,50.8,18.3
2024-06-02 12:41:48,2024-06-02 12:50:48,房山区,丰台区,21.7,4.9
2024-06-20 12:54:33,2024-06-20 13:37:33,大兴区,石景山区,51.2,17.8
2024-06-16 12:16:17,2024-06-16 12:21:17,顺义区,丰台区,17.4,3.4
2024-06-08 12:53:55,2024-06-08 13:03:55,顺义区,石景山区,18.2,4.9
2024-06-24 22:52:03,2024-06-25 00:48:03,朝阳区,石景山区,52.3,19.3
2024-06-16 18:09:48,2024-06-16 18:29:48,昌平区,门头沟区,38.6,12.4
2024-06-20 08:48:19,2024-06-20 08:57:19,西城区,石景山区,24.8,6.1
2024-06-19 04:51:35,2024-06-19 04:56:35,顺义区,石景山区,14.4,2.3
2024-06-03 20:51:11,2024-06-03 21:14:11,门头沟区,门头沟区,26.6,8.8
2024-06-17 06:44:38,2024-06-17 07:08:38,顺义区,昌平区,36.6,12.1
2024-06-06 06:11:18,2024-06-06 06:18:18,西城区,西城区,15.4,3.3
2024-06-17 11:06:06,2024-06-17 11:34:06,西城区,丰台区,40.2,14.6
2024-06-24 12:39:28,2024-06-24 13:04:28,房山区,房山区,41.3,15.1
2024-06-27 07:51:16,2024-06-27 08:48:16,石景山区,丰台区,40.4,13.1
2024-06-02 07:07:02,2024-06-02 07:36:02,海淀区,西城区,28.6,9.5
2024-06-12 13:51:34,2024-06-12 14:10:34,石景山区,石景山区,28.6,8.3
2024-06-17 14:14:53,2024-06-17 14:30:53,东城区,西城区,24.0,6.5
2024-06-16 17:06:50,2024-06-16 17:19:50,房山区,东城区,29.5,9.3
2024-06-24 07:44:48,2024-06-24 08:15:48,海淀区,昌平区,20.2,5.8
2024-06-01 15:19:24,2024-06-01 15:39:24,西城区,海淀区,23.1,6.6
2024-06-21 22:14:02,2024-06-21 22:31:02,朝阳区,大兴区,27.6,7.8
2024-06-24 11:14:46,2024-06-24 11:19:46,海淀区,丰台区,17.3,1.5
2024-06-09 17:35:45,2024-06-09 17:43:45,丰台区,门头沟区,19.5,5.3
2024-06-02 17:59:23,2024-06-02 18:02:23,昌平区,朝阳区,16.2,2.0
2024-06-09 08:58:13,2024-06-09 09:17:13,朝阳区,石景山区,35.6,11.2
2024-06-05 09:36:42,2024-06-05 09:41:42,石景山区,朝阳区,14.3,3.1
2024-06-05 13:08:23,2024-06-05 13:20:23,石景山区,石景山区,27.8,8.0
2024-06-03 15:56:14,2024-06-03 16:13:14,朝阳区,通州区,39.0,12.7
2024-06-23 23:23:24,2024-06-23 23:49:24,朝阳区,昌平区,35.8,11.4
2024-06-30 13:23:35,2024-06-30 13:41:35,东城区,朝阳区,31.4,9.6
2024-06-10 17:43:43,2024-06-10 17:54:43,通州区,丰台区,23.3,6.6
2024-06-05 21:15:06,2024-06-05 21:36:06,朝阳区,门头沟区,32.9,9.6
2024-06-15 06:12:03,2024-06-15 06:15:03,东城区,昌平区,16.1,1.0
2024-06-05 20:13:32,2024-06-05 21:21:32,海淀区,门头沟区,32.2,11.3
2024-06-21 11:51:42,2024-06-21 11:54:42,西城区,门头沟区,13.5,1.0
2024-06-02 16:55:59,2024-06-02 17:21:59,朝阳区,西城区,32.5,10.9
2024-06-22 11:01:26,2024-06-22 11:07:26,朝阳区,丰台区,20.0,3.9
2024-06-26 13:29:50,2024-06-26 13:49:50,东城区,顺义区,35.0,11.9
2024-06-08 12:19:59,2024-06-08 12:35:59,石景山区,朝阳区,29.7,9.9
2024-06-01 08:21:05,2024-06-01 08:24:05,海淀区,昌平区,16.8,1.0
2024-06-20 19:01:51,2024-06-20 19:31:51,朝阳区,门头沟区,29.7,9.8
2024-06-10 07:30:31,2024-06-10 07:40:31,东城区,门头沟区,25.7,7.1
2024-06-01 14:46:34,2024-06-01 14:53:34,海淀区,昌平区,15.4,2.0
2024-06-16 18:36:47,2024-06-16 19:11:47,西城区,昌平区,24.1,6.3
2024-06-10 15:38:13,2024-06-10 15:50:13,东城区,海淀区,25.9,6.5
2024-06-05 18:15:54,2024-06-05 18:31:54,丰台区,西城区,28.6,9.4
2024-06-26 18:14:25,2024-06-26 18:23:25,西城区,海淀区,23.3,5.4
2024-06-22 14:08:55,2024-06-22 14:23:55,朝阳区,房山区,25.5,6.5
2024-06-12 18:45:31,2024-06-12 19:48:31,顺义区,海淀区,48.5,18.1
2024-06-26 21:15:49,2024-06-26 21:20:49,东城区,房山区,16.2,3.4
2024-06-11 17:36:05,2024-06-11 17:58:05,朝阳区,门头沟区,38.5,12.2
2024-06-23 12:04:17,2024-06-23 12:08:17,海淀区,西城区,14.6,1.0
2024-06-19 15:20:36,2024-06-19 15:23:36,石景山区,丰台区,17.8,1.0
2024-06-15 09:50:37,2024-06-15 10:16:37,朝阳区,石景山区,43.0,14.1
2024-06-25 20:45:03,2024-06-25 20:48:03,东城区,房山区,16.7,1.0
2024-06-02 18:15:33,2024-06-02 18:19:33,通州区,石景山区,14.8,2.8
2024-06-10 18:23:44,2024-06-10 18:55:44,朝阳区,昌平区,21.2,5.9
2024-06-06 10:24:40,2024-06-06 10:58:40,海淀区,丰台区,36.7,12.4
2024-06-28 12:28:58,2024-06-28 12:46:58,西城区,丰台区,45.3,16.0
2024-06-26 04:51:45,2024-06-26 05:25:45,东城区,房山区,23.8,5.7
2024-06-13 08:27:20,2024-06-13 08:45:20,朝阳区,顺义区,26.6,8.0
2024-06-01 18:59:41,2024-06-01 19:15:41,石景山区,海淀区,35.8,10.8
2024-06-19 13:20:53,2024-06-19 13:39:53,西城区,顺义区,33.9,10.9
2024-06-03 12:35:53,2024-06-03 12:47:53,东城区,海淀区,26.0,8.0
2024-06-08 08:48:00,2024-06-08 09:00:00,朝阳区,丰台区,18.9,4.7
2024-06-05 13:00:37,2024-06-05 13:03:37,丰台区,顺义区,14.9,1.0
2024-06-06 18:07:31,2024-06-06 18:30:31,丰台区,顺义区,30.7,9.8
2024-06-22 09:59:01,2024-06-22 10:11:01,大兴区,大兴区,24.8,7.3
2024-06-26 12:38:59,2024-06-26 13:00:59,海淀区,朝阳区,26.5,7.4
2024-06-25 09:47:09,2024-06-25 10:20:09,西城区,顺义区,41.2,13.7
2024-06-16 19:07:37,2024-06-16 19:22:37,东城区,西城区,26.5,7.4
2024-06-04 21:57:36,2024-06-04 22:09:36,通州区,东城区,24.9,7.9
2024-06-03 09:28:00,2024-06-03 09:38:00,顺义区,丰台区,24.0,5.9
2024-06-19 09:06:04,2024-06-19 09:27:04,朝阳区,丰台区,37.2,11.8
2024-06-11 11:01:59,2024-06-11 11:27:59,门头沟区,朝阳区,25.4,6.7
2024-06-08 04:34:13,2024-06-08 04:59:13,东城区,东城区,35.5,12.5
2024-06-27 17:50:46,2024-06-27 18:15:46,顺义区,东城区,40.8,14.5
2024-06-02 12:57:40,2024-06-02 13:26:40,石景山区,海淀区,32.4,10.6
2024-06-16 16:24:11,2024-06-16 16:56:11,东城区,丰台区,34.9,10.8
2024-06-06 11:31:59,2024-06-06 11:51:59,丰台区,海淀区,34.3,12.2
2024-06-02 17:18:51,2024-06-02 17:27:51,海淀区,朝阳区,13.8,3.1
2024-06-28 18:46:21,2024-06-28 19:22:21,大兴区,门头沟区,43.0,15.7
2024-06-29 17:33:49,2024-06-29 17:39:49,西城区,通州区,14.7,2.7
2024-06-13 12:08:46,2024-06-13 12:13:46,门头沟区,丰台区,15.7,2.4
2024-06-10 14:43:08,2024-06-10 14:47:08,西城区,顺义区,14.0,2.0
2024-06-13 10:26:32,2024-06-13 10:37:32,东城区,门头沟区,24.9,6.6
2024-06-13 16:20:41,2024-06-13 16:33:41,石景山区,房山区,25.4,8.2
2024-06-18 11:27:50,2024-06-18 11:58:50,丰台区,丰台区,57.0,21.1
2024-06-15 09:13:56,2024-06-15 09:22:56,东城区,大兴区,19.0,4.0
2024-06-17 18:34:47,2024-06-17 18:59:47,通州区,昌平区,36.1,12.1
2024-06-28 19:48:26,2024-06-28 19:54:26,海淀区,大兴区,14.8,3.2
2024-06-05 08:15:11,2024-06-05 08:34:11,顺义区,海淀区,20.2,5.4
2024-06-21 19:45:40,2024-06-21 20:04:40,丰台区,丰台区,28.1,8.6
2024-07-01 09:32:58,2024-07-01 09:39:58,门头沟区,东城区,16.3,4.0
2024-06-02 07:30:03,2024-06-02 07:39:03,朝阳区,丰台区,19.2,5.1
2024-06-05 18:28:35,2024-06-05 18:39:35,丰台区,石景山区,26.5,7.1
2024-06-05 10:18:15,2024-06-05 10:37:15,东城区,顺义区,32.3,10.5
2024-06-20 18:15:08,2024-06-20 18:21:08,海淀区,东城区,19.5,3.7
2024-06-23 20:53:49,2024-06-23 21:18:49,海淀区,石景山区,46.4,15.7
2024-06-26 12:30:38,2024-06-26 12:43:38,房山区,通州区,29.5,8.3
2024-06-05 06:30:42,2024-06-05 07:02:42,朝阳区,朝阳区,34.6,12.1
2024-06-27 18:16:30,2024-06-27 18:28:30,西城区,东城区,23.7,6.8
2024-06-11 08:54:05,2024-06-11 09:13:05,东城区,顺义区,38.9,13.5
2024-06-17 12:22:40,2024-06-17 12:30:40,顺义区,东城区,23.8,6.7
2024-06-29 17:31:26,2024-06-29 17:57:26,海淀区,通州区,35.9,11.4
2024-06-26 13:17:37,2024-06-26 13:27:37,通州区,房山区,18.1,5.0
2024-06-23 12:47:58,2024-06-23 13:35:58,丰台区,顺义区,42.8,14.0
2024-06-22 04:00:44,2024-06-22 04:20:44,西城区,东城区,36.9,12.9
2024-06-26 11:51:00,2024-06-26 12:04:00,丰台区,门头沟区,19.2,4.7
2024-06-17 17:47:40,2024-06-17 18:04:40,门头沟区,石景山区,39.3,13.0
2024-06-02 09:48:36,2024-06-02 10:05:36,东城区,海淀区,32.6,9.9
2024-06-09 13:46:58,2024-06-09 14:03:58,海淀区,东城区,28.4,8.8
2024-06-10 11:00:26,2024-06-10 11:05:26,丰台区,昌平区,13.0,2.6
2024-06-05 06:38:58,2024-06-05 06:52:58,朝阳区,房山区,28.2,8.0
2024-06-03 15:49:37,2024-06-03 16:04:37,石景山区,朝阳区,30.3,9.2
2024-06-04 14:47:03,2024-06-04 14:56:03,房山区,西城区,16.3,4.2
2024-06-21 01:06:49,2024-06-21 01:10:49,房山区,东城区,16.3,2.4
2024-06-30 18:33:41,2024-06-30 18:49:41,东城区,西城区,30.2,9.5
2024-06-12 02:01:22,2024-06-12 02:07:22,朝阳区,昌平区,14.4,3.1
2024-06-03 23:17:42,2024-06-03 23:20:42,海淀区,石景山区,17.1,1.8
2024-06-10 17:44:18,2024-06-10 18:04:18,东城区,丰台区,36.8,11.4
2024-06-05 15:47:37,2024-06-05 15:55:37,大兴区,顺义区,19.5,5.3
2024-06-04 18:55:18,2024-06-04 19:00:18,东城区,东城区,19.0,4.7
2024-06-11 08:12:22,2024-06-11 08:16:22,昌平区,顺义区,17.2,2.7
2024-06-15 18:44:38,2024-06-15 18:53:38,昌平区,东城区,17.9,4.9
2024-06-07 15:33:25,2024-06-07 15:48:25,海淀区,西城区,40.5,13.1
2024-06-26 09:18:52,2024-06-26 09:52:52,丰台区,海淀区,38.4,13.4
2024-06-12 11:28:50,2024-06-12 11:53:50,大兴区,海淀区,25.2,7.0
2024-06-24 18:36:35,2024-06-24 18:57:35,海淀区,东城区,31.5,10.7
2024-06-18 11:16:44,2024-06-18 11:25:44,西城区,丰台区,20.2,6.0
2024-06-24 19:09:56,2024-06-24 19:33:56,大兴区,海淀区,27.7,7.7
2024-06-22 11:17:51,2024-06-22 11:25:51,顺义区,丰台区,20.3,5.4
2024-06-22 13:33:30,2024-06-22 13:48:30,西城区,房山区,30.7,8.8
2024-06-26 08:09:34,2024-06-26 08:25:34,东城区,大兴区,18.9,3.7
2024-06-29 18:50:24,2024-06-29 19:20:24,丰台区,门头沟区,38.6,13.9
2024-06-13 08:45:26,2024-06-13 09:12:26,石景山区,东城区,49.7,17.9
2024-06-05 06:56:16,2024-06-05 07:20:16,朝阳区,顺义区,37.5,13.1
2024-06-13 13:03:38,2024-06-13 13:30:38,西城区,顺义区,39.4,14.4
2024-06-15 19:32:30,2024-06-15 19:43:30,海淀区,昌平区,24.9,8.1
2024-06-12 17:01:07,2024-06-12 17:39:07,丰台区,房山区,24.7,6.4
2024-06-24 19:36:21,2024-06-24 20:05:21,西城区,海淀区,34.9,12.2
2024-06-18 16:12:50,2024-06-18 16:27:50,昌平区,门头沟区,35.2,10.7
2024-06-19 14:42:56,2024-06-19 14:56:56,丰台区,顺义区,30.7,8.7
2024-06-07 10:54:27,2024-06-07 11:07:27,西城区,石景山区,17.7,3.6
2024-06-13 13:12:35,2024-06-13 13:35:35,大兴区,石景山区,37.0,13.4
2024-06-29 12:30:37,2024-06-29 12:45:37,西城区,昌平区,25.6,7.5
2024-06-06 07:18:04,2024-06-06 07:32:04,东城区,东城区,29.2,9.8
2024-06-15 19:50:52,2024-06-15 20:18:52,顺义区,通州区,51.5,18.5
2024-06-05 07:07:26,2024-06-05 07:22:26,大兴区,朝阳区,32.5,10.3
2024-06-10 17:49:36,2024-06-10 17:56:36,西城区,石景山区,14.8,1.4
2024-06-21 09:30:57,2024-06-21 09:48:57,朝阳区,通州区,37.2,13.3
2024-06-16 17:06:11,2024-06-16 17:27:11,顺义区,通州区,34.1,11.9
2024-06-28 14:31:44,2024-06-28 15:15:44,顺义区,大兴区,37.4,13.2
2024-06-14 18:47:48,2024-06-14 18:50:48,顺义区,大兴区,15.4,1.0
2024-06-12 10:39:59,2024-06-12 10:42:59,顺义区,通州区,14.5,1.3
2024-06-14 07:46:07,2024-06-14 07:57:07,顺义区,石景山区,20.2,5.8
2024-06-24 17:46:11,2024-06-24 18:08:11,通州区,石景山区,32.5,10.5
2024-06-17 18:20:11,2024-06-17 18:26:11,朝阳区,昌平区,17.6,3.4
2024-06-05 09:53:48,2024-06-05 10:04:48,门头沟区,石景山区,26.7,6.9
2024-06-21 14:33:32,2024-06-21 16:03:32,东城区,大兴区,46.2,16.3
2024-06-07 05:44:12,2024-06-07 05:51:12,昌平区,东城区,20.5,5.7
2024-06-27 13:19:56,2024-06-27 13:54:56,门头沟区,顺义区,37.8,12.3
2024-06-19 17:43:19,2024-06-19 18:33:19,石景山区,丰台区,32.7,11.2
2024-06-22 16:02:29,2024-06-22 16:15:29,西城区,朝阳区,24.9,7.2
2024-06-19 08:52:04,2024-06-19 09:06:04,昌平区,顺义区,25.0,7.2
2024-06-30 17:57:16,2024-06-30 18:07:16,房山区,朝阳区,22.9,5.2
2024-06-16 19:11:35,2024-06-16 19:27:35,东城区,大兴区,26.6,7.4
2024-06-10 10:54:15,2024-06-10 11:10:15,朝阳区,西城区,29.5,8.9
2024-06-05 18:50:36,2024-06-05 19:07:36,朝阳区,西城区,39.4,13.7
2024-06-09 10:16:57,2024-06-09 10:39:57,海淀区,东城区,33.8,10.0
2024-06-01 20:15:46,2024-06-01 20:39:46,海淀区,丰台区,43.0,15.4
2024-06-11 15:02:18,2024-06-11 15:24:18,房山区,顺义区,40.5,14.1
2024-06-29 14:44:22,2024-06-29 15:09:22,朝阳区,西城区,36.8,11.3
2024-06-29 22:49:46,2024-06-29 22:57:46,海淀区,通州区,21.9,4.8
2024-06-01 16:48:42,2024-06-01 16:51:42,东城区,石景山区,13.1,1.0
2024-06-12 15:00:14,2024-06-12 15:10:14,丰台区,昌平区,20.4,5.7
2024-06-27 12:51:42,2024-06-27 13:22:42,丰台区,大兴区,27.5,8.2
2024-06-17 21:52:06,2024-06-17 22:07:06,东城区,东城区,19.4,4.2
2024-06-09 18:19:40,2024-06-09 18:29:40,朝阳区,海淀区,19.8,4.3
2024-06-24 12:59:25,2024-06-24 13:14:25,西城区,丰台区,19.9,4.9
2024-06-07 09:53:28,2024-06-07 10:14:28,海淀区,西城区,35.9,11.5
2024-06-18 12:10:18,2024-06-18 12:31:18,朝阳区,门头沟区,29.2,8.4
2024-06-26 12:01:02,2024-06-26 12:18:02,东城区,门头沟区,32.8,10.7
2024-06-22 09:26:31,2024-06-22 09:46:31,房山区,通州区,41.3,13.8
2024-06-04 17:18:26,2024-06-04 17:42:26,西城区,顺义区,29.2,8.5
2024-06-08 12:42:22,2024-06-08 12:55:22,门头沟区,门头沟区,21.8,5.6
2024-06-30 14:59:08,2024-06-30 15:24:08,西城区,东城区,38.8,12.2
2024-06-25 09:50:36,2024-06-25 10:02:36,通州区,通州区,23.9,5.8
2024-06-15 09:50:04,2024-06-15 10:03:04,丰台区,石景山区,25.2,6.6
2024-06-04 10:01:19,2024-06-04 10:33:19,丰台区,丰台区,37.0,11.6
2024-06-28 18:28:08,2024-06-28 18:34:08,朝阳区,房山区,15.2,3.4
2024-06-03 19:07:02,2024-06-03 19:23:02,朝阳区,顺义区,31.9,9.8
2024-06-25 19:58:48,2024-06-25 20:15:48,大兴区,通州区,29.8,8.5
2024-06-19 09:32:11,2024-06-19 09:54:11,朝阳区,石景山区,45.2,15.3
2024-06-12 17:31:19,2024-06-12 17:58:19,朝阳区,通州区,52.6,18.1
2024-06-19 15:39:23,2024-06-19 15:48:23,海淀区,房山区,19.2,5.6
2024-06-23 13:52:37,2024-06-23 13:55:37,东城区,房山区,14.0,1.0
2024-06-03 07:07:24,2024-06-03 07:40:24,西城区,门头沟区,42.9,14.2
2024-06-12 09:28:01,2024-06-12 09:56:01,东城区,西城区,42.9,14.4
2024-06-13 10:40:41,2024-06-13 10:43:41,海淀区,石景山区,14.8,1.0
2024-06-10 20:56:13,2024-06-10 21:22:13,石景山区,西城区,40.0,13.6
2024-06-10 18:21:56,2024-06-10 18:39:56,东城区,门头沟区,33.5,11.6
2024-06-20 06:00:11,2024-06-20 06:14:11,房山区,房山区,28.9,8.6
2024-06-29 11:49:30,2024-06-29 12:01:30,通州区,房山区,28.1,8.9
2024-06-12 19:12:34,2024-06-12 19:34:34,西城区,大兴区,43.8,14.4
2024-06-25 11:14:05,2024-06-25 11:39:05,西城区,丰台区,33.8,10.9
2024-06-23 09:50:09,2024-06-23 09:58:09,通州区,东城区,20.6,4.5
2024-06-22 08:23:32,2024-06-22 08:44:32,丰台区,东城区,38.7,12.1
2024-06-03 16:16:39,2024-06-03 16:30:39,西城区,房山区,30.9,10.0
2024-06-07 12:20:34,2024-06-07 12:53:34,西城区,海淀区,27.3,8.8
2024-06-16 08:21:33,2024-06-16 08:39:33,通州区,西城区,42.4,14.5
2024-06-17 07:21:45,2024-06-17 07:47:45,朝阳区,通州区,26.5,8.2
2024-06-18 14:45:54,2024-06-18 14:49:54,大兴区,大兴区,17.6,1.0
2024-06-29 17:53:04,2024-06-29 18:08:04,东城区,大兴区,33.0,9.6
2024-06-15 08:12:01,2024-06-15 08:29:01,海淀区,西城区,33.4,10.2
2024-06-17 02:22:11,2024-06-17 02:50:11,东城区,东城区,32.1,10.7
2024-06-05 06:08:58,2024-06-05 06:28:58,西城区,房山区,28.4,8.5
2024-06-27 18:12:26,2024-06-27 19:24:26,海淀区,海淀区,47.9,16.1
2024-06-05 18:50:50,2024-06-05 20:11:50,海淀区,西城区,42.9,14.3
2024-06-27 12:13:45,2024-06-27 12:34:45,朝阳区,东城区,26.2,7.3
2024-06-09 14:31:11,2024-06-09 14:41:11,昌平区,门头沟区,28.5,7.6
2024-06-18 06:23:34,2024-06-18 06:44:34,丰台区,顺义区,29.1,8.0
2024-06-26 16:57:15,2024-06-26 17:21:15,朝阳区,大兴区,32.8,11.3
2024-06-09 18:36:52,2024-06-09 18:51:52,朝阳区,西城区,27.8,9.2
2024-06-09 18:06:27,2024-06-09 18:13:27,朝阳区,东城区,19.7,5.6
2024-06-03 22:21:40,2024-06-03 22:42:40,海淀区,顺义区,36.9,11.8
2024-06-01 16:30:10,2024-06-01 17:03:10,昌平区,大兴区,30.8,8.8
2024-06-21 06:30:46,2024-06-21 06:58:46,东城区,顺义区,25.9,6.7
2024-06-06 16:04:47,2024-06-06 16:23:47,朝阳区,顺义区,42.4,13.7
2024-06-20 20:56:13,2024-06-20 21:17:13,朝阳区,昌平区,35.4,11.1
2024-06-15 23:47:55,2024-06-16 00:12:55,东城区,房山区,44.6,15.2
2024-06-20 17:02:50,2024-06-20 17:15:50,海淀区,东城区,22.7,6.6
2024-06-12 13:10:22,2024-06-12 13:22:22,朝阳区,朝阳区,16.4,3.4
2024-06-08 08:49:50,2024-06-08 08:54:50,东城区,朝阳区,17.2,3.6
2024-06-21 16:39:20,2024-06-21 17:06:20,昌平区,东城区,37.0,12.4
2024-06-30 11:37:29,2024-06-30 11:54:29,房山区,石景山区,25.1,7.3
2024-06-27 23:56:09,2024-06-28 00:10:09,大兴区,房山区,19.7,5.8
2024-06-22 16:26:39,2024-06-22 16:58:39,朝阳区,通州区,41.2,14.1
2024-07-01 11:01:36,2024-07-01 11:37:36,通州区,海淀区,33.4,10.5
2024-06-14 13:45:59,2024-06-14 14:07:59,昌平区,顺义区,31.1,8.9
2024-06-19 08:26:02,2024-06-19 08:35:02,海淀区,西城区,17.9,4.1
2024-06-17 09:56:20,2024-06-17 10:12:20,海淀区,大兴区,26.3,7.7
2024-06-10 13:57:14,2024-06-10 14:13:14,海淀区,东城区,26.2,8.6
2024-06-26 09:13:24,2024-06-26 09:28:24,东城区,通州区,29.9,8.3
2024-06-29 18:04:40,2024-06-29 18:20:40,东城区,顺义区,34.6,12.1
2024-06-21 14:51:11,2024-06-21 15:02:11,大兴区,石景山区,20.1,5.8
2024-06-23 12:10:39,2024-06-23 12:28:39,顺义区,顺义区,31.7,9.2
2024-06-27 13:39:36,2024-06-27 14:32:36,门头沟区,朝阳区,42.8,15.2
2024-06-18 15:46:26,2024-06-18 16:15:26,西城区,昌平区,24.1,7.4
2024-06-26 17:58:23,2024-06-26 18:14:23,石景山区,昌平区,33.2,10.2
2024-06-15 15:52:41,2024-06-15 16:19:41,朝阳区,大兴区,33.5,11.4
2024-06-13 03:20:21,2024-06-13 03:50:21,西城区,西城区,49.4,17.7
2024-06-30 13:31:15,2024-06-30 13:50:15,通州区,昌平区,35.2,12.4
2024-06-03 22:48:27,2024-06-03 23:29:27,海淀区,通州区,41.9,14.8
2024-07-01 12:06:21,2024-07-01 12:41:21,东城区,大兴区,29.9,9.0
2024-06-19 23:16:48,2024-06-19 23:36:48,海淀区,丰台区,27.5,8.8
2024-06-29 19:33:38,2024-06-29 19:48:38,海淀区,东城区,21.0,5.5
2024-06-01 16:27:59,2024-06-01 16:48:59,通州区,顺义区,34.8,11.3
2024-06-30 19:00:17,2024-06-30 19:23:17,西城区,顺义区,31.5,10.7
2024-06-15 14:31:25,2024-06-15 15:06:25,石景山区,西城区,37.9,12.2
2024-06-26 07:49:35,2024-06-26 08:03:35,石景山区,东城区,27.9,8.3
2024-06-06 17:49:55,2024-06-06 17:52:55,西城区,昌平区,15.7,1.0
2024-06-01 05:46:02,2024-06-01 05:57:02,顺义区,石景山区,22.3,6.5
2024-06-25 15:06:09,2024-06-25 15:19:09,丰台区,通州区,18.4,5.3
2024-06-23 09:03:57,2024-06-23 09:06:57,房山区,西城区,14.1,1.0
2024-06-04 12:14:40,2024-06-04 12:32:40,房山区,海淀区,32.0,10.3
2024-06-15 09:42:07,2024-06-15 09:57:07,顺义区,石景山区,29.9,8.3
2024-06-23 08:01:27,2024-06-23 08:19:27,朝阳区,顺义区,31.2,9.4
2024-06-23 01:36:59,2024-06-23 01:49:59,海淀区,大兴区,28.8,8.9
2024-06-17 13:24:28,2024-06-17 13:33:28,海淀区,通州区,24.1,6.8
2024-06-04 18:10:11,2024-06-04 18:28:11,朝阳区,昌平区,34.3,11.2
2024-06-07 18:00:09,2024-06-07 18:11:09,朝阳区,石景山区,31.1,8.8
2024-06-17 11:38:06,2024-06-17 11:59:06,朝阳区,大兴区,39.6,12.6
2024-06-09 18:00:43,2024-06-09 18:24:43,顺义区,房山区,20.4,4.7
2024-06-17 17:02:09,2024-06-17 17:29:09,西城区,东城区,34.8,10.6
2024-06-20 17:33:17,2024-06-20 18:02:17,东城区,大兴区,30.8,10.2
2024-06-26 13:15:01,2024-06-26 13:21:01,朝阳区,顺义区,16.4,2.8
2024-06-08 14:08:01,2024-06-08 14:16:01,朝阳区,门头沟区,20.4,5.0
2024-06-10 15:27:49,2024-06-10 16:27:49,东城区,海淀区,43.8,14.3
2024-06-16 13:46:02,2024-06-16 13:54:02,顺义区,海淀区,17.2,4.6
2024-06-23 18:16:28,2024-06-23 18:20:28,海淀区,丰台区,15.9,2.6
2024-06-09 23:14:47,2024-06-09 23:28:47,朝阳区,昌平区,32.0,9.7
2024-06-29 19:24:34,2024-06-29 19:38:34,西城区,西城区,33.5,10.0
2024-06-24 18:45:53,2024-06-24 18:58:53,通州区,东城区,24.0,7.3
2024-06-24 19:40:09,2024-06-24 20:01:09,西城区,西城区,23.4,6.9
2024-06-09 11:30:29,2024-06-09 11:35:29,顺义区,房山区,14.0,2.2
2024-06-07 13:30:42,2024-06-07 14:04:42,海淀区,石景山区,49.2,17.6
2024-06-13 14:16:11,2024-06-13 14:33:11,大兴区,门头沟区,32.9,10.0
2024-06-23 14:25:16,2024-06-23 14:44:16,朝阳区,房山区,32.9,10.1
2024-06-01 17:44:48,2024-06-01 17:55:48,海淀区,大兴区,18.9,5.5
2024-06-05 20:16:17,2024-06-05 20:57:17,海淀区,东城区,61.4,23.2
2024-06-07 20:24:19,2024-06-07 20:44:19,海淀区,朝阳区,31.4,9.2
2024-06-29 17:04:21,2024-06-29 17:23:21,大兴区,东城区,31.8,9.1
2024-06-20 07:11:12,2024-06-20 07:38:12,朝阳区,丰台区,40.5,13.1
2024-06-10 07:31:23,2024-06-10 08:04:23,海淀区,石景山区,21.2,6.4
2024-06-15 07:24:30,2024-06-15 07:42:30,大兴区,昌平区,34.4,10.9
2024-06-26 17:16:20,2024-06-26 17:37:20,朝阳区,丰台区,30.4,9.7
2024-06-02 13:52:57,2024-06-02 14:03:57,东城区,石景山区,14.7,2.1
2024-06-25 11:11:34,2024-06-25 11:24:34,朝阳区,丰台区,26.2,8.0
2024-06-14 18:16:38,2024-06-14 18:24:38,丰台区,顺义区,22.2,7.0
2024-06-26 22:05:26,2024-06-26 22:21:26,西城区,通州区,33.9,11.8
2024-06-07 19:29:30,2024-06-07 19:49:30,朝阳区,昌平区,32.1,9.7
2024-06-06 11:57:04,2024-06-06 12:39:04,丰台区,东城区,32.9,11.2
2024-06-23 13:26:12,2024-06-23 13:29:12,通州区,大兴区,17.6,1.0
2024-06-23 23:03:52,2024-06-23 23:06:52,东城区,通州区,13.8,1.0
2024-06-23 23:10:17,2024-06-23 23:38:17,丰台区,石景山区,36.3,12.6
2024-06-07 14:25:47,2024-06-07 14:48:47,海淀区,房山区,33.0,10.4
2024-06-20 11:37:27,2024-06-20 11:40:27,海淀区,房山区,16.0,1.0
2024-06-04 08:36:47,2024-06-04 08:56:47,朝阳区,石景山区,35.1,12.1
2024-06-02 12:08:11,2024-06-02 12:31:11,海淀区,房山区,40.4,14.4
2024-06-07 12:28:12,2024-06-07 12:38:12,通州区,石景山区,17.2,4.4
2024-06-18 14:01:11,2024-06-18 14:04:11,西城区,朝阳区,17.0,1.8
2024-06-09 17:02:21,2024-06-09 17:38:21,石景山区,丰台区,30.5,10.0
2024-06-16 11:28:53,2024-06-16 11:58:53,昌平区,东城区,44.7,16.4
2024-06-27 18:06:04,2024-06-27 18:46:04,朝阳区,石景山区,28.6,9.6
2024-06-14 04:11:07,2024-06-14 04:26:07,东城区,东城区,16.2,3.6
2024-06-23 08:05:08,2024-06-23 08:25:08,丰台区,通州区,26.4,7.3
2024-06-29 02:40:01,2024-06-29 02:51:01,丰台区,通州区,20.2,5.9
2024-06-13 23:11:30,2024-06-13 23:29:30,通州区,丰台区,32.3,10.5
2024-06-22 11:03:28,2024-06-22 11:48:28,海淀区,顺义区,28.5,7.7
2024-06-03 18:11:56,2024-06-03 18:14:56,海淀区,朝阳区,15.0,1.0
2024-06-26 16:40:33,2024-06-26 16:51:33,朝阳区,石景山区,24.4,6.5
2024-06-30 13:39:01,2024-06-30 14:10:01,丰台区,昌平区,36.4,11.5
2024-06-07 08:40:11,2024-06-07 09:08:11,昌平区,丰台区,30.0,8.3
2024-06-15 07:59:22,2024-06-15 08:02:22,门头沟区,门头沟区,17.9,1.0
2024-06-21 15:08:34,2024-06-21 15:42:34,大兴区,朝阳区,34.2,11.9
2024-06-24 18:38:25,2024-06-24 19:00:25,通州区,海淀区,40.2,13.4
2024-06-17 07:07:07,2024-06-17 07:43:07,朝阳区,朝阳区,34.0,11.0
2024-06-27 18:53:54,2024-06-27 19:23:54,通州区,门头沟区,36.4,11.8
2024-06-18 18:59:01,2024-06-18 19:11:01,西城区,房山区,23.9,7.7
2024-06-12 19:11:34,2024-06-12 19:14:34,昌平区,门头沟区,16.0,1.9
2024-06-24 16:01:37,2024-06-24 16:23:37,石景山区,大兴区,26.6,7.3
2024-06-30 08:10:08,2024-06-30 08:37:08,大兴区,门头沟区,34.4,12.1
2024-07-01 07:58:16,2024-07-01 08:01:16,海淀区,房山区,16.5,1.0
2024-06-05 15:47:24,2024-06-05 15:52:24,海淀区,石景山区,15.1,2.5
2024-06-02 09:57:53,2024-06-02 10:00:53,门头沟区,丰台区,15.8,1.3
2024-06-14 13:57:40,2024-06-14 14:06:40,朝阳区,门头沟区,18.4,4.1
2024-06-13 17:16:20,2024-06-13 18:00:20,朝阳区,海淀区,49.1,18.0
2024-06-30 17:06:27,2024-06-30 17:18:27,海淀区,顺义区,25.1,8.0
2024-06-23 15:36:05,2024-06-23 16:14:05,海淀区,丰台区,50.1,17.6
2024-06-19 23:02:58,2024-06-19 23:06:58,朝阳区,海淀区,15.9,1.8
2024-06-20 11:26:01,2024-06-20 11:44:01,东城区,大兴区,32.1,10.1
2024-06-29 05:53:56,2024-06-29 06:04:56,朝阳区,昌平区,25.6,8.4
2024-06-01 16:58:17,2024-06-01 17:01:17,东城区,西城区,14.4,1.0
2024-07-01 20:08:01,2024-07-01 20:42:01,东城区,通州区,31.8,9.6
2024-06-26 11:01:15,2024-06-26 11:11:15,顺义区,通州区,26.7,7.0
2024-06-19 10:17:19,2024-06-19 10:25:19,房山区,房山区,17.8,4.3
2024-06-12 13:21:58,2024-06-12 13:25:58,海淀区,顺义区,14.0,1.8
2024-06-06 13:45:58,2024-06-06 13:51:58,朝阳区,大兴区,13.4,2.5
2024-06-11 08:39:02,2024-06-11 08:51:02,西城区,房山区,23.0,6.3
2024-06-27 20:38:07,2024-06-27 20:41:07,石景山区,门头沟区,14.9,1.0
2024-06-14 08:03:41,2024-06-14 08:20:41,大兴区,门头沟区,35.4,11.9
2024-06-16 19:48:19,2024-06-16 20:07:19,昌平区,通州区,22.3,6.9
2024-06-02 13:01:36,2024-06-02 13:31:36,西城区,丰台区,46.6,16.7
2024-06-18 12:05:51,2024-06-18 12:10:51,西城区,昌平区,17.0,3.4
2024-06-23 18:48:00,2024-06-23 19:04:00,房山区,房山区,22.6,5.3
2024-06-21 17:28:33,2024-06-21 17:41:33,海淀区,东城区,28.1,9.2
2024-06-23 08:15:31,2024-06-23 09:09:31,丰台区,门头沟区,54.5,19.2
2024-06-20 12:41:12,2024-06-20 12:49:12,大兴区,石景山区,23.8,5.9
2024-06-09 18:16:20,2024-06-09 18:46:20,顺义区,房山区,42.2,14.4
2024-06-02 07:39:37,2024-06-02 07:49:37,西城区,石景山区,14.6,3.0
2024-06-05 08:00:43,2024-06-05 08:18:43,房山区,大兴区,31.0,10.1
2024-06-30 07:37:43,2024-06-30 07:48:43,石景山区,西城区,27.4,8.8
2024-06-26 08:31:25,2024-06-26 08:43:25,通州区,房山区,28.4,8.8
2024-06-28 13:55:25,2024-06-28 14:01:25,石景山区,海淀区,17.4,2.8
2024-06-06 07:18:02,2024-06-06 07:34:02,东城区,海淀区,32.5,11.1
2024-06-07 17:09:08,2024-06-07 17:25:08,西城区,大兴区,38.9,12.1
2024-06-28 13:54:12,2024-06-28 14:02:12,朝阳区,西城区,17.8,3.4
2024-06-23 19:09:44,2024-06-23 19:22:44,通州区,丰台区,28.5,7.6
2024-06-10 15:46:48,2024-06-10 15:49:48,海淀区,丰台区,16.4,1.6
2024-06-22 18:54:25,2024-06-22 19:21:25,昌平区,石景山区,27.5,7.6
2024-06-20 15:45:01,2024-06-20 16:19:01,朝阳区,石景山区,31.0,9.6
2024-06-18 20:25:47,2024-06-18 20:33:47,海淀区,东城区,17.9,4.8
2024-06-20 10:47:39,2024-06-20 10:51:39,房山区,通州区,18.0,1.0
2024-06-20 14:12:29,2024-06-20 14:18:29,丰台区,东城区,17.4,4.2
2024-06-06 11:59:03,2024-06-06 12:13:03,海淀区,东城区,20.5,6.0
2024-06-21 01:35:01,2024-06-21 02:00:01,通州区,大兴区,36.4,11.9
2024-06-11 12:16:55,2024-06-11 12:36:55,石景山区,通州区,25.7,8.2
2024-06-19 17:25:40,2024-06-19 17:33:40,丰台区,西城区,16.3,4.3
2024-06-06 17:53:56,2024-06-06 18:26:56,海淀区,石景山区,39.8,13.1
2024-06-27 09:52:24,2024-06-27 09:55:24,石景山区,丰台区,16.6,1.0
2024-06-17 13:31:08,2024-06-17 13:45:08,石景山区,顺义区,21.0,5.3
2024-07-01 12:53:33,2024-07-01 13:11:33,海淀区,海淀区,35.3,10.9
2024-06-05 17:26:49,2024-06-05 17:47:49,顺义区,西城区,28.1,8.2
2024-06-19 15:03:22,2024-06-19 15:07:22,朝阳区,昌平区,18.9,3.8
2024-06-05 19:45:50,2024-06-05 19:55:50,西城区,海淀区,27.0,8.3
2024-06-24 20:12:34,2024-06-24 20:20:34,顺义区,房山区,18.9,3.7
2024-06-07 08:46:40,2024-06-07 08:49:40,丰台区,房山区,13.6,1.0
2024-06-07 12:52:09,2024-06-07 13:09:09,昌平区,昌平区,46.1,15.4
2024-06-16 08:45:19,2024-06-16 08:58:19,东城区,石景山区,23.6,6.0
2024-06-15 11:09:56,2024-06-15 11:17:56,海淀区,东城区,17.7,2.9
2024-06-09 12:57:42,2024-06-09 13:30:42,西城区,东城区,38.1,12.8
2024-06-27 17:35:31,2024-06-27 17:52:31,海淀区,门头沟区,38.5,12.9
2024-06-03 18:30:25,2024-06-03 18:51:25,海淀区,门头沟区,46.4,15.5
2024-06-03 14:17:52,2024-06-03 14:42:52,东城区,大兴区,30.7,10.2
2024-06-26 07:19:24,2024-06-26 07:34:24,顺义区,顺义区,29.2,8.3
2024-06-20 12:17:28,2024-06-20 12:33:28,朝阳区,东城区,31.5,11.0
2024-06-19 15:14:44,2024-06-19 15:21:44,昌平区,海淀区,13.2,2.8
2024-06-12 12:29:05,2024-06-12 12:56:05,朝阳区,朝阳区,35.5,12.5
2024-06-24 12:48:48,2024-06-24 13:00:48,东城区,门头沟区,20.2,5.5
2024-06-05 09:34:08,2024-06-05 09:50:08,东城区,大兴区,22.5,6.8
2024-06-28 07:04:50,2024-06-28 07:13:50,顺义区,通州区,16.0,4.2
2024-06-10 09:47:20,2024-06-10 10:09:20,丰台区,朝阳区,24.4,6.8
2024-06-11 13:16:01,2024-06-11 13:42:01,房山区,昌平区,38.1,12.9
2024-06-24 08:52:03,2024-06-24 08:55:03,东城区,丰台区,15.8,1.0
2024-06-07 17:10:44,2024-06-07 17:24:44,朝阳区,顺义区,22.0,6.0
2024-06-29 21:20:48,2024-06-29 21:41:48,大兴区,通州区,31.4,10.2
2024-06-21 13:07:23,2024-06-21 13:15:23,丰台区,西城区,21.0,4.8
2024-06-23 16:10:58,2024-06-23 16:18:58,通州区,顺义区,17.3,4.6
2024-06-09 07:37:28,2024-06-09 08:13:28,朝阳区,海淀区,53.8,20.3
2024-06-09 17:31:53,2024-06-09 18:10:53,丰台区,西城区,51.7,18.5
2024-06-25 11:54:26,2024-06-25 12:18:26,大兴区,海淀区,37.7,12.3
2024-06-10 06:14:37,2024-06-10 06:42:37,丰台区,东城区,30.6,9.4
2024-06-29 13:36:51,2024-06-29 13:56:51,昌平区,朝阳区,31.4,9.5
2024-06-05 09:30:00,2024-06-05 09:50:00,西城区,丰台区,33.7,11.2
2024-06-13 07:15:45,2024-06-13 07:30:45,海淀区,门头沟区,24.9,7.4
2024-06-03 19:34:37,2024-06-03 19:48:37,石景山区,昌平区,22.8,7.2
2024-06-27 08:18:49,2024-06-27 08:25:49,通州区,朝阳区,21.8,5.8
2024-06-07 17:20:01,2024-06-07 17:27:01,通州区,门头沟区,21.6,4.9
2024-06-15 13:27:30,2024-06-15 13:30:30,东城区,顺义区,17.2,1.0
2024-06-12 07:36:31,2024-06-12 07:56:31,朝阳区,昌平区,36.9,11.9
2024-06-25 22:15:22,2024-06-25 22:25:22,门头沟区,朝阳区,22.6,6.9
2024-06-14 09:21:15,2024-06-14 09:42:15,朝阳区,西城区,17.6,3.5
2024-06-14 22:12:24,2024-06-14 22:56:24,海淀区,丰台区,43.8,14.3
2024-06-19 12:03:10,2024-06-19 12:11:10,朝阳区,昌平区,15.0,2.3
2024-06-29 02:32:35,2024-06-29 02:56:35,丰台区,门头沟区,41.7,13.5
2024-06-04 07:23:56,2024-06-04 07:30:56,大兴区,顺义区,20.0,4.8
2024-06-28 23:37:37,2024-06-28 23:44:37,顺义区,通州区,16.0,4.3
2024-06-11 10:01:26,2024-06-11 10:15:26,丰台区,通州区,33.8,10.6
2024-06-17 12:40:28,2024-06-17 13:06:28,房山区,东城区,35.4,10.8
2024-06-13 13:32:14,2024-06-13 14:10:14,西城区,石景山区,46.2,16.7
2024-06-10 17:51:44,2024-06-10 18:34:44,朝阳区,石景山区,52.1,18.4
2024-06-30 13:41:17,2024-06-30 14:07:17,通州区,大兴区,50.2,17.7
2024-06-10 13:52:37,2024-06-10 14:26:37,西城区,西城区,44.2,15.5
2024-06-22 19:06:10,2024-06-22 19:12:10,大兴区,东城区,17.8,3.3
2024-06-09 15:08:57,2024-06-09 15:20:57,西城区,昌平区,21.8,4.8
2024-06-07 02:58:18,2024-06-07 03:17:18,大兴区,石景山区,30.5,8.8
2024-06-21 18:30:00,2024-06-21 18:41:00,朝阳区,通州区,20.5,6.1
2024-06-01 16:27:23,2024-06-01 16:44:23,朝阳区,朝阳区,33.5,10.3
2024-06-08 17:00:34,2024-06-08 17:41:34,西城区,通州区,22.7,6.8
2024-06-12 18:39:12,2024-06-12 19:00:12,顺义区,东城区,29.0,9.2
2024-06-11 18:08:44,2024-06-11 18:17:44,朝阳区,昌平区,25.1,6.1
2024-06-05 18:28:11,2024-06-05 18:33:11,顺义区,朝阳区,19.7,4.2
2024-06-21 14:47:45,2024-06-21 15:18:45,昌平区,门头沟区,36.0,11.5
2024-06-02 08:09:27,2024-06-02 08:12:27,朝阳区,丰台区,14.8,1.0
2024-06-01 09:44:06,2024-06-01 09:51:06,昌平区,海淀区,18.8,4.1
2024-06-26 18:16:22,2024-06-26 18:40:22,朝阳区,昌平区,31.5,9.0
2024-06-04 15:29:31,2024-06-04 15:49:31,东城区,朝阳区,33.4,11.5
2024-06-07 08:53:47,2024-06-07 09:06:47,西城区,通州区,33.5,9.8
2024-06-19 17:30:36,2024-06-19 17:34:36,昌平区,昌平区,15.6,1.0
2024-06-10 07:37:34,2024-06-10 07:58:34,朝阳区,东城区,36.2,12.1
2024-06-16 13:15:05,2024-06-16 13:29:05,海淀区,顺义区,28.4,7.9
2024-06-14 14:50:45,2024-06-14 15:24:45,通州区,通州区,32.5,10.5
2024-06-08 14:06:32,2024-06-08 14:09:32,石景山区,东城区,17.4,1.0
2024-06-14 18:51:16,2024-06-14 19:15:16,房山区,东城区,34.7,10.8
2024-06-25 14:10:55,2024-06-25 14:58:55,石景山区,东城区,46.6,15.5
2024-06-14 17:28:39,2024-06-14 17:39:39,海淀区,房山区,17.5,4.2
2024-06-13 19:26:11,2024-06-13 20:12:11,西城区,通州区,29.5,8.5
2024-06-10 18:20:23,2024-06-10 18:50:23,海淀区,丰台区,43.0,15.9
2024-06-01 11:27:06,2024-06-01 11:31:06,东城区,昌平区,16.4,2.1
2024-06-24 13:01:49,2024-06-24 13:31:49,昌平区,丰台区,43.6,16.2
2024-06-24 12:28:24,2024-06-24 12:44:24,丰台区,石景山区,20.4,5.0
2024-06-05 07:31:41,2024-06-05 07:45:41,海淀区,顺义区,22.7,5.2
2024-06-06 12:25:44,2024-06-06 12:33:44,房山区,朝阳区,19.3,5.4
2024-06-20 16:15:17,2024-06-20 16:31:17,大兴区,西城区,22.6,6.4
2024-06-04 07:46:53,2024-06-04 08:23:53,西城区,门头沟区,44.0,16.3
2024-06-15 15:35:07,2024-06-15 15:44:07,西城区,丰台区,24.3,6.1
2024-06-08 19:38:32,2024-06-08 19:53:32,石景山区,西城区,38.2,13.6
2024-06-04 12:42:43,2024-06-04 13:18:43,海淀区,昌平区,26.1,8.5
2024-06-03 15:38:05,2024-06-03 15:51:05,顺义区,顺义区,21.7,6.1
2024-06-22 21:21:05,2024-06-22 21:27:05,东城区,石景山区,16.3,3.1
2024-06-14 18:11:14,2024-06-14 18:23:14,海淀区,顺义区,26.4,7.4
2024-06-30 11:34:40,2024-06-30 11:55:40,西城区,丰台区,24.3,6.1
2024-06-14 12:08:05,2024-06-14 12:30:05,海淀区,石景山区,38.2,12.0
2024-06-16 13:39:51,2024-06-16 13:42:51,朝阳区,通州区,16.7,1.0
2024-06-07 13:40:13,2024-06-07 13:57:13,东城区,昌平区,22.5,5.1
2024-06-20 19:28:17,2024-06-20 19:43:17,丰台区,昌平区,30.3,9.5
2024-06-25 08:53:08,2024-06-25 09:15:08,朝阳区,通州区,36.1,11.5
2024-06-05 13:19:36,2024-06-05 13:29:36,西城区,门头沟区,24.4,7.2
2024-06-02 17:09:23,2024-06-02 17:36:23,西城区,顺义区,36.7,12.9
2024-06-23 08:08:05,2024-06-23 08:11:05,东城区,通州区,16.2,1.2
2024-06-10 11:01:03,2024-06-10 11:22:03,通州区,海淀区,27.3,7.6
2024-06-03 08:02:55,2024-06-03 08:22:55,昌平区,门头沟区,43.0,14.7
2024-06-14 17:51:16,2024-06-14 18:07:16,海淀区,海淀区,22.4,5.0
2024-06-03 18:36:21,2024-06-03 18:42:21,东城区,朝阳区,15.9,2.9
2024-06-19 09:06:03,2024-06-19 10:00:03,顺义区,丰台区,44.2,14.5
2024-06-22 09:25:05,2024-06-22 09:31:05,通州区,房山区,16.4,3.8
2024-06-15 18:18:22,2024-06-15 18:21:22,东城区,西城区,17.4,1.0
2024-06-24 13:49:28,2024-06-24 14:00:28,丰台区,丰台区,21.4,6.0
2024-06-21 12:41:20,2024-06-21 14:21:20,海淀区,房山区,48.6,16.7
2024-06-22 19:15:03,2024-06-22 19:27:03,通州区,海淀区,22.8,5.3
2024-06-10 17:42:48,2024-06-10 18:00:48,门头沟区,房山区,28.9,9.9
2024-07-01 19:10:45,2024-07-01 19:46:45,西城区,海淀区,44.7,15.7
2024-06-04 13:39:05,2024-06-04 13:58:05,东城区,西城区,25.9,8.3
2024-06-23 12:44:19,2024-06-23 12:57:19,石景山区,西城区,21.7,6.4
2024-06-02 09:54:21,2024-06-02 10:14:21,房山区,通州区,29.7,8.9
2024-06-05 12:18:42,2024-06-05 12:26:42,门头沟区,房山区,19.0,5.1
2024-06-22 17:48:45,2024-06-22 17:54:45,海淀区,昌平区,16.7,4.6
2024-06-26 16:17:21,2024-06-26 16:32:21,朝阳区,石景山区,17.5,3.7
2024-06-19 14:31:51,2024-06-19 14:40:51,朝阳区,顺义区,18.9,3.9
2024-06-26 10:06:48,2024-06-26 10:15:48,朝阳区,朝阳区,21.8,5.9
2024-06-11 11:17:52,2024-06-11 11:30:52,东城区,石景山区,31.7,9.1
2024-06-08 23:56:46,2024-06-09 00:08:46,海淀区,门头沟区,23.7,7.5
2024-06-21 17:43:04,2024-06-21 18:07:04,朝阳区,石景山区,30.4,9.9
2024-06-29 09:27:36,2024-06-29 09:36:36,丰台区,门头沟区,21.6,6.2
2024-06-24 14:35:20,2024-06-24 14:58:20,通州区,丰台区,29.8,9.7
2024-06-24 16:55:54,2024-06-24 17:39:54,朝阳区,海淀区,39.8,14.3
2024-06-21 18:06:23,2024-06-21 18:09:23,朝阳区,大兴区,17.3,1.0
2024-06-04 07:43:15,2024-06-04 08:04:15,东城区,东城区,26.1,8.0
2024-06-12 12:11:24,2024-06-12 12:51:24,通州区,东城区,33.0,9.9
2024-06-05 17:09:24,2024-06-05 17:18:24,朝阳区,昌平区,17.0,4.2
2024-06-12 13:20:43,2024-06-12 13:25:43,门头沟区,通州区,15.3,3.8
2024-06-01 17:18:28,2024-06-01 17:39:28,朝阳区,大兴区,25.7,8.2
2024-06-27 15:55:49,2024-06-27 16:05:49,昌平区,通州区,14.8,3.2
2024-06-07 15:59:16,2024-06-07 16:10:16,西城区,大兴区,16.8,4.1
2024-06-04 19:25:56,2024-06-04 19:46:56,顺义区,门头沟区,33.0,10.3
2024-06-06 18:43:13,2024-06-06 19:37:13,东城区,海淀区,47.8,16.7
2024-06-28 21:10:33,2024-06-28 21:27:33,顺义区,门头沟区,25.3,7.2
2024-06-06 11:16:43,2024-06-06 11:19:43,东城区,海淀区,14.9,1.0
2024-06-09 13:19:26,2024-06-09 13:22:26,海淀区,朝阳区,13.7,1.5
2024-06-03 19:06:19,2024-06-03 19:12:19,海淀区,顺义区,14.6,1.0
2024-06-21 13:06:01,2024-06-21 13:22:01,西城区,大兴区,28.4,9.7
2024-06-10 22:12:47,2024-06-10 22:31:47,海淀区,东城区,30.1,9.2
2024-06-19 09:21:31,2024-06-19 09:32:31,石景山区,顺义区,23.1,6.0
2024-06-12 15:42:09,2024-06-12 15:59:09,石景山区,通州区,27.1,9.1
2024-06-19 13:28:33,2024-06-19 13:41:33,东城区,顺义区,24.1,5.7
2024-06-17 12:22:24,2024-06-17 13:10:24,朝阳区,朝阳区,41.3,13.2
2024-06-16 08:58:13,2024-06-16 09:07:13,房山区,朝阳区,26.6,7.3
2024-06-25 10:24:54,2024-06-25 11:08:54,顺义区,昌平区,43.6,16.2
2024-06-14 07:14:07,2024-06-14 07:27:07,海淀区,西城区,23.0,6.9
2024-06-03 17:59:51,2024-06-03 18:25:51,房山区,房山区,36.0,12.2
2024-06-14 12:35:11,2024-06-14 12:57:11,昌平区,丰台区,34.8,11.1
2024-06-03 09:30:58,2024-06-03 09:42:58,东城区,东城区,22.3,7.0
2024-06-07 19:19:20,2024-06-07 19:25:20,朝阳区,大兴区,15.0,3.2
2024-06-28 12:58:36,2024-06-28 13:42:36,东城区,通州区,42.1,14.2
2024-06-29 17:11:36,2024-06-29 17:26:36,丰台区,丰台区,22.0,6.2
2024-06-02 12:35:24,2024-06-02 12:49:24,东城区,朝阳区,24.9,7.3
2024-06-13 18:47:07,2024-06-13 19:05:07,丰台区,昌平区,30.2,8.4
2024-06-11 12:39:51,2024-06-11 12:53:51,门头沟区,海淀区,27.3,7.1
2024-06-25 14:21:25,2024-06-25 14:48:25,昌平区,海淀区,43.9,15.4
2024-06-11 09:06:46,2024-06-11 10:09:46,海淀区,丰台区,43.9,14.3
2024-06-23 15:22:41,2024-06-23 16:03:41,海淀区,东城区,22.1,6.8
2024-06-16 15:37:04,2024-06-16 15:47:04,大兴区,门头沟区,16.4,4.3
2024-06-19 14:26:25,2024-06-19 14:37:25,石景山区,西城区,25.6,6.5
2024-06-24 19:43:11,2024-06-24 20:33:11,朝阳区,西城区,30.0,8.3
2024-06-17 09:33:21,2024-06-17 09:51:21,海淀区,石景山区,26.5,7.8
2024-06-29 08:23:38,2024-06-29 09:09:38,西城区,东城区,45.4,16.7
2024-06-15 18:51:36,2024-06-15 19:07:36,朝阳区,通州区,32.0,9.1
2024-06-22 19:43:07,2024-06-22 20:05:07,西城区,门头沟区,15.5,3.7
2024-06-24 08:45:12,2024-06-24 09:06:12,东城区,顺义区,27.8,7.4
2024-06-04 17:36:00,2024-06-04 17:43:00,通州区,西城区,18.9,4.6
2024-06-06 17:05:33,2024-06-06 17:36:33,丰台区,海淀区,29.8,8.8
2024-06-10 18:42:33,2024-06-10 18:59:33,丰台区,丰台区,29.0,9.2
2024-06-23 07:38:34,2024-06-23 08:08:34,海淀区,海淀区,34.3,11.8
2024-06-21 06:04:22,2024-06-21 06:10:22,通州区,丰台区,13.3,1.0
2024-06-13 11:15:49,2024-06-13 11:22:49,房山区,石景山区,19.1,4.4
2024-06-15 17:19:46,2024-06-15 17:22:46,通州区,通州区,15.6,1.0
2024-06-02 19:58:39,2024-06-02 20:04:39,东城区,房山区,15.6,3.6
2024-06-11 14:23:15,2024-06-11 14:59:15,东城区,石景山区,28.4,9.4
2024-06-29 17:32:59,2024-06-29 17:57:59,海淀区,朝阳区,16.1,4.2
2024-06-15 19:33:20,2024-06-15 19:40:20,通州区,大兴区,18.2,5.0
2024-06-18 16:41:15,2024-06-18 16:57:15,西城区,大兴区,28.4,8.5
2024-06-17 17:36:25,2024-06-17 18:01:25,海淀区,丰台区,46.6,16.9
2024-06-12 21:02:16,2024-06-12 21:30:16,海淀区,朝阳区,43.7,14.5
2024-06-27 08:31:44,2024-06-27 09:21:44,石景山区,朝阳区,44.1,16.5
2024-06-18 09:14:25,2024-06-18 09:37:25,大兴区,海淀区,39.8,13.9
2024-06-12 14:29:13,2024-06-12 14:56:13,昌平区,大兴区,43.3,15.2
2024-06-26 07:43:17,2024-06-26 08:09:17,东城区,朝阳区,26.7,8.7
2024-07-01 12:31:39,2024-07-01 12:48:39,东城区,丰台区,24.6,7.8
2024-06-11 09:19:05,2024-06-11 09:22:05,石景山区,石景山区,16.1,1.0
2024-06-16 11:06:31,2024-06-16 11:30:31,朝阳区,大兴区,24.2,6.3
2024-06-11 12:14:13,2024-06-11 12:33:13,东城区,西城区,28.1,9.4
2024-06-29 12:57:11,2024-06-29 13:14:11,西城区,丰台区,34.1,10.2
2024-06-11 18:58:04,2024-06-11 19:23:04,东城区,大兴区,37.5,12.3
2024-06-18 18:47:30,2024-06-18 19:01:30,房山区,东城区,35.2,10.8
2024-06-18 22:30:54,2024-06-18 22:39:54,西城区,石景山区,24.1,6.5
2024-06-29 15:37:14,2024-06-29 15:48:14,朝阳区,顺义区,26.1,7.1
2024-06-16 09:02:18,2024-06-16 09:27:18,西城区,丰台区,45.4,15.4
2024-06-26 09:53:42,2024-06-26 10:12:42,海淀区,房山区,41.3,13.7
2024-06-02 08:19:04,2024-06-02 08:22:04,西城区,东城区,16.0,1.0
2024-06-18 15:39:19,2024-06-18 16:03:19,顺义区,昌平区,29.3,8.7
2024-06-21 12:16:10,2024-06-21 12:31:10,通州区,东城区,35.5,10.8
2024-06-27 17:25:46,2024-06-27 18:00:46,西城区,大兴区,21.5,5.9
2024-06-16 07:57:58,2024-06-16 08:13:58,大兴区,门头沟区,30.7,9.5
2024-06-09 14:53:12,2024-06-09 15:00:12,东城区,通州区,15.8,3.9
2024-06-23 17:42:15,2024-06-23 18:19:15,海淀区,房山区,46.1,15.8
2024-06-15 14:05:16,2024-06-15 14:30:16,东城区,房山区,30.9,10.0
2024-06-29 12:16:48,2024-06-29 12:38:48,门头沟区,东城区,29.2,9.1
2024-06-12 06:01:35,2024-06-12 06:16:35,丰台区,丰台区,32.1,9.8
2024-06-30 17:15:03,2024-06-30 17:47:03,昌平区,昌平区,38.8,13.3
2024-06-03 18:06:03,2024-06-03 18:24:03,顺义区,昌平区,16.8,3.0
2024-06-20 17:42:10,2024-06-20 17:46:10,昌平区,朝阳区,17.0,2.7
2024-06-19 12:35:00,2024-06-19 12:39:00,石景山区,大兴区,13.8,2.5
2024-06-08 13:09:41,2024-06-08 13:35:41,石景山区,石景山区,34.8,11.6
2024-06-30 02:10:07,2024-06-30 02:35:07,东城区,石景山区,39.2,12.4
2024-06-09 13:34:05,2024-06-09 13:48:05,西城区,昌平区,28.4,9.0
2024-06-13 05:09:14,2024-06-13 05:36:14,朝阳区,顺义区,22.5,5.1
2024-06-25 19:08:35,2024-06-25 19:16:35,东城区,东城区,19.5,5.2
2024-06-10 07:03:59,2024-06-10 07:22:59,海淀区,西城区,44.9,15.9
2024-06-25 10:30:20,2024-06-25 10:49:20,房山区,丰台区,20.9,5.9
2024-06-26 10:13:22,2024-06-26 10:35:22,西城区,石景山区,31.4,10.9
2024-06-26 12:17:46,2024-06-26 12:26:46,丰台区,西城区,20.2,5.0
2024-06-01 14:34:06,2024-06-01 15:03:06,大兴区,石景山区,42.1,14.2
2024-06-07 18:03:22,2024-06-07 18:20:22,西城区,顺义区,25.4,7.6
2024-06-05 13:49:31,2024-06-05 14:17:31,西城区,海淀区,43.6,14.9
2024-06-05 19:35:20,2024-06-05 20:10:20,西城区,大兴区,35.3,11.7
2024-06-05 13:19:57,2024-06-05 14:06:57,朝阳区,朝阳区,26.5,7.8
2024-06-10 20:41:19,2024-06-10 21:05:19,顺义区,房山区,33.8,11.4
2024-06-25 08:21:48,2024-06-25 08:34:48,朝阳区,大兴区,23.9,6.8
2024-06-13 14:22:59,2024-06-13 14:39:59,顺义区,房山区,31.1,9.2
2024-07-01 13:42:40,2024-07-01 14:16:40,朝阳区,昌平区,29.8,9.8
2024-06-13 04:55:00,2024-06-13 05:04:00,通州区,大兴区,20.9,5.2
2024-06-26 12:53:43,2024-06-26 13:10:43,顺义区,丰台区,34.2,11.1
2024-06-12 02:54:25,2024-06-12 03:02:25,东城区,门头沟区,19.5,5.3
2024-06-27 07:11:34,2024-06-27 07:21:34,丰台区,海淀区,32.5,9.5
2024-06-05 07:31:56,2024-06-05 07:34:56,西城区,东城区,14.3,2.2
2024-06-25 16:27:04,2024-06-25 17:35:04,东城区,房山区,33.8,11.4
2024-06-20 11:35:39,2024-06-20 12:09:39,门头沟区,丰台区,26.2,8.2
2024-06-12 08:05:45,2024-06-12 08:31:45,海淀区,西城区,28.3,8.1
2024-06-07 23:15:12,2024-06-07 23:38:12,房山区,东城区,35.2,12.1
2024-06-16 13:13:55,2024-06-16 13:39:55,朝阳区,大兴区,40.5,13.1
2024-06-10 04:15:22,2024-06-10 04:29:22,海淀区,朝阳区,33.6,10.0
2024-06-08 08:30:32,2024-06-08 08:44:32,朝阳区,西城区,34.5,11.1
2024-06-19 17:36:50,2024-06-19 17:52:50,海淀区,顺义区,29.2,8.6
2024-06-21 18:39:50,2024-06-21 18:57:50,房山区,门头沟区,31.6,10.3
2024-06-10 08:52:01,2024-06-10 09:05:01,昌平区,大兴区,24.1,7.2
2024-06-03 18:55:36,2024-06-03 19:23:36,海淀区,西城区,33.7,10.9
2024-06-09 18:31:24,2024-06-09 18:50:24,门头沟区,石景山区,18.3,4.2
2024-06-05 16:19:37,2024-06-05 16:28:37,朝阳区,大兴区,17.7,3.5
2024-06-02 13:50:37,2024-06-02 13:53:37,朝阳区,门头沟区,13.8,1.0
2024-06-15 14:06:46,2024-06-15 14:18:46,海淀区,海淀区,28.1,7.5
2024-06-13 12:35:05,2024-06-13 12:59:05,房山区,石景山区,36.2,11.5
2024-06-24 08:48:59,2024-06-24 09:11:59,海淀区,门头沟区,32.3,11.2
2024-06-25 15:14:51,2024-06-25 15:27:51,大兴区,昌平区,19.9,5.2
2024-06-10 04:40:06,2024-06-10 05:09:06,东城区,海淀区,35.4,10.9
2024-06-08 19:16:44,2024-06-08 19:23:44,海淀区,石景山区,17.2,4.7
2024-06-03 11:03:54,2024-06-03 11:20:54,丰台区,西城区,31.7,9.9
2024-06-23 17:11:26,2024-06-23 17:24:26,石景山区,顺义区,23.0,6.7
2024-06-11 07:05:01,2024-06-11 07:32:01,朝阳区,东城区,28.9,9.8
2024-06-17 12:53:02,2024-06-17 13:11:02,朝阳区,房山区,26.2,6.6
2024-06-26 16:18:19,2024-06-26 17:13:19,朝阳区,石景山区,44.3,15.2
2024-06-27 15:43:02,2024-06-27 16:09:02,西城区,房山区,45.1,16.6
2024-06-24 12:04:38,2024-06-24 12:35:38,朝阳区,丰台区,33.5,10.8
2024-06-27 16:43:05,2024-06-27 16:54:05,海淀区,大兴区,24.5,6.4
2024-06-23 01:27:09,2024-06-23 01:43:09,西城区,石景山区,27.5,8.6
2024-06-05 09:57:55,2024-06-05 10:25:55,石景山区,东城区,40.4,14.8
2024-06-26 07:53:02,2024-06-26 08:31:02,海淀区,海淀区,53.6,19.1
2024-06-08 15:40:00,2024-06-08 15:57:00,门头沟区,海淀区,22.5,6.1
2024-06-10 16:53:17,2024-06-10 17:05:17,海淀区,房山区,33.2,10.7
2024-06-14 00:41:16,2024-06-14 00:57:16,朝阳区,门头沟区,26.0,7.5
2024-06-16 16:12:18,2024-06-16 16:34:18,昌平区,东城区,31.0,10.8
2024-06-07 17:45:37,2024-06-07 17:59:37,朝阳区,丰台区,24.4,6.6
2024-06-01 10:57:53,2024-06-01 11:12:53,西城区,大兴区,29.8,9.7
2024-06-17 17:59:09,2024-06-17 18:17:09,朝阳区,房山区,29.2,8.2
2024-06-29 21:19:46,2024-06-29 21:24:46,西城区,海淀区,18.5,3.4
2024-06-17 21:45:35,2024-06-17 22:44:35,东城区,海淀区,43.5,14.8
2024-06-06 21:18:05,2024-06-06 21:36:05,朝阳区,海淀区,28.6,8.8
2024-07-01 18:24:01,2024-07-01 18:30:01,朝阳区,丰台区,17.0,3.5
2024-06-23 17:00:32,2024-06-23 17:23:32,丰台区,大兴区,38.3,12.1
2024-06-01 09:46:56,2024-06-01 09:51:56,东城区,昌平区,16.2,2.1
2024-06-28 17:12:05,2024-06-28 17:34:05,通州区,东城区,27.3,7.8
2024-06-23 11:15:55,2024-06-23 12:14:55,门头沟区,石景山区,30.0,9.9
2024-06-06 12:07:00,2024-06-06 12:27:00,东城区,朝阳区,29.8,8.6
2024-07-01 19:31:33,2024-07-01 19:36:33,朝阳区,海淀区,14.1,2.7
2024-06-20 08:55:23,2024-06-20 09:12:23,朝阳区,昌平区,34.2,12.2
2024-06-18 15:50:06,2024-06-18 16:05:06,昌平区,石景山区,35.7,11.1
2024-06-17 23:06:38,2024-06-17 23:35:38,房山区,丰台区,36.7,12.1
2024-06-01 18:45:53,2024-06-01 18:54:53,石景山区,石景山区,20.1,4.1
2024-06-11 09:06:33,2024-06-11 09:43:33,西城区,丰台区,35.2,10.5
2024-06-05 13:32:55,2024-06-05 14:00:55,丰台区,门头沟区,27.3,9.0
2024-06-28 08:08:59,2024-06-28 08:19:59,顺义区,顺义区,21.9,5.3
2024-06-23 09:19:33,2024-06-23 09:22:33,东城区,丰台区,13.5,1.5
2024-06-30 19:36:50,2024-06-30 19:55:50,海淀区,大兴区,30.5,8.7
2024-06-30 17:28:59,2024-06-30 17:46:59,朝阳区,大兴区,22.5,6.3
2024-06-19 18:34:39,2024-06-19 19:05:39,东城区,东城区,34.8,11.9
2024-06-19 17:21:55,2024-06-19 17:46:55,通州区,海淀区,25.4,6.8
2024-06-08 11:07:26,2024-06-08 11:12:26,通州区,通州区,15.8,2.5
2024-06-13 08:36:59,2024-06-13 08:53:59,朝阳区,海淀区,33.7,10.9
2024-06-15 15:54:33,2024-06-15 16:25:33,昌平区,西城区,43.8,14.9
2024-06-29 17:17:01,2024-06-29 17:31:01,海淀区,房山区,34.6,11.1
2024-06-07 15:18:07,2024-06-07 15:21:07,海淀区,西城区,15.0,1.0
2024-06-27 15:14:01,2024-06-27 15:53:01,海淀区,大兴区,39.0,13.6
2024-06-03 23:13:35,2024-06-03 23:16:35,通州区,昌平区,14.0,1.2
2024-06-20 18:02:24,2024-06-20 18:20:24,顺义区,通州区,37.5,13.0
2024-06-16 13:45:43,2024-06-16 14:10:43,西城区,通州区,45.8,15.5
2024-06-23 07:51:48,2024-06-23 07:54:48,顺义区,通州区,13.4,1.8
2024-06-23 12:58:27,2024-06-23 13:21:27,朝阳区,通州区,34.7,11.5
2024-06-12 17:09:54,2024-06-12 17:23:54,海淀区,朝阳区,22.8,6.7
2024-06-30 18:54:12,2024-06-30 19:13:12,朝阳区,顺义区,37.3,12.1
2024-06-15 07:50:54,2024-06-15 08:00:54,顺义区,海淀区,17.5,3.8
2024-06-15 15:15:18,2024-06-15 15:27:18,房山区,房山区,26.7,8.0
2024-06-14 07:04:29,2024-06-14 07:21:29,大兴区,丰台区,37.2,11.6
2024-06-10 15:35:22,2024-06-10 15:42:22,海淀区,门头沟区,18.6,4.0
2024-06-14 11:28:17,2024-06-14 11:56:17,门头沟区,朝阳区,31.0,9.9
2024-06-14 16:08:04,2024-06-14 16:29:04,丰台区,丰台区,42.1,14.8
2024-06-27 08:27:15,2024-06-27 09:07:15,石景山区,石景山区,59.3,21.1
2024-06-16 12:00:08,2024-06-16 12:15:08,石景山区,东城区,35.5,12.7
2024-06-02 11:55:24,2024-06-02 12:12:24,海淀区,门头沟区,26.1,7.2
2024-06-03 17:25:36,2024-06-03 17:38:36,海淀区,门头沟区,28.7,8.9
2024-06-20 21:18:14,2024-06-20 21:27:14,海淀区,石景山区,25.8,7.8
2024-06-24 18:16:43,2024-06-24 18:40:43,朝阳区,朝阳区,46.7,16.9
2024-06-05 08:00:53,2024-06-05 08:15:53,朝阳区,通州区,27.3,7.1
2024-06-27 08:20:43,2024-06-27 08:24:43,顺义区,朝阳区,16.9,2.6
2024-06-18 14:26:51,2024-06-18 15:01:51,东城区,昌平区,30.4,10.0
2024-06-18 09:51:36,2024-06-18 10:04:36,通州区,昌平区,26.1,8.6
2024-06-19 13:29:16,2024-06-19 14:06:16,通州区,朝阳区,32.3,10.2
2024-06-29 18:46:04,2024-06-29 19:05:04,朝阳区,大兴区,25.6,8.4
2024-07-01 11:35:01,2024-07-01 12:01:01,朝阳区,朝阳区,29.9,9.8
2024-06-20 19:36:09,2024-06-20 19:50:09,通州区,通州区,20.8,6.4
2024-06-19 06:27:22,2024-06-19 06:46:22,海淀区,门头沟区,31.6,10.2
2024-06-02 11:05:25,2024-06-02 11:28:25,朝阳区,昌平区,43.3,14.0
2024-06-12 19:30:46,2024-06-12 20:17:46,东城区,丰台区,47.6,16.3
2024-06-17 13:05:43,2024-06-17 13:11:43,石景山区,丰台区,18.9,4.0
2024-06-08 17:13:07,2024-06-08 17:26:07,西城区,房山区,29.6,9.7
2024-06-04 08:42:08,2024-06-04 09:02:08,丰台区,海淀区,24.3,7.8
2024-06-29 07:03:24,2024-06-29 07:24:24,丰台区,昌平区,39.7,13.5
2024-06-16 18:26:49,2024-06-16 18:42:49,房山区,朝阳区,31.7,9.3
2024-06-06 11:28:42,2024-06-06 11:50:42,西城区,大兴区,34.4,10.4
2024-07-01 18:21:28,2024-07-01 18:42:28,海淀区,顺义区,39.7,13.6
2024-06-13 20:37:04,2024-06-13 20:49:04,东城区,朝阳区,30.5,9.3
2024-06-18 17:01:02,2024-06-18 17:11:02,朝阳区,昌平区,19.0,4.4
2024-06-28 11:22:14,2024-06-28 11:28:14,西城区,东城区,15.3,3.5
2024-06-19 19:41:03,2024-06-19 19:58:03,顺义区,门头沟区,35.9,10.9
2024-06-18 12:39:06,2024-06-18 12:46:06,通州区,房山区,18.1,4.9
2024-06-17 23:50:09,2024-06-18 00:04:09,西城区,东城区,18.7,5.0
2024-06-24 12:46:54,2024-06-24 12:58:54,东城区,丰台区,19.0,5.5
2024-06-20 18:18:51,2024-06-20 18:21:51,朝阳区,通州区,15.8,1.0
2024-07-01 18:08:42,2024-07-01 18:14:42,东城区,海淀区,14.0,2.9
2024-06-29 18:21:34,2024-06-29 18:32:34,通州区,顺义区,22.3,6.8
2024-06-01 09:01:40,2024-06-01 09:11:40,昌平区,昌平区,23.8,7.4
2024-06-18 14:43:25,2024-06-18 15:01:25,丰台区,房山区,36.6,12.8
2024-06-11 11:18:54,2024-06-11 11:32:54,海淀区,门头沟区,29.6,8.3
2024-06-19 11:15:01,2024-06-19 11:25:01,大兴区,丰台区,19.2,4.7
2024-06-30 05:47:39,2024-06-30 05:56:39,海淀区,大兴区,27.0,7.0
2024-06-19 14:11:21,2024-06-19 14:14:21,西城区,顺义区,14.3,1.2
2024-06-20 15:31:54,2024-06-20 15:40:54,海淀区,海淀区,23.0,5.2
2024-06-01 19:22:24,2024-06-01 19:29:24,大兴区,丰台区,15.8,3.2
2024-06-21 13:26:57,2024-06-21 13:44:57,朝阳区,顺义区,31.8,9.4
2024-06-29 14:31:37,2024-06-29 14:50:37,西城区,朝阳区,27.3,8.8
2024-06-15 11:14:40,2024-06-15 11:50:40,朝阳区,房山区,42.4,14.3
2024-06-04 12:02:19,2024-06-04 12:12:19,丰台区,海淀区,20.8,4.3
2024-06-05 07:09:04,2024-06-05 07:15:04,海淀区,通州区,16.7,3.2
2024-06-18 16:02:21,2024-06-18 16:25:21,大兴区,门头沟区,38.5,13.7
2024-06-05 17:21:52,2024-06-05 17:41:52,朝阳区,西城区,30.8,9.9
2024-06-07 09:32:51,2024-06-07 09:51:51,昌平区,石景山区,27.1,7.7
2024-06-22 18:31:27,2024-06-22 18:39:27,顺义区,通州区,16.7,4.3
2024-06-17 06:49:29,2024-06-17 07:12:29,大兴区,丰台区,32.4,11.4
2024-06-10 12:21:37,2024-06-10 12:24:37,朝阳区,大兴区,15.9,1.0
2024-06-24 11:33:05,2024-06-24 11:36:05,东城区,昌平区,13.9,1.0
2024-06-16 23:51:35,2024-06-17 00:04:35,朝阳区,西城区,24.3,7.3
2024-06-28 19:33:28,2024-06-28 20:04:28,海淀区,通州区,24.8,7.5
2024-06-09 14:51:01,2024-06-09 15:00:01,朝阳区,房山区,23.0,5.4
2024-06-20 16:40:36,2024-06-20 17:02:36,朝阳区,朝阳区,23.8,7.5
2024-06-16 04:38:21,2024-06-16 05:26:21,海淀区,丰台区,31.8,10.5
2024-06-23 18:33:11,2024-06-23 18:39:11,西城区,海淀区,16.9,4.3
2024-06-06 19:45:49,2024-06-06 20:06:49,顺义区,石景山区,34.3,11.7
2024-06-27 19:36:12,2024-06-27 19:51:12,丰台区,昌平区,18.9,5.1
2024-06-26 09:17:26,2024-06-26 09:20:26,丰台区,大兴区,18.0,1.8
2024-06-19 17:44:47,2024-06-19 18:08:47,朝阳区,大兴区,31.2,9.0
2024-06-12 16:02:42,2024-06-12 16:49:42,顺义区,朝阳区,52.9,18.8
2024-06-27 11:42:51,2024-06-27 11:55:51,石景山区,东城区,22.2,6.1
2024-06-15 18:45:13,2024-06-15 18:48:13,房山区,房山区,17.7,1.0
2024-06-20 06:58:16,2024-06-20 07:28:16,大兴区,顺义区,34.8,10.8
2024-06-10 16:49:34,2024-06-10 17:02:34,通州区,石景山区,32.5,10.7
2024-06-06 11:18:08,2024-06-06 11:33:08,海淀区,门头沟区,25.6,7.9
2024-06-10 23:16:02,2024-06-10 23:29:02,东城区,顺义区,34.4,10.3
2024-06-23 13:41:33,2024-06-23 13:52:33,大兴区,门头沟区,18.8,4.3
2024-06-25 13:38:31,2024-06-25 13:47:31,朝阳区,房山区,18.7,3.4
2024-06-01 20:07:55,2024-06-01 20:19:55,顺义区,海淀区,24.1,6.7
2024-06-04 18:13:37,2024-06-04 19:09:37,大兴区,丰台区,34.3,10.3
2024-06-18 12:01:39,2024-06-18 12:12:39,海淀区,丰台区,15.6,2.7
2024-06-17 12:20:31,2024-06-17 12:33:31,朝阳区,东城区,22.4,6.4
2024-06-11 11:46:35,2024-06-11 12:00:35,通州区,房山区,24.8,7.9
2024-06-20 18:33:13,2024-06-20 18:43:13,海淀区,房山区,24.9,6.8
2024-06-17 13:08:14,2024-06-17 13:11:14,朝阳区,丰台区,15.5,1.0
2024-06-06 09:52:37,2024-06-06 10:08:37,大兴区,丰台区,25.1,6.3
2024-06-03 19:34:33,2024-06-03 19:45:33,门头沟区,通州区,14.1,1.8
2024-06-02 19:13:30,2024-06-02 19:19:30,东城区,西城区,17.6,4.3
2024-06-17 07:57:00,2024-06-17 08:16:00,西城区,石景山区,32.2,10.9
2024-06-07 11:24:02,2024-06-07 11:40:02,通州区,丰台区,23.2,7.4
2024-06-23 13:59:39,2024-06-23 14:02:39,朝阳区,顺义区,16.0,1.0
2024-06-12 13:36:13,2024-06-12 13:43:13,石景山区,丰台区,18.1,4.2
2024-06-03 18:43:02,2024-06-03 19:13:02,丰台区,西城区,45.5,15.1
2024-06-28 19:53:25,2024-06-28 19:56:25,丰台区,大兴区,13.6,2.5
2024-06-29 16:53:21,2024-06-29 17:05:21,石景山区,东城区,23.7,7.6
2024-06-28 15:27:03,2024-06-28 15:57:03,西城区,通州区,41.3,14.0
2024-06-10 03:34:56,2024-06-10 04:17:56,西城区,门头沟区,40.4,14.0
2024-06-07 18:00:27,2024-06-07 18:09:27,石景山区,朝阳区,17.4,2.2
2024-06-18 07:28:12,2024-06-18 07:34:12,东城区,朝阳区,18.0,3.2
2024-06-13 14:23:32,2024-06-13 14:34:32,海淀区,朝阳区,22.9,7.3
2024-06-06 09:56:48,2024-06-06 10:23:48,西城区,顺义区,48.9,17.9
2024-06-21 11:04:41,2024-06-21 11:14:41,房山区,房山区,21.1,4.4
2024-06-08 19:19:33,2024-06-08 19:36:33,通州区,通州区,27.5,7.7
2024-06-10 19:27:18,2024-06-10 20:24:18,房山区,通州区,42.0,15.4
2024-06-13 08:37:56,2024-06-13 08:52:56,朝阳区,朝阳区,27.0,8.0
2024-06-09 17:35:24,2024-06-09 17:59:24,东城区,大兴区,37.1,11.4
2024-06-22 10:48:18,2024-06-22 11:23:18,朝阳区,丰台区,38.9,13.7
2024-06-01 13:49:24,2024-06-01 14:25:24,石景山区,顺义区,52.5,18.0
2024-06-24 10:43:32,2024-06-24 11:12:32,朝阳区,昌平区,37.9,12.8
2024-06-02 08:49:33,2024-06-02 09:03:33,东城区,西城区,36.9,11.4
2024-06-25 03:42:53,2024-06-25 04:13:53,石景山区,东城区,42.6,14.0
2024-06-12 12:15:01,2024-06-12 12:21:01,大兴区,房山区,15.0,3.6
2024-06-20 08:17:43,2024-06-20 08:26:43,丰台区,顺义区,18.8,4.2
2024-06-17 17:16:11,2024-06-17 17:24:11,丰台区,海淀区,23.5,5.6
2024-06-12 16:51:17,2024-06-12 17:12:17,大兴区,西城区,30.2,10.2
2024-06-11 11:51:07,2024-06-11 12:07:07,朝阳区,丰台区,26.7,7.2
2024-06-26 06:49:33,2024-06-26 06:53:33,通州区,大兴区,15.4,2.7
2024-06-25 12:33:10,2024-06-25 12:52:10,东城区,石景山区,33.7,10.2
2024-06-04 07:10:48,2024-06-04 07:26:48,东城区,丰台区,21.5,6.2
2024-06-02 09:41:18,2024-06-02 09:58:18,朝阳区,朝阳区,34.9,12.1
2024-06-13 09:29:55,2024-06-13 09:39:55,门头沟区,通州区,22.0,6.8
2024-06-02 17:39:51,2024-06-02 17:47:51,昌平区,昌平区,18.0,5.1
2024-06-01 14:34:23,2024-06-01 15:09:23,昌平区,顺义区,40.6,14.1
2024-06-26 19:03:43,2024-06-26 19:17:43,西城区,房山区,26.9,8.4
2024-06-05 10:51:59,2024-06-05 11:10:59,石景山区,朝阳区,30.4,9.2
2024-06-23 20:28:49,2024-06-23 20:31:49,海淀区,石景山区,13.9,1.0
2024-06-12 08:59:22,2024-06-12 09:12:22,朝阳区,石景山区,31.4,10.7
2024-06-09 13:39:17,2024-06-09 13:49:17,东城区,石景山区,23.3,6.5
2024-06-12 11:27:58,2024-06-12 12:16:58,通州区,丰台区,35.9,11.1
2024-06-03 19:26:02,2024-06-03 19:35:02,石景山区,房山区,25.9,7.3
2024-06-21 23:42:32,2024-06-22 00:01:32,顺义区,丰台区,36.6,11.1
2024-06-10 12:06:45,2024-06-10 12:34:45,房山区,西城区,27.8,8.6
2024-06-21 13:14:37,2024-06-21 13:32:37,海淀区,通州区,30.6,10.4
2024-06-10 13:47:08,2024-06-10 13:50:08,通州区,顺义区,16.5,1.0
2024-06-30 18:22:29,2024-06-30 19:09:29,大兴区,海淀区,50.1,18.2
2024-06-11 08:55:54,2024-06-11 09:16:54,石景山区,海淀区,41.3,13.4
2024-06-08 11:13:30,2024-06-08 11:18:30,房山区,大兴区,16.7,3.2
2024-06-19 18:40:23,2024-06-19 18:51:23,东城区,大兴区,27.3,8.4
2024-06-01 13:58:49,2024-06-01 14:10:49,西城区,石景山区,25.7,6.6
2024-06-11 17:54:38,2024-06-11 17:59:38,大兴区,门头沟区,14.7,2.1
2024-06-24 12:17:06,2024-06-24 12:30:06,昌平区,通州区,28.4,8.9
2024-06-20 13:43:10,2024-06-20 14:12:10,大兴区,顺义区,37.6,13.3
2024-06-02 07:44:35,2024-06-02 07:59:35,海淀区,丰台区,24.6,6.4
2024-06-19 10:51:39,2024-06-19 10:57:39,朝阳区,顺义区,15.7,3.9
2024-06-24 15:38:58,2024-06-24 15:41:58,海淀区,通州区,18.0,1.0
2024-06-04 18:51:51,2024-06-04 18:54:51,海淀区,海淀区,16.0,1.0
2024-06-21 19:14:43,2024-06-21 19:34:43,大兴区,通州区,39.7,12.7
2024-06-21 13:39:34,2024-06-21 14:03:34,朝阳区,顺义区,42.3,13.7
2024-06-01 17:09:28,2024-06-01 17:49:28,通州区,门头沟区,41.1,15.0
2024-06-23 05:54:34,2024-06-23 06:03:34,海淀区,昌平区,24.4,5.8
2024-06-23 00:15:28,2024-06-23 00:26:28,海淀区,通州区,23.8,6.4
2024-06-12 12:31:09,2024-06-12 12:41:09,西城区,海淀区,21.7,5.9
2024-06-06 12:37:24,2024-06-06 12:50:24,朝阳区,顺义区,25.4,6.4
2024-06-10 11:40:07,2024-06-10 11:43:07,大兴区,通州区,15.8,1.0
2024-06-04 07:38:05,2024-06-04 08:04:05,大兴区,朝阳区,36.1,12.8
2024-06-28 11:01:39,2024-06-28 11:28:39,朝阳区,顺义区,31.2,10.0
2024-06-06 12:56:55,2024-06-06 13:05:55,东城区,东城区,20.9,6.3
2024-06-14 19:55:11,2024-06-14 20:02:11,海淀区,海淀区,14.5,3.3
2024-07-01 11:28:08,2024-07-01 11:59:08,东城区,昌平区,28.7,8.5
2024-06-12 19:41:13,2024-06-12 19:48:13,朝阳区,丰台区,16.9,2.8
2024-06-03 16:19:41,2024-06-03 16:43:41,西城区,昌平区,48.5,16.5
2024-06-07 18:28:53,2024-06-07 18:43:53,昌平区,门头沟区,31.9,10.7
2024-06-05 18:37:11,2024-06-05 18:57:11,顺义区,通州区,30.4,10.3
2024-06-27 23:47:56,2024-06-28 00:08:56,海淀区,昌平区,36.2,11.2
2024-06-07 09:35:25,2024-06-07 09:47:25,通州区,顺义区,27.8,8.6
2024-06-26 19:43:19,2024-06-26 20:14:19,西城区,昌平区,53.3,18.4
2024-06-02 03:54:15,2024-06-02 03:59:15,朝阳区,门头沟区,15.5,2.8
2024-06-20 12:01:00,2024-06-20 12:21:00,朝阳区,门头沟区,24.7,6.3
2024-06-28 16:10:47,2024-06-28 16:30:47,西城区,西城区,32.2,10.1
2024-06-21 19:30:48,2024-06-21 19:35:48,西城区,石景山区,15.3,3.3
2024-06-01 18:34:47,2024-06-01 18:55:47,海淀区,通州区,23.6,7.3
2024-06-16 08:31:59,2024-06-16 08:34:59,东城区,海淀区,16.7,1.0
2024-06-17 12:18:43,2024-06-17 12:28:43,丰台区,西城区,26.0,6.9
2024-06-19 07:18:30,2024-06-19 07:51:30,石景山区,顺义区,33.5,10.3
2024-06-07 17:30:22,2024-06-07 17:36:22,朝阳区,房山区,14.2,3.2
2024-06-21 10:32:33,2024-06-21 10:48:33,大兴区,顺义区,28.4,9.6
2024-06-01 13:55:47,2024-06-01 14:09:47,通州区,昌平区,24.0,5.8
2024-06-06 21:11:46,2024-06-06 21:15:46,朝阳区,东城区,14.1,1.0
2024-07-01 09:13:50,2024-07-01 10:08:50,朝阳区,通州区,28.2,9.2
2024-06-20 10:06:28,2024-06-20 10:39:28,昌平区,石景山区,57.6,21.2
2024-06-14 11:33:41,2024-06-14 11:46:41,西城区,昌平区,27.3,8.0
2024-06-26 22:00:43,2024-06-26 22:12:43,西城区,门头沟区,19.7,5.0
2024-06-24 11:06:00,2024-06-24 11:18:00,石景山区,顺义区,22.8,6.1
2024-06-05 17:23:23,2024-06-05 17:29:23,西城区,丰台区,16.5,3.6
2024-06-30 17:38:13,2024-06-30 17:57:13,朝阳区,房山区,36.7,12.3
2024-06-28 11:09:32,2024-06-28 11:12:32,西城区,房山区,15.9,1.0
2024-06-20 08:32:24,2024-06-20 08:46:24,海淀区,东城区,25.0,7.8
2024-06-10 08:14:31,2024-06-10 08:39:31,西城区,房山区,36.4,12.7
2024-06-12 01:32:13,2024-06-12 02:11:13,昌平区,海淀区,39.6,13.3
2024-06-11 07:04:50,2024-06-11 07:13:50,昌平区,通州区,16.1,3.4
2024-06-05 19:43:59,2024-06-05 20:12:59,顺义区,石景山区,31.0,10.5
2024-06-29 12:16:20,2024-06-29 12:26:20,通州区,房山区,23.5,6.5
2024-06-19 19:21:36,2024-06-19 19:33:36,昌平区,大兴区,21.3,5.6
2024-06-01 11:49:16,2024-06-01 11:58:16,朝阳区,朝阳区,15.7,2.7
2024-06-22 15:53:13,2024-06-22 16:29:13,昌平区,东城区,49.2,16.8
2024-06-29 11:02:14,2024-06-29 11:42:14,顺义区,西城区,40.3,13.6
2024-06-26 22:20:57,2024-06-26 22:49:57,朝阳区,西城区,29.9,10.2
2024-06-09 14:57:02,2024-06-09 15:20:02,东城区,东城区,37.8,11.8
2024-06-26 11:42:50,2024-06-26 11:59:50,东城区,昌平区,27.8,8.4
2024-06-18 13:34:50,2024-06-18 13:37:50,昌平区,东城区,15.9,1.0
2024-06-15 08:11:53,2024-06-15 08:24:53,通州区,海淀区,19.7,5.9
2024-06-17 16:48:21,2024-06-17 16:58:21,朝阳区,顺义区,27.2,7.1
2024-06-22 06:45:48,2024-06-22 07:00:48,海淀区,丰台区,28.2,8.6
2024-06-03 14:40:08,2024-06-03 14:53:08,昌平区,东城区,34.1,11.8
2024-06-09 13:28:54,2024-06-09 13:40:54,海淀区,东城区,33.7,10.4
2024-06-19 14:18:10,2024-06-19 14:56:10,通州区,顺义区,43.0,14.0
2024-06-23 13:18:54,2024-06-23 13:27:54,西城区,石景山区,25.6,6.5
2024-06-04 13:29:34,2024-06-04 13:52:34,朝阳区,通州区,34.4,10.8
2024-06-26 17:31:32,2024-06-26 17:47:32,海淀区,海淀区,20.5,6.2
2024-06-22 08:27:53,2024-06-22 09:04:53,昌平区,石景山区,48.6,16.3
2024-06-21 14:00:57,2024-06-21 14:44:57,通州区,大兴区,46.9,16.6
2024-06-01 00:34:54,2024-06-01 00:47:54,东城区,大兴区,22.0,6.3
2024-06-16 19:28:27,2024-06-16 19:39:27,通州区,朝阳区,23.7,5.6
2024-07-01 12:29:00,2024-07-01 12:47:00,朝阳区,东城区,30.5,9.3
2024-06-11 05:51:51,2024-06-11 06:32:51,顺义区,大兴区,42.7,14.1
2024-06-10 17:05:48,2024-06-10 18:02:48,大兴区,海淀区,36.4,11.5
2024-06-12 20:27:36,2024-06-12 21:01:36,东城区,朝阳区,37.2,12.8
2024-06-29 14:25:11,2024-06-29 14:41:11,昌平区,石景山区,38.1,12.4
2024-06-16 14:12:48,2024-06-16 14:42:48,西城区,顺义区,48.4,16.6
2024-06-18 18:47:12,2024-06-18 18:55:12,朝阳区,丰台区,25.0,6.1
2024-06-22 12:03:32,2024-06-22 12:15:32,西城区,顺义区,22.7,6.6
2024-06-02 13:53:16,2024-06-02 14:21:16,通州区,门头沟区,46.8,15.9
2024-06-15 09:41:05,2024-06-15 09:59:05,石景山区,朝阳区,23.9,7.3
2024-06-15 00:38:17,2024-06-15 00:56:17,朝阳区,东城区,24.0,7.7
2024-06-27 19:20:14,2024-06-27 19:34:14,石景山区,大兴区,24.5,7.1
2024-06-28 08:53:50,2024-06-28 08:59:50,通州区,朝阳区,18.6,3.7
2024-06-25 14:26:31,2024-06-25 14:39:31,丰台区,丰台区,23.8,7.0
2024-06-14 17:36:51,2024-06-14 17:48:51,东城区,丰台区,24.5,7.3
2024-06-13 13:06:35,2024-06-13 13:19:35,房山区,海淀区,23.3,6.0
2024-06-30 08:41:15,2024-06-30 08:44:15,大兴区,东城区,17.6,1.0
2024-06-09 17:33:56,2024-06-09 17:52:56,海淀区,房山区,22.0,6.5
2024-06-17 07:53:35,2024-06-17 09:11:35,海淀区,房山区,38.7,13.5
2024-06-15 13:17:32,2024-06-15 13:23:32,朝阳区,通州区,13.6,1.0
2024-07-01 18:23:55,2024-07-01 18:42:55,海淀区,西城区,27.8,8.9
2024-06-30 20:07:45,2024-06-30 20:18:45,西城区,房山区,29.4,9.3
2024-06-19 19:34:01,2024-06-19 19:52:01,昌平区,昌平区,25.7,8.1
2024-06-20 08:52:22,2024-06-20 09:08:22,西城区,东城区,27.4,9.2
2024-06-20 11:34:27,2024-06-20 12:25:27,丰台区,顺义区,41.3,15.1
2024-06-04 11:55:59,2024-06-04 12:00:59,石景山区,房山区,19.2,3.9
2024-06-18 08:09:54,2024-06-18 08:19:54,通州区,房山区,20.9,5.7
2024-07-01 07:41:15,2024-07-01 07:52:15,西城区,门头沟区,21.7,6.6
2024-06-15 09:38:58,2024-06-15 09:57:58,海淀区,门头沟区,29.4,10.1
2024-06-05 21:47:52,2024-06-05 21:59:52,东城区,海淀区,18.2,4.4
2024-06-02 15:06:02,2024-06-02 15:39:02,朝阳区,通州区,24.5,6.5
2024-06-26 21:58:13,2024-06-26 22:17:13,海淀区,通州区,21.8,6.8
2024-06-20 12:19:41,2024-06-20 12:41:41,朝阳区,昌平区,36.1,12.9
2024-06-07 10:38:38,2024-06-07 10:44:38,朝阳区,昌平区,17.7,2.9
2024-06-10 12:44:41,2024-06-10 13:04:41,海淀区,通州区,36.8,11.2
2024-06-19 19:43:07,2024-06-19 19:59:07,西城区,大兴区,29.3,10.0
2024-06-06 18:51:06,2024-06-06 19:15:06,海淀区,昌平区,33.8,10.7
2024-06-14 19:30:44,2024-06-14 20:06:44,西城区,顺义区,33.3,11.0
2024-06-18 13:12:43,2024-06-18 13:39:43,石景山区,顺义区,32.8,11.5
2024-06-08 18:26:01,2024-06-08 18:43:01,顺义区,海淀区,19.2,5.6
2024-06-20 12:40:24,2024-06-20 12:58:24,西城区,丰台区,29.1,9.1
2024-06-18 19:55:22,2024-06-18 20:08:22,丰台区,门头沟区,28.2,8.5
2024-06-04 15:49:30,2024-06-04 16:08:30,朝阳区,顺义区,32.5,11.1
2024-06-09 13:47:18,2024-06-09 14:07:18,顺义区,通州区,26.5,7.7
2024-06-16 13:44:44,2024-06-16 13:47:44,海淀区,大兴区,17.7,1.0
2024-06-19 23:48:33,2024-06-19 23:52:33,石景山区,大兴区,16.9,1.0
2024-06-22 13:02:24,2024-06-22 13:20:24,丰台区,房山区,27.6,7.3
2024-06-03 13:46:41,2024-06-03 13:50:41,房山区,石景山区,17.9,2.6
2024-06-16 11:03:36,2024-06-16 11:23:36,东城区,通州区,35.7,12.8
2024-06-10 04:59:01,2024-06-10 05:08:01,昌平区,朝阳区,26.4,6.9
2024-06-10 17:19:16,2024-06-10 17:22:16,丰台区,大兴区,15.4,1.4
2024-07-01 09:33:23,2024-07-01 09:58:23,东城区,西城区,34.1,10.1
2024-06-22 07:51:30,2024-06-22 07:57:30,石景山区,房山区,17.7,4.4
2024-06-04 08:42:51,2024-06-04 09:06:51,东城区,门头沟区,34.9,10.8
2024-06-21 17:57:05,2024-06-21 18:12:05,昌平区,门头沟区,28.2,8.9
2024-06-07 11:30:43,2024-06-07 11:52:43,海淀区,石景山区,38.8,12.8
2024-06-19 15:43:01,2024-06-19 16:19:01,丰台区,朝阳区,54.2,19.7
2024-06-26 05:00:42,2024-06-26 05:10:42,东城区,朝阳区,18.1,3.6
2024-06-07 17:17:22,2024-06-07 18:19:22,海淀区,东城区,57.2,21.8
2024-06-04 09:49:50,2024-06-04 09:59:50,西城区,昌平区,22.2,6.4
2024-06-21 16:18:40,2024-06-21 16:30:40,海淀区,昌平区,23.2,7.1
2024-06-13 09:14:26,2024-06-13 09:19:26,海淀区,房山区,17.6,4.0
2024-06-11 19:17:23,2024-06-11 19:32:23,大兴区,顺义区,17.9,5.0
2024-06-02 17:28:40,2024-06-02 18:07:40,石景山区,东城区,35.1,11.0
2024-06-08 09:40:20,2024-06-08 09:47:20,丰台区,门头沟区,18.4,3.4
2024-06-10 09:04:59,2024-06-10 09:15:59,西城区,海淀区,30.2,8.8
2024-06-07 18:24:45,2024-06-07 18:36:45,朝阳区,大兴区,24.3,5.8
2024-06-18 21:40:34,2024-06-18 21:43:34,海淀区,昌平区,17.3,1.0
2024-06-03 11:32:37,2024-06-03 11:41:37,朝阳区,石景山区,24.4,6.1
2024-06-01 09:53:59,2024-06-01 10:12:59,丰台区,朝阳区,36.8,11.9
2024-06-07 11:00:24,2024-06-07 11:29:24,房山区,房山区,34.8,11.5
2024-06-18 15:47:25,2024-06-18 16:31:25,丰台区,昌平区,32.1,11.3
2024-06-01 13:50:05,2024-06-01 14:11:05,东城区,顺义区,34.8,11.1
2024-06-07 18:25:42,2024-06-07 18:28:42,西城区,东城区,15.6,1.0
2024-06-07 13:57:56,2024-06-07 14:15:56,昌平区,门头沟区,31.2,9.4
2024-06-02 18:05:32,2024-06-02 18:22:32,海淀区,东城区,32.8,9.6
2024-06-23 08:35:23,2024-06-23 09:14:23,大兴区,门头沟区,25.0,8.0
2024-06-26 06:34:41,2024-06-26 06:37:41,石景山区,昌平区,15.5,1.0
2024-06-14 13:50:37,2024-06-14 15:25:37,顺义区,东城区,54.7,19.4
2024-06-10 18:08:14,2024-06-10 18:58:14,昌平区,丰台区,40.3,14.7
2024-06-24 09:33:46,2024-06-24 10:22:46,东城区,海淀区,32.6,10.1
2024-06-01 13:04:26,2024-06-01 13:16:26,通州区,大兴区,18.2,3.4
2024-06-10 16:50:19,2024-06-10 16:57:19,海淀区,房山区,19.5,3.7
2024-06-04 13:37:16,2024-06-04 14:22:16,西城区,西城区,48.3,17.2
2024-06-11 09:46:31,2024-06-11 10:23:31,朝阳区,顺义区,46.5,17.1
2024-06-02 18:22:49,2024-06-02 19:11:49,石景山区,石景山区,41.6,13.3
2024-06-26 08:16:25,2024-06-26 08:22:25,海淀区,东城区,15.7,2.1
2024-06-04 09:38:12,2024-06-04 09:52:12,西城区,门头沟区,17.8,4.5
2024-06-29 17:24:01,2024-06-29 17:34:01,西城区,门头沟区,23.2,5.9
2024-06-19 07:58:12,2024-06-19 08:19:12,朝阳区,大兴区,27.0,9.0
2024-06-18 07:50:46,2024-06-18 08:05:46,朝阳区,朝阳区,37.7,12.1
2024-06-23 17:06:00,2024-06-23 17:09:00,朝阳区,西城区,13.2,2.1
2024-06-20 17:46:34,2024-06-20 18:18:34,海淀区,丰台区,42.9,15.5
2024-06-15 16:11:17,2024-06-15 16:32:17,丰台区,西城区,28.9,8.9
2024-06-24 12:37:52,2024-06-24 12:42:52,石景山区,西城区,13.8,1.2
2024-06-09 13:40:36,2024-06-09 14:01:36,石景山区,朝阳区,37.1,11.6
2024-06-18 12:52:28,2024-06-18 13:04:28,房山区,朝阳区,27.6,7.7
2024-06-07 19:26:06,2024-06-07 19:57:06,海淀区,大兴区,28.6,8.1
2024-06-23 09:45:59,2024-06-23 10:06:59,西城区,顺义区,24.7,6.4
2024-06-24 08:35:15,2024-06-24 10:02:15,西城区,西城区,43.6,15.3
2024-06-16 13:27:13,2024-06-16 13:49:13,朝阳区,朝阳区,27.6,8.0
2024-06-04 14:22:07,2024-06-04 14:38:07,西城区,通州区,37.8,13.4
2024-06-10 12:26:26,2024-06-10 12:47:26,大兴区,大兴区,40.5,13.5
2024-06-16 11:04:28,2024-06-16 11:17:28,通州区,海淀区,26.4,8.1
2024-06-04 02:10:49,2024-06-04 02:24:49,房山区,海淀区,18.1,4.4
2024-06-24 07:14:15,2024-06-24 07:35:15,昌平区,东城区,24.6,8.0
2024-06-08 12:23:47,2024-06-08 12:26:47,顺义区,门头沟区,15.6,1.0
2024-06-20 15:31:41,2024-06-20 15:59:41,石景山区,大兴区,31.5,10.0
2024-06-28 13:47:12,2024-06-28 14:14:12,丰台区,石景山区,23.1,6.0
2024-06-19 17:32:41,2024-06-19 17:42:41,东城区,东城区,24.0,6.6
2024-06-26 03:07:38,2024-06-26 03:35:38,朝阳区,大兴区,32.1,10.1
2024-06-04 16:16:05,2024-06-04 16:19:05,朝阳区,东城区,13.4,1.0
2024-06-25 09:23:38,2024-06-25 09:31:38,昌平区,通州区,14.9,2.8
2024-06-12 17:33:38,2024-06-12 17:36:38,房山区,西城区,17.9,1.0
2024-06-28 14:12:42,2024-06-28 14:35:42,昌平区,大兴区,33.1,11.6
2024-06-10 21:42:55,2024-06-10 22:14:55,东城区,大兴区,37.9,13.4
2024-06-16 19:29:36,2024-06-16 19:54:36,石景山区,房山区,40.8,14.2
2024-06-24 11:22:45,2024-06-24 11:32:45,丰台区,东城区,20.5,5.8
2024-06-04 13:10:34,2024-06-04 13:17:34,朝阳区,海淀区,21.5,5.4
2024-06-15 12:32:49,2024-06-15 12:48:49,海淀区,门头沟区,27.5,7.7
2024-06-12 21:02:52,2024-06-12 21:19:52,东城区,石景山区,25.5,7.2
2024-06-17 12:46:56,2024-06-17 13:07:56,丰台区,丰台区,30.3,9.8
2024-06-02 14:12:37,2024-06-02 14:25:37,东城区,房山区,28.6,8.3
2024-06-21 14:03:41,2024-06-21 14:21:41,石景山区,东城区,20.9,4.8
2024-06-03 23:56:50,2024-06-04 01:17:50,海淀区,通州区,41.1,13.5
2024-06-16 17:55:53,2024-06-16 18:04:53,西城区,石景山区,19.4,5.0
2024-06-01 16:01:02,2024-06-01 16:19:02,丰台区,丰台区,33.7,10.7
2024-06-10 18:21:55,2024-06-10 18:24:55,海淀区,通州区,13.9,1.9
2024-06-09 23:51:04,2024-06-09 23:57:04,东城区,房山区,15.5,4.1
2024-06-29 15:58:36,2024-06-29 16:10:36,西城区,西城区,24.7,6.6
2024-06-02 16:38:49,2024-06-02 16:48:49,西城区,石景山区,21.8,5.8
2024-06-03 08:50:12,2024-06-03 09:11:12,东城区,海淀区,42.1,14.4
2024-06-15 07:52:50,2024-06-15 08:06:50,房山区,门头沟区,29.3,8.3
2024-06-17 12:45:52,2024-06-17 12:58:52,昌平区,昌平区,36.0,11.6
2024-06-19 20:49:50,2024-06-19 21:06:50,东城区,大兴区,39.0,13.4
2024-06-12 23:52:55,2024-06-13 00:18:55,海淀区,昌平区,40.4,13.4
2024-06-08 07:13:13,2024-06-08 07:35:13,通州区,东城区,27.8,8.6
2024-06-30 17:29:05,2024-06-30 17:37:05,海淀区,丰台区,20.4,6.0
2024-07-01 17:23:29,2024-07-01 17:26:29,丰台区,朝阳区,16.1,1.0
2024-06-17 10:30:10,2024-06-17 10:40:10,西城区,房山区,20.9,6.3
2024-06-09 11:42:31,2024-06-09 11:51:31,东城区,顺义区,23.8,6.1
2024-06-14 12:24:16,2024-06-14 12:28:16,朝阳区,顺义区,14.8,1.3
2024-06-14 07:09:12,2024-06-14 07:25:12,门头沟区,海淀区,34.9,10.8
2024-06-22 15:07:24,2024-06-22 15:28:24,丰台区,门头沟区,35.8,12.0
2024-06-26 10:41:37,2024-06-26 10:51:37,海淀区,石景山区,21.2,4.4
2024-06-08 09:14:55,2024-06-08 09:29:55,昌平区,大兴区,22.5,5.6
2024-06-21 15:38:02,2024-06-21 15:50:02,朝阳区,房山区,18.4,4.3
2024-06-13 17:58:24,2024-06-13 18:21:24,朝阳区,东城区,29.4,8.1
2024-06-26 12:56:44,2024-06-26 13:08:44,西城区,房山区,31.0,8.7
2024-06-04 13:05:03,2024-06-04 13:13:03,朝阳区,西城区,18.6,4.2
2024-06-14 11:03:37,2024-06-14 11:12:37,房山区,西城区,21.9,5.5
2024-06-25 07:20:01,2024-06-25 07:45:01,朝阳区,丰台区,37.5,12.6
2024-06-17 07:39:49,2024-06-17 07:49:49,海淀区,丰台区,19.7,5.6
2024-06-08 07:37:43,2024-06-08 07:57:43,丰台区,昌平区,31.4,9.7
2024-06-12 18:05:42,2024-06-12 18:20:42,海淀区,房山区,35.6,11.0
2024-06-15 12:16:58,2024-06-15 12:40:58,海淀区,顺义区,42.1,14.0
2024-06-10 14:59:22,2024-06-10 15:06:22,海淀区,石景山区,18.2,3.7
2024-06-03 19:10:17,2024-06-03 19:54:17,顺义区,石景山区,41.6,13.5
2024-06-03 08:31:14,2024-06-03 08:42:14,门头沟区,顺义区,18.1,5.1
2024-06-17 13:33:19,2024-06-17 13:38:19,顺义区,石景山区,15.8,3.3
2024-06-24 11:33:47,2024-06-24 11:39:47,昌平区,石景山区,16.3,3.7
2024-06-01 22:29:40,2024-06-01 22:40:40,西城区,门头沟区,23.4,7.2
2024-06-04 18:39:19,2024-06-04 19:00:19,大兴区,海淀区,26.6,7.7
2024-06-24 12:36:59,2024-06-24 13:05:59,门头沟区,门头沟区,44.1,14.4
2024-06-21 17:03:08,2024-06-21 17:09:08,朝阳区,顺义区,19.4,4.0
2024-06-05 12:19:20,2024-06-05 12:41:20,海淀区,通州区,25.0,6.7
2024-06-23 08:21:19,2024-06-23 08:24:19,通州区,大兴区,14.3,1.0
2024-06-18 20:35:15,2024-06-18 20:42:15,海淀区,东城区,15.0,3.2
2024-06-10 12:28:27,2024-06-10 12:40:27,西城区,海淀区,32.4,9.5
2024-06-05 16:13:11,2024-06-05 16:31:11,丰台区,大兴区,23.2,6.8
2024-06-14 19:32:17,2024-06-14 19:35:17,海淀区,西城区,17.5,1.0
2024-06-04 08:17:03,2024-06-04 08:24:03,西城区,门头沟区,20.9,4.4
2024-06-09 08:40:18,2024-06-09 08:55:18,通州区,海淀区,23.2,7.3
2024-06-18 19:11:34,2024-06-18 19:21:34,海淀区,海淀区,21.6,6.6
2024-06-11 18:22:28,2024-06-11 18:35:28,丰台区,顺义区,21.1,5.9
2024-06-07 17:47:17,2024-06-07 17:54:17,门头沟区,顺义区,18.8,3.9
2024-06-25 17:30:20,2024-06-25 17:33:20,顺义区,东城区,17.7,1.0
2024-06-07 18:22:18,2024-06-07 18:52:18,海淀区,丰台区,34.5,11.1
2024-06-18 17:32:55,2024-06-18 17:55:55,西城区,朝阳区,38.7,12.4
2024-06-16 11:17:36,2024-06-16 11:33:36,大兴区,朝阳区,25.3,7.8
2024-06-21 20:45:12,2024-06-21 20:48:12,通州区,顺义区,13.3,1.1
2024-07-01 09:11:28,2024-07-01 09:16:28,东城区,门头沟区,16.1,3.1
2024-06-06 09:41:04,2024-06-06 10:12:04,朝阳区,海淀区,31.7,10.3
2024-06-03 12:00:06,2024-06-03 12:31:06,西城区,海淀区,37.2,12.8
2024-06-20 17:03:18,2024-06-20 17:13:18,顺义区,石景山区,22.1,5.0
2024-06-13 18:00:27,2024-06-13 18:20:27,丰台区,昌平区,33.5,11.3
2024-06-10 15:19:35,2024-06-10 15:55:35,大兴区,昌平区,42.0,13.8
2024-06-01 17:44:38,2024-06-01 17:56:38,通州区,顺义区,25.2,7.9
2024-06-22 07:30:17,2024-06-22 07:42:17,昌平区,丰台区,26.0,6.8
2024-06-26 17:20:14,2024-06-26 17:37:14,昌平区,朝阳区,17.8,5.0
2024-06-13 09:37:03,2024-06-13 09:45:03,昌平区,通州区,17.7,4.0
2024-06-24 17:36:46,2024-06-24 17:48:46,海淀区,昌平区,17.9,5.1
2024-06-20 09:40:20,2024-06-20 09:46:20,丰台区,西城区,15.8,2.9
2024-06-21 23:06:14,2024-06-21 23:19:14,昌平区,朝阳区,33.3,10.4
2024-06-09 07:49:44,2024-06-09 07:55:44,西城区,通州区,16.7,3.2
2024-06-03 09:56:21,2024-06-03 10:22:21,东城区,通州区,42.0,14.0
2024-06-25 11:31:25,2024-06-25 12:21:25,海淀区,房山区,28.4,8.3
2024-06-29 11:34:04,2024-06-29 11:51:04,朝阳区,东城区,34.5,11.4
2024-06-05 09:48:50,2024-06-05 09:51:50,朝阳区,朝阳区,16.9,1.0
2024-06-27 07:04:04,2024-06-27 07:16:04,朝阳区,海淀区,19.4,5.6
2024-06-22 18:12:51,2024-06-22 18:18:51,海淀区,顺义区,19.3,3.9
2024-06-16 11:40:10,2024-06-16 12:10:10,丰台区,海淀区,38.3,13.4
2024-06-13 16:29:05,2024-06-13 16:40:05,东城区,大兴区,24.6,6.1
2024-06-06 11:44:10,2024-06-06 11:58:10,大兴区,东城区,24.0,6.7
2024-06-24 17:03:53,2024-06-24 17:19:53,门头沟区,朝阳区,23.4,7.0
2024-06-21 18:32:54,2024-06-21 19:05:54,门头沟区,东城区,38.1,13.8
2024-06-27 08:16:40,2024-06-27 08:53:40,朝阳区,东城区,24.5,7.6
2024-06-25 09:32:33,2024-06-25 09:45:33,西城区,西城区,28.4,8.1
2024-06-22 09:12:24,2024-06-22 09:15:24,顺义区,房山区,16.2,1.0
2024-06-02 12:26:13,2024-06-02 12:42:13,丰台区,东城区,24.8,6.8
2024-06-16 07:51:21,2024-06-16 08:33:21,通州区,通州区,40.7,14.3
2024-06-15 17:26:19,2024-06-15 17:47:19,昌平区,大兴区,36.9,12.6
2024-06-24 09:40:23,2024-06-24 10:11:23,西城区,海淀区,39.0,12.9
2024-07-01 09:45:00,2024-07-01 10:30:00,朝阳区,门头沟区,51.0,17.8
2024-06-06 09:01:49,2024-06-06 09:27:49,石景山区,顺义区,37.0,11.6
2024-06-05 14:30:10,2024-06-05 15:04:10,西城区,门头沟区,53.0,20.1
2024-06-29 21:59:49,2024-06-29 22:16:49,朝阳区,丰台区,24.6,7.8
2024-06-24 19:15:23,2024-06-24 19:35:23,石景山区,丰台区,30.3,8.8
2024-06-17 18:24:25,2024-06-17 18:38:25,昌平区,朝阳区,29.2,9.2
2024-06-01 14:25:53,2024-06-01 14:37:53,西城区,门头沟区,16.2,3.2
2024-06-19 06:12:33,2024-06-19 06:34:33,朝阳区,丰台区,29.8,9.4
2024-06-19 14:02:55,2024-06-19 14:11:55,大兴区,东城区,15.6,2.9
2024-06-27 09:42:58,2024-06-27 10:00:58,通州区,丰台区,30.8,10.5
2024-06-29 08:24:35,2024-06-29 08:53:35,海淀区,门头沟区,45.1,15.9
2024-06-27 13:56:49,2024-06-27 14:11:49,门头沟区,东城区,24.0,7.5
2024-06-15 06:10:20,2024-06-15 06:33:20,西城区,顺义区,37.6,11.8
2024-06-23 18:31:15,2024-06-23 18:45:15,丰台区,东城区,32.1,9.6
2024-06-24 12:20:04,2024-06-24 12:56:04,朝阳区,西城区,41.5,14.8
2024-06-02 17:59:10,2024-06-02 18:39:10,东城区,朝阳区,43.6,15.0
2024-06-29 13:31:14,2024-06-29 13:46:14,东城区,丰台区,29.7,9.9
2024-06-13 18:46:25,2024-06-13 18:57:25,朝阳区,房山区,23.0,6.9
2024-06-03 03:12:12,2024-06-03 04:25:12,西城区,门头沟区,39.1,12.2
2024-06-11 08:20:12,2024-06-11 08:31:12,昌平区,门头沟区,22.7,5.6
2024-06-15 12:03:44,2024-06-15 12:17:44,朝阳区,丰台区,23.2,6.7
2024-06-20 08:45:00,2024-06-20 08:48:00,东城区,门头沟区,16.1,2.6
2024-06-04 08:24:46,2024-06-04 08:47:46,丰台区,海淀区,35.1,10.7
2024-06-10 12:06:00,2024-06-10 12:12:00,海淀区,大兴区,19.7,4.4
2024-06-10 18:00:55,2024-06-10 18:27:55,海淀区,顺义区,36.6,12.3
2024-06-05 17:34:19,2024-06-05 17:57:19,通州区,大兴区,32.7,10.0
2024-06-09 09:00:51,2024-06-09 09:19:51,西城区,门头沟区,30.0,10.2
2024-06-17 09:18:09,2024-06-17 09:27:09,通州区,顺义区,18.9,5.3
2024-06-05 17:29:30,2024-06-05 17:41:30,朝阳区,门头沟区,21.5,5.7
2024-06-07 17:20:25,2024-06-07 17:30:25,顺义区,门头沟区,16.9,3.2
2024-06-10 17:44:44,2024-06-10 17:57:44,东城区,房山区,29.9,9.1
2024-06-11 19:03:24,2024-06-11 19:25:24,房山区,朝阳区,40.8,14.2
2024-06-14 14:27:46,2024-06-14 14:45:46,通州区,顺义区,24.2,7.7
2024-06-16 03:56:26,2024-06-16 04:14:26,朝阳区,昌平区,33.5,9.9
2024-06-27 14:14:40,2024-06-27 14:55:40,海淀区,东城区,53.3,19.6
2024-06-09 12:01:22,2024-06-09 12:12:22,丰台区,昌平区,18.3,4.1
2024-06-21 14:04:10,2024-06-21 14:07:10,朝阳区,门头沟区,15.4,1.0
2024-06-28 10:41:21,2024-06-28 11:17:21,东城区,大兴区,36.2,11.1
2024-06-05 05:15:29,2024-06-05 05:39:29,海淀区,东城区,22.7,7.1
2024-06-29 19:22:47,2024-06-29 19:28:47,东城区,朝阳区,14.0,3.3
2024-06-29 17:42:22,2024-06-29 17:53:22,朝阳区,大兴区,28.5,8.1
2024-06-30 05:21:57,2024-06-30 06:00:57,大兴区,海淀区,48.0,16.6
2024-06-13 09:15:54,2024-06-13 09:48:54,昌平区,房山区,22.7,5.5
2024-06-18 15:54:06,2024-06-18 16:13:06,房山区,石景山区,22.6,6.3
2024-06-08 11:59:03,2024-06-08 12:08:03,门头沟区,石景山区,17.4,3.7
2024-06-28 20:10:59,2024-06-28 20:30:59,西城区,昌平区,42.0,14.2
2024-06-29 18:55:53,2024-06-29 19:10:53,通州区,东城区,25.9,7.0
2024-06-17 07:06:57,2024-06-17 07:50:57,丰台区,西城区,32.1,11.2
2024-06-28 11:16:43,2024-06-28 11:24:43,海淀区,东城区,20.3,6.1
2024-06-03 12:47:52,2024-06-03 12:57:52,石景山区,东城区,26.1,7.6
2024-06-10 12:01:46,2024-06-10 12:13:46,通州区,昌平区,29.8,8.4
2024-06-19 12:27:33,2024-06-19 12:34:33,朝阳区,大兴区,20.3,5.3
2024-06-03 13:57:18,2024-06-03 14:11:18,朝阳区,大兴区,24.8,7.1
2024-06-17 22:46:29,2024-06-17 23:04:29,通州区,大兴区,28.9,8.1
2024-06-24 21:37:36,2024-06-24 21:49:36,大兴区,通州区,24.4,6.7
2024-06-17 10:21:50,2024-06-17 11:49:50,朝阳区,东城区,47.7,16.0
2024-06-23 19:29:08,2024-06-23 19:55:08,海淀区,昌平区,35.2,10.7
2024-06-25 19:49:14,2024-06-25 20:06:14,东城区,朝阳区,27.0,7.1
2024-06-12 18:56:28,2024-06-12 19:08:28,海淀区,石景山区,23.3,6.1
2024-06-15 17:14:01,2024-06-15 17:44:01,海淀区,朝阳区,42.6,13.7
2024-06-26 16:57:55,2024-06-26 17:06:55,丰台区,大兴区,20.6,5.7
2024-06-13 22:08:35,2024-06-13 22:44:35,西城区,东城区,32.6,11.3
2024-06-16 14:48:17,2024-06-16 15:05:17,大兴区,东城区,31.0,9.8
2024-06-20 14:46:46,2024-06-20 14:52:46,东城区,门头沟区,14.3,3.3
2024-06-11 17:51:51,2024-06-11 17:54:51,丰台区,顺义区,17.2,1.0
2024-06-04 15:34:51,2024-06-04 16:03:51,丰台区,海淀区,21.1,6.5
2024-06-09 05:47:39,2024-06-09 05:50:39,海淀区,朝阳区,15.8,1.0
2024-06-17 11:56:22,2024-06-17 12:13:22,门头沟区,昌平区,34.5,10.6
2024-06-27 09:59:22,2024-06-27 10:20:22,通州区,门头沟区,27.7,8.8
2024-06-17 08:23:28,2024-06-17 09:04:28,朝阳区,东城区,34.5,10.9
2024-06-26 19:17:50,2024-06-26 19:24:50,西城区,昌平区,18.6,3.4
2024-06-07 18:14:22,2024-06-07 18:29:22,丰台区,丰台区,20.9,5.0
2024-06-12 13:04:26,2024-06-12 13:23:26,通州区,海淀区,32.4,10.3
2024-06-10 13:08:00,2024-06-10 13:31:00,东城区,通州区,35.0,12.0
2024-06-14 07:36:49,2024-06-14 08:01:49,西城区,石景山区,33.9,10.7
2024-06-28 12:03:28,2024-06-28 12:30:28,朝阳区,顺义区,58.1,21.5
2024-06-27 12:09:52,2024-06-27 12:29:52,顺义区,石景山区,38.2,13.2
2024-06-02 04:33:48,2024-06-02 04:39:48,东城区,通州区,14.1,2.7
2024-06-21 12:22:09,2024-06-21 12:35:09,朝阳区,丰台区,24.9,7.7
2024-06-02 06:35:45,2024-06-02 06:40:45,朝阳区,东城区,15.4,3.4
2024-06-20 14:42:09,2024-06-20 15:13:09,海淀区,朝阳区,29.2,9.1
2024-06-17 12:17:51,2024-06-17 12:38:51,顺义区,昌平区,37.4,12.3
2024-06-27 11:25:32,2024-06-27 11:42:32,西城区,西城区,26.9,8.0
2024-06-09 16:49:07,2024-06-09 17:11:07,门头沟区,大兴区,41.9,13.7
2024-06-17 17:00:53,2024-06-17 17:08:53,东城区,房山区,24.3,6.5
2024-06-21 20:19:36,2024-06-21 20:28:36,顺义区,大兴区,29.8,9.6
2024-06-26 18:25:29,2024-06-26 18:33:29,东城区,大兴区,17.1,4.3
2024-06-14 21:31:25,2024-06-14 21:49:25,西城区,顺义区,33.5,10.8
2024-06-18 11:29:46,2024-06-18 11:36:46,朝阳区,通州区,18.3,4.5
2024-06-24 11:56:39,2024-06-24 11:59:39,通州区,大兴区,16.2,1.0
2024-07-01 11:54:46,2024-07-01 11:57:46,海淀区,顺义区,15.0,1.0
2024-06-23 14:24:37,2024-06-23 15:07:37,丰台区,房山区,57.4,20.7
2024-06-26 15:00:10,2024-06-26 15:13:10,朝阳区,海淀区,18.7,4.5
2024-06-01 08:12:32,2024-06-01 08:37:32,东城区,大兴区,27.8,7.8
2024-06-06 15:20:23,2024-06-06 15:34:23,西城区,顺义区,17.7,4.5
2024-06-10 19:55:31,2024-06-10 20:15:31,顺义区,通州区,27.5,9.2
2024-06-07 09:56:38,2024-06-07 10:20:38,大兴区,朝阳区,52.7,18.1
2024-06-17 18:42:36,2024-06-17 18:59:36,昌平区,昌平区,23.9,7.5
2024-07-01 08:28:38,2024-07-01 08:38:38,丰台区,海淀区,28.5,8.0
2024-06-16 19:23:24,2024-06-16 19:31:24,顺义区,大兴区,22.4,5.1
2024-06-06 11:49:47,2024-06-06 12:34:47,通州区,昌平区,36.8,12.9
2024-06-15 17:09:42,2024-06-15 17:32:42,昌平区,门头沟区,40.0,12.8
2024-06-12 20:22:24,2024-06-12 20:52:24,东城区,门头沟区,49.5,17.2
2024-06-04 11:25:44,2024-06-04 11:28:44,丰台区,门头沟区,17.7,1.0
2024-06-11 08:16:46,2024-06-11 08:28:46,顺义区,大兴区,24.3,7.3
2024-06-23 19:31:50,2024-06-23 19:47:50,大兴区,东城区,25.2,7.6
2024-06-28 09:44:45,2024-06-28 09:48:45,海淀区,朝阳区,15.5,2.6
2024-06-12 13:31:22,2024-06-12 13:34:22,通州区,通州区,18.0,1.0
2024-06-15 09:55:11,2024-06-15 10:12:11,丰台区,门头沟区,32.4,11.2
2024-06-24 12:23:43,2024-06-24 12:33:43,昌平区,大兴区,21.8,5.6
2024-06-03 18:15:47,2024-06-03 18:29:47,海淀区,西城区,17.1,2.3
2024-07-01 18:48:58,2024-07-01 19:00:58,西城区,丰台区,25.1,6.5
2024-06-11 07:03:00,2024-06-11 07:33:00,海淀区,通州区,38.3,12.7
2024-06-04 09:21:13,2024-06-04 09:35:13,西城区,门头沟区,25.8,6.4
2024-06-06 10:35:12,2024-06-06 10:49:12,西城区,海淀区,30.2,10.4
2024-06-26 14:43:34,2024-06-26 14:48:34,昌平区,西城区,14.9,3.5
2024-06-12 18:16:20,2024-06-12 18:33:20,门头沟区,海淀区,24.1,7.1
2024-06-20 17:20:05,2024-06-20 17:27:05,丰台区,通州区,14.8,1.1
2024-06-28 19:39:19,2024-06-28 19:50:19,西城区,丰台区,27.3,7.3
2024-06-11 17:57:19,2024-06-11 18:15:19,大兴区,大兴区,36.2,11.0
2024-06-18 12:51:59,2024-06-18 12:59:59,大兴区,海淀区,17.3,3.4
2024-06-25 19:11:14,2024-06-25 19:44:14,朝阳区,房山区,34.7,10.7
2024-06-11 15:25:14,2024-06-11 15:37:14,丰台区,通州区,27.6,7.7
2024-06-10 07:13:40,2024-06-10 07:26:40,通州区,西城区,13.3,2.1
2024-06-22 05:36:00,2024-06-22 05:49:00,朝阳区,大兴区,23.4,6.6
2024-06-24 09:59:40,2024-06-24 10:27:40,石景山区,门头沟区,38.0,12.2
2024-06-04 17:23:38,2024-06-04 17:38:38,朝阳区,丰台区,26.0,8.6
2024-06-06 18:30:34,2024-06-06 19:04:34,东城区,房山区,46.7,15.5
2024-06-07 17:15:36,2024-06-07 17:32:36,海淀区,房山区,26.6,8.3
2024-06-08 14:29:14,2024-06-08 14:38:14,大兴区,西城区,19.0,5.5
2024-06-07 17:42:25,2024-06-07 17:55:25,朝阳区,大兴区,21.0,5.2
2024-06-22 13:36:50,2024-06-22 14:13:50,海淀区,大兴区,32.7,10.6
2024-06-29 07:25:36,2024-06-29 07:44:36,东城区,昌平区,29.1,8.8
2024-06-23 12:43:46,2024-06-23 12:51:46,西城区,通州区,17.2,4.3
2024-06-07 10:31:21,2024-06-07 10:46:21,通州区,房山区,38.7,12.9
2024-06-02 12:00:56,2024-06-02 12:49:56,昌平区,东城区,26.6,8.1
2024-06-22 12:57:52,2024-06-22 13:52:52,通州区,东城区,42.4,14.2
2024-06-19 11:38:12,2024-06-19 11:44:12,海淀区,朝阳区,17.7,4.2
2024-06-22 12:07:37,2024-06-22 12:21:37,门头沟区,顺义区,40.0,13.1
2024-06-26 18:09:28,2024-06-26 18:12:28,朝阳区,丰台区,17.7,1.0
2024-06-14 12:04:09,2024-06-14 12:20:09,朝阳区,昌平区,21.0,5.6
2024-06-13 11:05:45,2024-06-13 11:08:45,海淀区,通州区,15.2,1.0
2024-06-20 14:38:40,2024-06-20 14:48:40,海淀区,东城区,21.4,5.9
2024-06-21 17:22:10,2024-06-21 17:45:10,东城区,石景山区,37.1,13.3
2024-06-14 16:01:43,2024-06-14 16:18:43,海淀区,顺义区,27.1,8.0
2024-06-28 11:22:03,2024-06-28 11:35:03,朝阳区,顺义区,21.9,5.8
2024-06-10 19:26:18,2024-06-10 19:41:18,朝阳区,大兴区,21.9,6.7
2024-06-22 16:57:23,2024-06-22 17:28:23,丰台区,大兴区,53.7,19.5
2024-06-18 17:14:27,2024-06-18 17:26:27,海淀区,石景山区,24.6,6.4
2024-06-20 16:52:22,2024-06-20 17:02:22,大兴区,昌平区,19.0,5.4
2024-06-13 01:41:02,2024-06-13 01:44:02,大兴区,大兴区,13.9,1.0
2024-06-19 09:35:16,2024-06-19 09:45:16,大兴区,门头沟区,18.6,5.2
2024-06-25 09:25:40,2024-06-25 09:47:40,昌平区,通州区,23.0,6.5
2024-06-22 18:37:05,2024-06-22 19:28:05,西城区,昌平区,30.3,9.4
2024-06-14 09:32:33,2024-06-14 09:40:33,西城区,东城区,18.1,5.2
2024-07-01 11:19:51,2024-07-01 11:43:51,海淀区,朝阳区,34.2,10.8
2024-06-15 12:21:47,2024-06-15 12:41:47,朝阳区,大兴区,34.2,10.7
2024-06-30 17:38:41,2024-06-30 18:24:41,通州区,东城区,46.5,15.6
2024-06-16 18:47:24,2024-06-16 19:23:24,房山区,丰台区,46.0,16.3
2024-06-08 14:02:19,2024-06-08 14:15:19,朝阳区,门头沟区,25.0,6.9
2024-06-13 09:19:57,2024-06-13 09:24:57,西城区,石景山区,17.4,2.6
2024-06-22 08:50:56,2024-06-22 09:01:56,丰台区,昌平区,19.5,4.7
2024-06-13 13:18:56,2024-06-13 13:38:56,朝阳区,大兴区,31.3,10.0
2024-06-16 16:59:29,2024-06-16 17:25:29,东城区,大兴区,51.5,17.8
2024-06-03 18:38:00,2024-06-03 18:41:00,朝阳区,通州区,14.5,1.7
2024-06-11 15:02:20,2024-06-11 15:10:20,海淀区,石景山区,18.9,4.0
2024-06-13 13:43:33,2024-06-13 14:06:33,朝阳区,大兴区,38.5,13.6
2024-06-13 07:41:57,2024-06-13 07:44:57,海淀区,西城区,13.3,1.0
2024-06-16 16:33:49,2024-06-16 16:57:49,朝阳区,门头沟区,37.8,13.8
2024-06-02 07:25:32,2024-06-02 07:42:32,朝阳区,房山区,30.4,8.8
2024-06-05 14:51:25,2024-06-05 15:22:25,朝阳区,石景山区,44.0,16.3
2024-06-08 18:00:30,2024-06-08 18:24:30,海淀区,通州区,39.8,13.6
2024-06-29 08:25:18,2024-06-29 08:41:18,顺义区,海淀区,33.6,10.6
2024-06-10 12:07:34,2024-06-10 12:16:34,东城区,大兴区,15.7,2.3
2024-06-12 14:27:36,2024-06-12 14:30:36,通州区,东城区,13.7,1.0
2024-06-20 11:39:50,2024-06-20 11:55:50,朝阳区,西城区,30.7,9.4
2024-06-25 19:49:35,2024-06-25 19:59:35,东城区,石景山区,18.5,4.4
2024-07-01 07:05:47,2024-07-01 07:18:47,朝阳区,西城区,30.4,8.4
2024-06-15 03:41:06,2024-06-15 03:55:06,东城区,东城区,23.1,7.1
2024-06-21 08:16:37,2024-06-21 08:27:37,大兴区,门头沟区,26.4,7.5
2024-06-15 07:14:22,2024-06-15 07:45:22,朝阳区,房山区,42.2,13.6
2024-06-26 17:00:38,2024-06-26 17:15:38,东城区,石景山区,21.2,5.2
2024-06-17 18:10:28,2024-06-17 18:44:28,西城区,通州区,50.9,17.8
2024-06-29 13:39:48,2024-06-29 13:42:48,丰台区,东城区,16.2,1.0
2024-06-16 14:41:34,2024-06-16 14:54:34,朝阳区,顺义区,22.0,6.8
2024-06-18 08:14:46,2024-06-18 08:35:46,丰台区,房山区,17.1,4.2
2024-06-23 17:38:17,2024-06-23 18:10:17,丰台区,门头沟区,48.9,17.7
2024-06-11 13:17:19,2024-06-11 13:20:19,通州区,大兴区,13.9,1.0
2024-06-02 16:42:30,2024-06-02 16:48:30,朝阳区,顺义区,14.9,3.6
2024-06-11 08:12:31,2024-06-11 08:31:31,丰台区,海淀区,41.7,13.6
2024-06-15 09:35:32,2024-06-15 10:17:32,西城区,房山区,39.4,12.4
2024-06-03 08:04:37,2024-06-03 08:24:37,海淀区,西城区,38.6,12.0
2024-07-01 09:09:11,2024-07-01 09:36:11,通州区,门头沟区,40.0,13.3
2024-06-02 11:35:09,2024-06-02 11:55:09,朝阳区,昌平区,26.1,6.7
2024-06-15 17:42:41,2024-06-15 18:04:41,顺义区,门头沟区,34.9,10.7
2024-06-09 17:16:51,2024-06-09 17:37:51,朝阳区,通州区,33.6,9.8
2024-06-14 11:11:35,2024-06-14 11:26:35,丰台区,东城区,22.6,6.7
2024-06-07 03:20:00,2024-06-07 04:40:00,顺义区,海淀区,40.5,13.3
2024-06-18 14:16:09,2024-06-18 15:04:09,通州区,丰台区,58.1,21.6
2024-06-11 11:05:45,2024-06-11 11:35:45,朝阳区,西城区,47.1,16.4
2024-06-17 13:18:57,2024-06-17 13:21:57,朝阳区,丰台区,13.1,1.0
2024-06-22 16:40:09,2024-06-22 17:10:09,海淀区,门头沟区,22.1,6.8
2024-06-06 11:58:47,2024-06-06 12:10:47,昌平区,房山区,31.2,9.1
2024-06-30 17:33:28,2024-06-30 18:05:28,房山区,朝阳区,30.5,10.4
2024-07-01 23:21:02,2024-07-01 23:47:02,海淀区,通州区,22.7,5.2
2024-06-06 10:36:59,2024-06-06 10:56:59,昌平区,石景山区,26.8,8.7
2024-06-13 18:29:18,2024-06-13 18:38:18,东城区,昌平区,22.7,5.5
2024-06-22 08:45:14,2024-06-22 08:59:14,东城区,朝阳区,18.1,3.8
2024-06-22 17:52:49,2024-06-22 18:01:49,通州区,顺义区,23.2,7.4
2024-06-08 09:32:21,2024-06-08 09:37:21,顺义区,海淀区,18.7,4.5
2024-07-01 20:24:32,2024-07-01 20:54:32,石景山区,石景山区,45.4,16.1
2024-06-15 06:53:04,2024-06-15 07:04:04,西城区,通州区,25.6,8.2
2024-06-05 18:19:59,2024-06-05 19:23:59,石景山区,房山区,31.5,10.7
2024-06-29 23:26:26,2024-06-29 23:37:26,丰台区,昌平区,31.4,9.8
2024-06-07 09:17:25,2024-06-07 09:46:25,顺义区,房山区,22.4,6.5
2024-06-19 17:00:06,2024-06-19 17:07:06,西城区,石景山区,14.1,3.3
2024-06-06 13:22:18,2024-06-06 13:40:18,海淀区,门头沟区,18.6,4.8
2024-06-01 03:14:25,2024-06-01 03:36:25,昌平区,海淀区,24.3,7.3
2024-06-29 19:53:57,2024-06-29 20:27:57,昌平区,顺义区,50.3,18.1
2024-06-14 13:50:21,2024-06-14 14:07:21,石景山区,昌平区,23.3,6.5
2024-06-17 07:06:17,2024-06-17 07:09:17,西城区,门头沟区,14.3,1.2
2024-06-17 18:13:34,2024-06-17 18:16:34,昌平区,大兴区,15.7,1.0
2024-06-10 13:07:02,2024-06-10 13:17:02,朝阳区,门头沟区,28.8,8.1
2024-06-24 08:54:49,2024-06-24 09:11:49,东城区,门头沟区,33.9,11.9
2024-06-14 11:40:29,2024-06-14 11:59:29,昌平区,西城区,37.8,12.5
2024-06-01 11:29:03,2024-06-01 11:53:03,海淀区,大兴区,31.5,9.4
2024-06-23 19:08:33,2024-06-23 19:27:33,大兴区,房山区,33.3,11.8
2024-06-02 17:22:17,2024-06-02 18:02:17,东城区,石景山区,30.4,10.0
2024-06-03 13:19:24,2024-06-03 13:47:24,丰台区,房山区,41.0,13.0
2024-06-10 12:57:22,2024-06-10 13:00:22,朝阳区,石景山区,16.9,1.0
2024-06-04 08:57:12,2024-06-04 09:04:12,东城区,东城区,15.2,2.3
2024-06-29 08:38:09,2024-06-29 09:01:09,通州区,东城区,40.4,13.8
2024-06-20 11:24:22,2024-06-20 11:35:22,丰台区,大兴区,19.8,4.7
2024-07-01 14:35:41,2024-07-01 14:56:41,顺义区,朝阳区,28.3,9.1
2024-06-06 19:00:32,2024-06-06 19:19:32,海淀区,大兴区,33.9,10.5
2024-06-09 14:44:13,2024-06-09 15:06:13,西城区,海淀区,22.1,6.4
2024-06-16 13:20:29,2024-06-16 13:43:29,朝阳区,西城区,22.1,6.7
2024-06-20 12:39:21,2024-06-20 13:03:21,通州区,石景山区,35.6,11.5
2024-06-18 09:26:40,2024-06-18 09:33:40,海淀区,石景山区,19.5,3.8
2024-06-29 15:47:08,2024-06-29 15:51:08,顺义区,顺义区,14.2,1.8
2024-06-22 09:51:35,2024-06-22 10:17:35,东城区,石景山区,38.1,13.7
2024-06-07 17:22:35,2024-06-07 18:27:35,西城区,丰台区,40.5,13.2
2024-06-17 15:30:38,2024-06-17 15:52:38,海淀区,丰台区,46.6,15.7
2024-06-19 12:47:49,2024-06-19 13:01:49,通州区,大兴区,16.3,4.0
2024-06-26 16:56:35,2024-06-26 18:13:35,通州区,通州区,39.8,14.4
2024-06-22 17:25:37,2024-06-22 17:51:37,朝阳区,朝阳区,26.6,8.4
2024-06-09 10:20:24,2024-06-09 10:55:24,丰台区,房山区,42.7,13.9
2024-06-13 18:30:59,2024-06-13 18:33:59,丰台区,西城区,15.8,1.0
2024-06-16 09:02:29,2024-06-16 10:06:29,海淀区,朝阳区,57.6,21.5
2024-06-20 17:21:30,2024-06-20 17:47:30,顺义区,朝阳区,30.1,9.5
2024-06-16 08:19:37,2024-06-16 08:43:37,昌平区,海淀区,42.4,14.1
2024-06-30 13:23:08,2024-06-30 13:35:08,西城区,昌平区,22.0,6.3
2024-06-20 13:13:43,2024-06-20 13:16:43,海淀区,通州区,15.8,1.0
2024-06-22 10:33:21,2024-06-22 10:56:21,丰台区,通州区,35.4,12.2
2024-06-22 10:28:07,2024-06-22 10:51:07,朝阳区,门头沟区,42.0,14.8
2024-06-25 11:03:41,2024-06-25 11:22:41,东城区,东城区,24.9,7.3
2024-06-24 11:49:32,2024-06-24 12:04:32,朝阳区,大兴区,24.6,6.1
2024-06-20 23:48:56,2024-06-21 00:07:56,丰台区,大兴区,25.1,6.6
2024-06-14 07:16:33,2024-06-14 07:28:33,东城区,顺义区,32.8,10.8
2024-06-02 07:41:51,2024-06-02 08:26:51,房山区,门头沟区,34.6,11.6
2024-06-19 12:22:10,2024-06-19 12:30:10,房山区,大兴区,25.3,6.4
2024-06-09 14:38:01,2024-06-09 14:50:01,朝阳区,房山区,29.0,8.3
2024-06-30 16:00:38,2024-06-30 16:05:38,朝阳区,门头沟区,15.0,3.0
2024-06-10 17:30:11,2024-06-10 17:48:11,海淀区,房山区,20.7,6.1
2024-06-13 18:52:59,2024-06-13 19:31:59,石景山区,顺义区,43.5,15.1
2024-06-07 12:55:01,2024-06-07 13:03:01,朝阳区,东城区,21.9,5.5
2024-06-19 08:18:26,2024-06-19 08:44:26,西城区,房山区,41.6,13.5
2024-06-08 17:28:42,2024-06-08 17:51:42,西城区,海淀区,26.1,8.2
2024-06-30 16:27:12,2024-06-30 16:33:12,通州区,石景山区,16.0,3.8
2024-06-06 18:12:31,2024-06-06 18:19:31,东城区,朝阳区,17.0,3.2
2024-06-05 12:14:58,2024-06-05 12:22:58,通州区,西城区,14.5,3.2
2024-06-07 15:46:06,2024-06-07 16:03:06,海淀区,东城区,32.6,9.7
2024-06-11 12:20:18,2024-06-11 12:34:18,海淀区,石景山区,24.5,7.1
2024-06-13 18:51:08,2024-06-13 18:58:08,丰台区,朝阳区,16.0,2.4
2024-06-04 19:16:23,2024-06-04 20:11:23,朝阳区,昌平区,31.4,9.2
2024-06-16 20:23:30,2024-06-16 20:26:30,大兴区,西城区,15.2,1.0
2024-06-17 11:04:30,2024-06-17 11:16:30,石景山区,昌平区,22.4,6.9
2024-06-05 13:21:08,2024-06-05 13:32:08,东城区,丰台区,19.4,4.5
2024-06-05 17:44:15,2024-06-05 17:47:15,朝阳区,昌平区,16.5,1.7
2024-06-09 15:22:22,2024-06-09 15:55:22,朝阳区,门头沟区,20.7,6.3
2024-06-14 13:59:25,2024-06-14 14:04:25,大兴区,东城区,13.8,1.7
2024-06-02 07:09:33,2024-06-02 07:19:33,海淀区,通州区,17.7,4.9
2024-06-18 14:33:45,2024-06-18 14:50:45,朝阳区,朝阳区,29.5,9.4
2024-06-24 13:08:52,2024-06-24 13:50:52,海淀区,顺义区,40.1,14.6
2024-06-19 17:57:27,2024-06-19 18:17:27,朝阳区,顺义区,24.2,6.9
2024-06-21 22:40:06,2024-06-21 22:43:06,朝阳区,东城区,16.8,1.0
2024-06-11 18:18:01,2024-06-11 18:25:01,东城区,门头沟区,14.6,3.1
2024-06-14 01:02:31,2024-06-14 01:52:31,海淀区,朝阳区,30.1,8.3
2024-06-13 13:37:31,2024-06-13 13:50:31,丰台区,房山区,27.6,8.6
2024-06-09 16:11:15,2024-06-09 16:17:15,通州区,大兴区,17.5,1.0
2024-06-20 15:39:52,2024-06-20 15:47:52,海淀区,朝阳区,18.4,3.9
2024-06-09 07:26:47,2024-06-09 07:30:47,海淀区,海淀区,16.5,2.1
2024-06-06 11:01:42,2024-06-06 11:08:42,通州区,顺义区,16.6,4.0
2024-06-15 09:36:59,2024-06-15 09:51:59,西城区,朝阳区,21.2,5.5
2024-06-02 19:07:37,2024-06-02 19:17:37,通州区,东城区,19.8,4.8
2024-07-01 17:49:55,2024-07-01 17:52:55,昌平区,通州区,17.3,1.7
2024-06-11 17:19:55,2024-06-11 18:01:55,海淀区,海淀区,42.9,14.3
2024-06-25 12:54:56,2024-06-25 13:18:56,石景山区,通州区,23.1,5.8
2024-06-27 10:47:52,2024-06-27 10:50:52,丰台区,海淀区,16.7,1.0
2024-06-28 19:57:24,2024-06-28 20:02:24,石景山区,门头沟区,15.0,3.1
2024-06-12 09:20:05,2024-06-12 09:30:05,通州区,朝阳区,21.4,5.3
2024-06-08 08:49:27,2024-06-08 09:03:27,丰台区,顺义区,21.9,6.2
2024-06-07 15:37:40,2024-06-07 15:54:40,东城区,西城区,32.9,9.5
2024-06-03 17:08:52,2024-06-03 17:15:52,昌平区,顺义区,16.7,4.0
2024-06-16 11:40:47,2024-06-16 11:45:47,朝阳区,房山区,15.0,2.4
2024-06-15 19:52:08,2024-06-15 20:02:08,西城区,门头沟区,22.8,6.8
2024-06-21 17:02:05,2024-06-21 17:05:05,海淀区,西城区,16.3,1.0
2024-06-08 14:34:31,2024-06-08 14:39:31,朝阳区,大兴区,14.8,1.0
2024-06-01 11:11:54,2024-06-01 11:20:54,东城区,东城区,16.5,4.0
2024-06-09 17:35:17,2024-06-09 17:46:17,西城区,石景山区,21.1,5.5
2024-06-16 13:00:54,2024-06-16 13:19:54,朝阳区,昌平区,28.7,8.6
2024-06-30 10:47:18,2024-06-30 10:56:18,昌平区,大兴区,16.6,3.8
2024-06-29 13:50:20,2024-06-29 13:53:20,昌平区,顺义区,17.5,1.0
2024-06-04 18:12:56,2024-06-04 18:16:56,东城区,门头沟区,16.2,1.0
2024-06-16 12:48:04,2024-06-16 13:05:04,房山区,顺义区,28.4,8.5
2024-06-29 20:08:19,2024-06-29 21:06:19,大兴区,西城区,41.2,14.9
2024-06-11 11:30:01,2024-06-11 11:39:01,昌平区,西城区,18.3,3.6
2024-06-02 13:21:59,2024-06-02 13:40:59,海淀区,大兴区,24.3,7.5
2024-06-02 14:27:49,2024-06-02 14:46:49,朝阳区,丰台区,33.4,9.9
2024-06-25 18:24:41,2024-06-25 18:27:41,东城区,丰台区,15.6,1.0
2024-06-15 16:14:48,2024-06-15 16:30:48,丰台区,大兴区,22.8,7.2
2024-06-27 17:07:14,2024-06-27 17:29:14,西城区,顺义区,31.2,9.8
2024-06-10 11:03:29,2024-06-10 11:10:29,朝阳区,房山区,15.8,2.7
2024-06-26 13:40:35,2024-06-26 13:57:35,海淀区,丰台区,26.9,7.0
2024-06-22 09:40:41,2024-06-22 09:44:41,东城区,东城区,17.2,2.5
2024-06-03 09:22:05,2024-06-03 09:30:05,石景山区,门头沟区,16.8,4.1
2024-06-02 12:33:39,2024-06-02 12:47:39,东城区,通州区,31.4,8.9
2024-06-08 11:30:32,2024-06-08 11:38:32,通州区,海淀区,18.6,3.3
2024-06-28 09:43:00,2024-06-28 10:04:00,朝阳区,海淀区,37.9,11.9
2024-06-21 11:08:40,2024-06-21 11:24:40,朝阳区,大兴区,25.4,7.5
2024-06-15 11:05:35,2024-06-15 11:25:35,门头沟区,东城区,34.4,10.5
2024-06-05 14:04:56,2024-06-05 14:33:56,东城区,房山区,33.3,11.6
2024-06-22 18:20:35,2024-06-22 18:53:35,丰台区,朝阳区,46.0,16.7
2024-06-21 21:58:53,2024-06-21 22:17:53,大兴区,门头沟区,27.1,8.9
2024-06-25 16:29:00,2024-06-25 16:48:00,房山区,昌平区,34.8,12.0
2024-06-17 23:00:01,2024-06-17 23:04:01,丰台区,通州区,15.4,1.2
2024-06-07 04:04:47,2024-06-07 04:24:47,丰台区,朝阳区,36.5,11.9
2024-06-07 09:18:51,2024-06-07 09:25:51,东城区,朝阳区,14.1,3.0
2024-07-01 08:39:24,2024-07-01 08:45:24,通州区,门头沟区,16.8,1.1
2024-06-27 19:27:54,2024-06-27 19:30:54,丰台区,大兴区,13.8,1.0
2024-06-06 19:00:11,2024-06-06 19:05:11,朝阳区,朝阳区,15.4,3.3
2024-06-05 16:58:09,2024-06-05 17:02:09,东城区,西城区,15.1,1.7
2024-06-14 08:17:20,2024-06-14 08:26:20,西城区,丰台区,20.5,5.5
2024-06-28 10:20:50,2024-06-28 10:23:50,大兴区,东城区,16.6,1.0
2024-06-14 09:25:52,2024-06-14 09:46:52,海淀区,大兴区,37.9,12.5
2024-06-27 22:52:03,2024-06-27 22:55:03,通州区,昌平区,14.1,1.0
2024-06-26 15:50:28,2024-06-26 16:05:28,丰台区,大兴区,26.8,7.1
2024-06-03 08:34:58,2024-06-03 08:43:58,东城区,西城区,18.0,3.6
2024-06-15 13:15:19,2024-06-15 13:23:19,西城区,西城区,20.1,6.0
2024-06-30 18:20:55,2024-06-30 18:23:55,顺义区,大兴区,14.5,1.6
2024-07-01 17:09:09,2024-07-01 17:45:09,海淀区,通州区,33.1,10.1
2024-06-22 06:17:32,2024-06-22 06:40:32,顺义区,门头沟区,20.3,4.2
2024-06-11 16:45:32,2024-06-11 16:48:32,门头沟区,房山区,15.6,1.0
2024-06-09 11:50:42,2024-06-09 12:15:42,通州区,通州区,33.5,9.9
2024-06-17 11:33:41,2024-06-17 11:55:41,丰台区,房山区,35.1,12.0
2024-06-14 19:09:37,2024-06-14 19:48:37,朝阳区,大兴区,39.3,13.4
2024-06-12 09:23:27,2024-06-12 09:47:27,丰台区,房山区,31.5,9.9
2024-06-02 19:58:36,2024-06-02 20:01:36,朝阳区,东城区,14.0,1.0
2024-06-09 18:47:06,2024-06-09 19:17:06,门头沟区,通州区,31.4,10.5
2024-06-29 08:12:59,2024-06-29 08:16:59,朝阳区,房山区,16.5,1.8
2024-06-28 18:43:46,2024-06-28 18:55:46,朝阳区,朝阳区,24.3,7.9
2024-06-29 17:47:35,2024-06-29 17:50:35,通州区,房山区,13.5,1.2
2024-06-27 09:27:28,2024-06-27 09:35:28,通州区,大兴区,14.4,3.6
2024-06-18 08:07:15,2024-06-18 08:23:15,西城区,东城区,25.9,6.9
2024-06-28 22:35:50,2024-06-28 22:55:50,昌平区,通州区,30.8,8.6
2024-06-27 08:51:42,2024-06-27 09:15:42,朝阳区,昌平区,30.8,9.3
2024-06-25 13:24:30,2024-06-25 13:37:30,石景山区,通州区,26.1,7.6
2024-06-01 16:36:00,2024-06-01 16:39:00,大兴区,西城区,16.7,1.6
2024-06-20 08:35:38,2024-06-20 08:58:38,朝阳区,丰台区,33.2,9.7
2024-06-14 06:45:49,2024-06-14 06:55:49,朝阳区,昌平区,19.4,4.9
2024-06-25 11:40:29,2024-06-25 11:46:29,昌平区,门头沟区,16.8,1.2
2024-06-02 23:19:23,2024-06-02 23:22:23,海淀区,朝阳区,13.9,1.0
2024-06-27 11:43:03,2024-06-27 12:13:03,丰台区,顺义区,30.3,9.1
2024-06-24 17:07:27,2024-06-24 17:10:27,顺义区,大兴区,15.5,1.6
2024-06-05 17:04:41,2024-06-05 17:39:41,东城区,门头沟区,36.9,11.3
2024-06-29 14:50:33,2024-06-29 15:10:33,海淀区,房山区,25.1,7.5
2024-06-20 18:34:56,2024-06-20 18:43:56,通州区,昌平区,17.3,4.6
2024-06-24 17:34:26,2024-06-24 17:56:26,石景山区,昌平区,39.1,12.2
2024-06-07 16:54:09,2024-06-07 17:00:09,朝阳区,海淀区,18.1,3.5
2024-06-26 17:28:01,2024-06-26 18:01:01,门头沟区,朝阳区,56.6,20.2
2024-06-21 16:38:31,2024-06-21 17:08:31,房山区,大兴区,24.1,7.7
2024-06-23 11:10:55,2024-06-23 11:30:55,东城区,东城区,39.8,12.6
2024-06-24 13:36:14,2024-06-24 13:48:14,海淀区,丰台区,20.8,4.6
2024-06-08 16:42:31,2024-06-08 17:00:31,朝阳区,石景山区,31.3,10.9
2024-06-03 19:58:18,2024-06-03 20:39:18,顺义区,东城区,34.5,10.9
2024-06-16 18:13:20,2024-06-16 18:54:20,海淀区,房山区,26.9,8.4
2024-06-15 14:09:28,2024-06-15 14:28:28,海淀区,门头沟区,33.5,11.0
2024-06-21 09:52:59,2024-06-21 09:58:59,东城区,昌平区,16.9,1.0
2024-06-01 12:15:32,2024-06-01 12:25:32,海淀区,东城区,21.3,6.5
2024-06-12 22:02:57,2024-06-12 22:05:57,昌平区,石景山区,16.8,1.0
2024-07-01 21:45:03,2024-07-01 21:59:03,东城区,昌平区,24.9,6.0
2024-06-11 11:04:19,2024-06-11 12:22:19,大兴区,大兴区,38.0,13.0
2024-06-02 12:09:24,2024-06-02 12:12:24,海淀区,丰台区,15.4,1.0
2024-06-07 15:55:48,2024-06-07 16:16:48,昌平区,石景山区,39.4,13.0
2024-06-04 08:17:00,2024-06-04 08:31:00,丰台区,海淀区,29.9,9.4
2024-06-11 11:06:44,2024-06-11 11:24:44,通州区,丰台区,31.3,10.0
2024-06-12 17:54:19,2024-06-12 18:06:19,朝阳区,丰台区,34.2,10.1
2024-06-08 21:50:05,2024-06-08 22:01:05,通州区,海淀区,20.2,4.7
2024-06-09 11:58:35,2024-06-09 12:19:35,通州区,海淀区,41.6,15.1
2024-06-20 16:07:34,2024-06-20 16:11:34,西城区,门头沟区,15.7,1.9
2024-06-13 17:00:08,2024-06-13 17:33:08,顺义区,丰台区,24.9,8.0
2024-06-26 23:27:25,2024-06-26 23:50:25,朝阳区,大兴区,30.8,10.7
2024-06-30 21:53:10,2024-06-30 22:04:10,东城区,海淀区,24.2,5.9
2024-06-09 12:50:01,2024-06-09 12:56:01,大兴区,西城区,16.5,4.2
2024-06-22 08:49:23,2024-06-22 09:19:23,朝阳区,大兴区,31.2,10.1
2024-06-24 09:51:18,2024-06-24 10:05:18,朝阳区,丰台区,29.8,8.8
2024-06-05 18:35:41,2024-06-05 19:15:41,海淀区,海淀区,38.6,12.1
2024-06-10 10:53:53,2024-06-10 11:15:53,石景山区,通州区,25.0,6.7
2024-06-29 11:10:04,2024-06-29 11:42:04,丰台区,顺义区,33.1,10.5
2024-06-20 12:23:51,2024-06-20 13:32:51,房山区,大兴区,36.7,12.2
2024-06-16 12:07:26,2024-06-16 12:19:26,昌平区,房山区,22.8,6.5
2024-06-12 17:59:10,2024-06-12 18:34:10,海淀区,海淀区,42.0,13.5
2024-06-30 08:42:50,2024-06-30 08:52:50,通州区,东城区,20.2,5.5
2024-06-02 08:41:39,2024-06-02 09:23:39,海淀区,海淀区,39.4,14.0
2024-06-24 18:34:05,2024-06-24 18:48:05,大兴区,丰台区,26.3,7.8
2024-06-25 14:25:08,2024-06-25 14:28:08,东城区,丰台区,16.4,1.0
2024-06-26 11:48:47,2024-06-26 12:01:47,朝阳区,东城区,19.0,4.5
2024-06-14 22:05:21,2024-06-14 22:42:21,昌平区,门头沟区,40.5,13.5
2024-06-08 21:43:14,2024-06-08 21:51:14,大兴区,石景山区,19.4,4.1
2024-06-17 20:00:48,2024-06-17 20:03:48,东城区,房山区,13.9,2.7
2024-06-28 11:34:42,2024-06-28 11:43:42,东城区,门头沟区,25.2,6.6
2024-06-03 17:57:46,2024-06-03 18:10:46,海淀区,海淀区,24.4,6.8
2024-06-28 18:01:54,2024-06-28 18:20:54,朝阳区,门头沟区,26.1,7.8
2024-06-11 20:16:43,2024-06-11 20:31:43,顺义区,门头沟区,25.7,6.5
2024-06-16 12:08:31,2024-06-16 12:31:31,通州区,顺义区,23.7,7.4
2024-06-01 16:56:42,2024-06-01 17:11:42,海淀区,朝阳区,18.4,5.2
2024-06-15 18:15:06,2024-06-15 18:28:06,东城区,顺义区,22.2,6.1
2024-07-01 08:51:29,2024-07-01 09:10:29,丰台区,房山区,15.7,3.7
2024-06-25 15:07:43,2024-06-25 15:11:43,西城区,房山区,15.2,1.6
2024-06-02 07:46:06,2024-06-02 08:08:06,海淀区,通州区,33.1,10.0
2024-06-01 08:54:12,2024-06-01 09:08:12,顺义区,门头沟区,22.5,6.3
2024-06-12 08:26:31,2024-06-12 08:46:31,海淀区,丰台区,35.7,11.8
2024-06-01 06:41:10,2024-06-01 06:50:10,朝阳区,顺义区,17.9,4.1
2024-06-02 18:35:37,2024-06-02 18:57:37,海淀区,石景山区,35.6,12.3
2024-06-22 17:41:25,2024-06-22 18:24:25,朝阳区,石景山区,25.3,8.1
2024-06-29 11:29:26,2024-06-29 11:33:26,东城区,海淀区,14.9,2.0
2024-06-06 17:59:07,2024-06-06 18:15:07,西城区,朝阳区,15.3,2.7
2024-06-28 17:26:20,2024-06-28 17:29:20,丰台区,顺义区,15.1,1.0
2024-06-24 05:14:11,2024-06-24 05:36:11,东城区,顺义区,28.2,9.5
2024-07-01 12:44:55,2024-07-01 13:06:55,朝阳区,石景山区,33.2,9.9
2024-06-20 12:41:52,2024-06-20 12:46:52,大兴区,丰台区,14.6,3.0
2024-06-12 09:49:43,2024-06-12 10:24:43,海淀区,朝阳区,23.6,5.8
2024-06-12 19:32:57,2024-06-12 19:50:57,朝阳区,大兴区,30.0,9.6
2024-06-20 14:11:00,2024-06-20 14:17:00,房山区,房山区,14.1,3.2
2024-06-10 09:18:39,2024-06-10 09:21:39,丰台区,朝阳区,16.2,1.0
2024-06-28 17:14:16,2024-06-28 17:19:16,海淀区,大兴区,17.1,2.3
2024-06-26 08:01:04,2024-06-26 08:28:04,丰台区,石景山区,27.3,9.0
2024-06-21 13:50:20,2024-06-21 14:14:20,朝阳区,石景山区,24.5,6.9
2024-06-03 23:12:06,2024-06-04 00:12:06,西城区,昌平区,38.5,13.9
2024-06-21 16:08:24,2024-06-21 16:16:24,东城区,房山区,18.8,4.8
2024-06-16 16:49:19,2024-06-16 16:59:19,丰台区,门头沟区,20.0,5.1
2024-06-18 18:38:59,2024-06-18 19:00:59,大兴区,丰台区,30.1,10.0
2024-06-17 17:22:19,2024-06-17 17:38:19,朝阳区,西城区,24.3,7.9
2024-06-10 11:25:12,2024-06-10 11:43:12,朝阳区,西城区,25.7,6.8
2024-06-11 14:19:26,2024-06-11 14:22:26,顺义区,西城区,13.7,1.0
2024-06-20 08:23:29,2024-06-20 08:50:29,东城区,东城区,38.1,13.1
2024-06-14 18:37:28,2024-06-14 19:09:28,朝阳区,西城区,35.1,11.6
2024-06-11 12:12:23,2024-06-11 12:15:23,东城区,顺义区,16.2,1.7
2024-06-26 04:57:17,2024-06-26 05:00:17,昌平区,东城区,16.2,1.3
2024-06-07 07:51:58,2024-06-07 08:13:58,海淀区,房山区,32.5,9.7
2024-06-15 10:54:25,2024-06-15 11:33:25,丰台区,昌平区,38.9,14.2
2024-06-02 17:46:06,2024-06-02 18:14:06,房山区,西城区,37.1,11.4
2024-06-21 12:23:20,2024-06-21 12:41:20,朝阳区,房山区,34.6,11.1
2024-06-22 09:29:00,2024-06-22 09:55:00,西城区,朝阳区,38.3,13.5
2024-06-20 15:09:31,2024-06-20 15:23:31,昌平区,东城区,27.0,8.6
2024-06-23 13:48:29,2024-06-23 13:58:29,西城区,房山区,22.5,5.5
2024-06-20 14:37:01,2024-06-20 15:02:01,海淀区,朝阳区,44.9,15.4
2024-06-16 08:57:06,2024-06-16 09:41:06,通州区,东城区,54.1,19.8
2024-06-03 10:50:48,2024-06-03 11:00:48,海淀区,门头沟区,17.7,4.0
2024-06-24 16:38:51,2024-06-24 17:12:51,东城区,石景山区,52.6,18.1
2024-06-23 11:35:27,2024-06-23 11:55:27,海淀区,海淀区,27.2,7.4
2024-06-06 19:43:56,2024-06-06 19:46:56,东城区,朝阳区,14.5,1.0
2024-06-28 12:22:01,2024-06-28 12:29:01,朝阳区,朝阳区,23.1,5.6
2024-06-19 05:20:18,2024-06-19 05:46:18,大兴区,石景山区,30.5,8.9
2024-06-22 11:05:49,2024-06-22 11:08:49,东城区,东城区,14.4,1.0
2024-06-08 06:01:19,2024-06-08 06:15:19,丰台区,门头沟区,22.8,5.4
2024-07-01 13:38:02,2024-07-01 13:58:02,朝阳区,石景山区,31.8,10.4
2024-06-23 19:36:48,2024-06-23 19:50:48,西城区,西城区,31.5,10.6
2024-06-22 14:18:34,2024-06-22 14:29:34,东城区,通州区,32.0,9.9
2024-06-04 09:47:45,2024-06-04 10:12:45,朝阳区,大兴区,42.0,13.9
2024-06-20 13:43:44,2024-06-20 14:03:44,房山区,大兴区,28.1,8.1
2024-06-06 19:38:30,2024-06-06 20:41:30,房山区,昌平区,34.1,11.5
2024-06-12 13:07:14,2024-06-12 13:35:14,朝阳区,房山区,43.5,15.3
2024-06-28 10:43:09,2024-06-28 11:01:09,大兴区,朝阳区,32.9,10.5
2024-06-18 11:05:22,2024-06-18 11:14:22,通州区,丰台区,27.1,7.0
2024-06-22 12:44:32,2024-06-22 13:03:32,东城区,昌平区,33.5,10.0
2024-06-28 22:02:55,2024-06-28 22:19:55,朝阳区,顺义区,37.0,11.8
2024-06-22 09:15:58,2024-06-22 09:24:58,丰台区,朝阳区,19.4,3.8
2024-06-17 05:23:42,2024-06-17 05:49:42,东城区,昌平区,35.9,11.6
2024-06-02 19:14:52,2024-06-02 19:52:52,东城区,朝阳区,30.4,9.8
2024-06-19 16:19:56,2024-06-19 16:22:56,西城区,东城区,17.3,1.0
2024-06-13 03:17:59,2024-06-13 03:44:59,海淀区,石景山区,29.6,10.0
2024-06-12 20:27:06,2024-06-12 20:39:06,大兴区,海淀区,20.4,5.2
2024-06-29 09:08:22,2024-06-29 09:20:22,通州区,门头沟区,20.5,4.8
2024-06-01 11:15:36,2024-06-01 11:33:36,朝阳区,通州区,47.8,16.7
2024-06-08 08:00:04,2024-06-08 08:11:04,西城区,大兴区,18.0,4.7
2024-06-06 05:30:47,2024-06-06 06:10:47,石景山区,通州区,36.9,11.6
2024-06-26 17:45:02,2024-06-26 17:48:02,朝阳区,顺义区,14.5,1.5
2024-06-29 12:02:28,2024-06-29 12:05:28,朝阳区,门头沟区,16.8,2.4
2024-06-03 13:06:58,2024-06-03 13:13:58,房山区,海淀区,21.5,5.5
2024-06-12 09:39:03,2024-06-12 09:43:03,朝阳区,西城区,15.3,1.2
2024-06-05 11:54:54,2024-06-05 12:07:54,通州区,大兴区,22.0,6.0
2024-06-18 14:24:55,2024-06-18 14:34:55,门头沟区,大兴区,18.6,4.7
2024-06-06 07:06:38,2024-06-06 07:42:38,西城区,昌平区,30.3,8.5
2024-06-14 17:00:00,2024-06-14 17:14:00,东城区,石景山区,27.6,8.1
2024-06-12 09:59:10,2024-06-12 10:02:10,东城区,东城区,15.7,1.0
2024-06-02 08:04:08,2024-06-02 08:16:08,朝阳区,丰台区,32.6,10.4
2024-06-07 13:47:35,2024-06-07 14:11:35,朝阳区,大兴区,41.9,13.7
2024-06-20 18:08:45,2024-06-20 18:11:45,昌平区,门头沟区,15.9,1.0
2024-06-19 07:14:38,2024-06-19 07:43:38,海淀区,门头沟区,22.7,6.8
2024-06-03 09:00:58,2024-06-03 09:17:58,海淀区,房山区,33.9,10.3
2024-06-22 09:27:37,2024-06-22 10:34:37,东城区,房山区,39.0,13.7
2024-06-21 11:37:50,2024-06-21 12:10:50,通州区,顺义区,25.6,6.6
2024-06-24 18:56:31,2024-06-24 19:29:31,海淀区,门头沟区,44.7,15.3
2024-06-03 08:54:47,2024-06-03 08:58:47,门头沟区,海淀区,15.0,2.3
2024-06-15 17:05:30,2024-06-15 17:23:30,丰台区,东城区,30.6,8.8
2024-06-28 10:52:51,2024-06-28 11:23:51,东城区,石景山区,39.6,13.0
2024-06-30 11:17:12,2024-06-30 11:22:12,西城区,石景山区,15.2,3.0
2024-06-06 06:54:40,2024-06-06 07:04:40,通州区,通州区,25.5,7.4
2024-06-07 18:51:49,2024-06-07 19:09:49,门头沟区,石景山区,34.4,11.3
2024-06-05 14:20:07,2024-06-05 14:53:07,朝阳区,海淀区,27.5,9.2
2024-06-26 08:53:54,2024-06-26 08:56:54,朝阳区,海淀区,16.1,1.5
2024-06-21 18:59:52,2024-06-21 19:29:52,昌平区,顺义区,53.8,19.9
2024-07-01 10:40:09,2024-07-01 10:49:09,顺义区,房山区,18.6,4.9
2024-06-04 07:03:16,2024-06-04 07:57:16,丰台区,石景山区,55.8,20.6
2024-06-14 02:02:02,2024-06-14 02:20:02,东城区,门头沟区,29.6,9.9
2024-06-21 11:32:56,2024-06-21 12:00:56,顺义区,海淀区,38.7,13.1
2024-06-17 19:48:45,2024-06-17 20:18:45,通州区,顺义区,39.1,13.4
2024-06-14 09:40:05,2024-06-14 10:04:05,昌平区,房山区,35.7,12.8
2024-06-11 09:13:24,2024-06-11 09:16:24,朝阳区,丰台区,16.4,1.8
2024-06-10 03:05:14,2024-06-10 04:03:14,大兴区,朝阳区,51.8,19.1
2024-06-14 14:00:35,2024-06-14 14:03:35,顺义区,石景山区,14.3,1.6
2024-06-05 17:23:48,2024-06-05 18:07:48,海淀区,石景山区,24.8,7.8
2024-06-19 09:33:25,2024-06-19 09:41:25,东城区,昌平区,16.9,2.8
2024-06-25 15:51:41,2024-06-25 16:46:41,海淀区,昌平区,43.3,14.2
2024-06-01 11:41:26,2024-06-01 12:04:26,海淀区,通州区,23.3,6.3
2024-06-03 18:48:58,2024-06-03 19:09:58,朝阳区,昌平区,34.7,11.8
2024-06-11 04:44:50,2024-06-11 04:53:50,朝阳区,海淀区,28.0,9.4
2024-06-17 07:58:22,2024-06-17 08:01:22,门头沟区,通州区,14.7,1.0
2024-06-12 14:10:00,2024-06-12 14:16:00,朝阳区,大兴区,20.8,4.6
2024-06-08 22:09:25,2024-06-08 22:25:25,通州区,房山区,36.6,11.9
2024-06-17 16:54:22,2024-06-17 17:35:22,朝阳区,朝阳区,23.9,6.9
2024-06-08 13:19:43,2024-06-08 13:22:43,朝阳区,西城区,14.5,1.0
2024-06-27 17:09:13,2024-06-27 17:25:13,大兴区,东城区,33.3,11.6
2024-06-05 10:52:50,2024-06-05 11:04:50,朝阳区,东城区,17.4,4.8
2024-07-01 19:26:07,2024-07-01 19:51:07,大兴区,大兴区,28.8,8.8
2024-06-09 12:42:33,2024-06-09 13:26:33,通州区,通州区,37.4,13.3
2024-06-27 11:02:07,2024-06-27 11:07:07,门头沟区,石景山区,14.2,3.2
2024-06-23 18:55:08,2024-06-23 19:44:08,西城区,顺义区,43.4,14.4
2024-06-09 09:31:09,2024-06-09 09:34:09,石景山区,石景山区,17.2,1.0
2024-06-11 18:52:26,2024-06-11 18:55:26,丰台区,顺义区,13.2,1.6
2024-06-18 08:27:34,2024-06-18 08:37:34,昌平区,丰台区,15.6,2.2
2024-06-21 11:58:29,2024-06-21 12:04:29,通州区,朝阳区,15.3,3.5
2024-06-29 15:20:11,2024-06-29 15:32:11,通州区,海淀区,26.9,8.6
2024-06-08 16:57:49,2024-06-08 17:19:49,朝阳区,大兴区,35.5,12.2
2024-06-20 11:12:56,2024-06-20 11:34:56,东城区,东城区,35.4,10.7
2024-06-19 07:14:09,2024-06-19 08:43:09,石景山区,东城区,44.5,14.8
2024-06-19 13:02:48,2024-06-19 13:21:48,丰台区,门头沟区,34.2,10.6
2024-06-07 19:26:13,2024-06-07 19:41:13,朝阳区,门头沟区,20.0,5.5
2024-06-26 19:10:40,2024-06-26 19:22:40,西城区,大兴区,21.6,5.6
2024-06-30 05:17:50,2024-06-30 05:21:50,朝阳区,顺义区,17.9,1.2
2024-06-28 22:35:08,2024-06-28 22:55:08,丰台区,通州区,38.4,13.9
2024-06-24 17:39:17,2024-06-24 18:02:17,昌平区,东城区,35.4,11.7
2024-06-02 17:50:47,2024-06-02 18:13:47,西城区,东城区,26.3,8.0
2024-06-14 12:55:27,2024-06-14 13:17:27,大兴区,房山区,44.2,15.5
2024-06-21 07:03:35,2024-06-21 07:33:35,朝阳区,房山区,49.7,18.7
2024-06-08 10:08:40,2024-06-08 10:52:40,东城区,海淀区,45.4,16.5
2024-06-02 13:45:19,2024-06-02 14:08:19,东城区,门头沟区,40.0,14.3
2024-06-01 12:32:21,2024-06-01 13:10:21,东城区,昌平区,48.2,18.0
2024-06-28 15:27:23,2024-06-28 15:38:23,海淀区,大兴区,23.5,7.5
2024-06-04 13:10:37,2024-06-04 13:13:37,朝阳区,门头沟区,15.5,1.0
2024-06-15 18:39:37,2024-06-15 18:42:37,朝阳区,东城区,13.6,1.0
2024-06-07 08:49:15,2024-06-07 08:52:15,朝阳区,西城区,16.1,2.3
2024-06-27 07:44:48,2024-06-27 08:00:48,海淀区,东城区,38.0,11.8
2024-06-02 12:19:52,2024-06-02 12:22:52,顺义区,大兴区,13.1,1.0
2024-06-17 10:31:08,2024-06-17 10:34:08,朝阳区,顺义区,15.1,1.0
2024-06-16 22:45:45,2024-06-16 23:29:45,丰台区,昌平区,47.8,17.5
2024-06-16 19:53:57,2024-06-16 20:11:57,石景山区,海淀区,33.7,10.5
2024-06-03 09:27:29,2024-06-03 09:49:29,朝阳区,昌平区,28.6,8.3
2024-06-28 17:30:02,2024-06-28 17:45:02,丰台区,石景山区,26.9,7.5
2024-06-02 16:05:48,2024-06-02 16:35:48,东城区,西城区,29.5,9.9
2024-06-14 17:09:12,2024-06-14 17:17:12,朝阳区,门头沟区,16.2,4.4
2024-06-20 15:59:28,2024-06-20 16:53:28,通州区,石景山区,53.3,18.7
2024-06-02 17:43:39,2024-06-02 18:32:39,石景山区,门头沟区,54.6,19.5
2024-06-08 09:11:33,2024-06-08 09:42:33,朝阳区,大兴区,44.7,15.2
2024-06-17 19:40:34,2024-06-17 20:35:34,西城区,门头沟区,47.6,17.2
2024-06-23 02:30:22,2024-06-23 02:47:22,通州区,丰台区,26.9,8.8
2024-06-02 16:45:06,2024-06-02 17:16:06,顺义区,大兴区,32.8,11.4
2024-06-04 19:18:27,2024-06-04 19:21:27,丰台区,东城区,17.2,1.4
2024-06-13 09:21:17,2024-06-13 09:37:17,海淀区,东城区,20.6,5.0
2024-06-23 11:51:41,2024-06-23 12:00:41,朝阳区,房山区,16.1,4.1
2024-06-11 07:02:52,2024-06-11 07:05:52,海淀区,通州区,14.2,1.0
2024-06-26 19:40:38,2024-06-26 19:43:38,通州区,通州区,15.9,1.0
2024-06-16 19:46:20,2024-06-16 19:58:20,海淀区,西城区,20.4,5.4
2024-06-27 06:28:22,2024-06-27 06:48:22,西城区,顺义区,29.3,8.9
2024-06-06 13:23:42,2024-06-06 13:32:42,海淀区,东城区,24.2,6.8
2024-06-06 09:45:37,2024-06-06 10:02:37,房山区,朝阳区,35.3,11.7
2024-06-22 17:45:25,2024-06-22 18:02:25,东城区,通州区,27.3,8.6
2024-06-21 00:53:27,2024-06-21 01:05:27,通州区,石景山区,33.7,11.3
2024-06-16 07:14:40,2024-06-16 07:39:40,朝阳区,海淀区,24.5,6.6
2024-06-04 23:53:42,2024-06-05 00:09:42,海淀区,顺义区,27.3,8.4
2024-06-21 08:01:45,2024-06-21 08:17:45,西城区,东城区,29.6,8.3
2024-06-14 07:57:41,2024-06-14 08:23:41,丰台区,东城区,37.3,13.1
2024-06-15 18:52:12,2024-06-15 19:02:12,朝阳区,石景山区,25.6,7.1
2024-06-23 18:22:30,2024-06-23 18:36:30,顺义区,房山区,26.1,8.0
2024-06-03 09:20:32,2024-06-03 10:05:32,丰台区,顺义区,35.2,10.5
2024-06-16 19:52:04,2024-06-16 20:04:04,朝阳区,西城区,24.6,6.9
2024-06-07 13:29:56,2024-06-07 14:49:56,海淀区,丰台区,49.5,17.3
2024-06-19 12:48:55,2024-06-19 13:11:55,石景山区,大兴区,39.4,12.3
2024-06-26 13:27:57,2024-06-26 13:42:57,石景山区,房山区,30.2,8.4
2024-06-27 13:10:15,2024-06-27 13:30:15,东城区,大兴区,38.5,12.2
2024-06-09 18:29:16,2024-06-09 18:48:16,西城区,丰台区,36.9,12.3
2024-06-14 13:36:15,2024-06-14 13:45:15,朝阳区,通州区,19.7,4.4
2024-06-01 10:45:05,2024-06-01 10:58:05,朝阳区,门头沟区,24.7,6.4
2024-06-17 17:36:18,2024-06-17 17:58:18,丰台区,昌平区,36.0,11.1
2024-06-24 17:18:50,2024-06-24 17:28:50,房山区,门头沟区,25.9,6.7
2024-06-16 11:55:11,2024-06-16 12:24:11,朝阳区,东城区,20.4,6.1
2024-06-29 19:54:15,2024-06-29 19:57:15,丰台区,丰台区,15.2,1.0
2024-06-15 19:14:48,2024-06-15 19:36:48,朝阳区,丰台区,47.3,15.9
2024-06-22 09:31:30,2024-06-22 09:42:30,顺义区,西城区,26.2,6.7
2024-06-06 18:49:49,2024-06-06 19:16:49,海淀区,朝阳区,34.3,10.3
2024-06-19 17:55:08,2024-06-19 18:14:08,丰台区,石景山区,25.7,7.0
2024-06-03 09:29:01,2024-06-03 10:09:01,海淀区,东城区,58.6,20.7
2024-06-23 19:59:10,2024-06-23 20:25:10,东城区,房山区,41.9,14.5
2024-06-21 13:08:20,2024-06-21 13:19:20,昌平区,门头沟区,19.1,5.0
2024-06-22 18:34:13,2024-06-22 19:00:13,朝阳区,顺义区,33.1,10.5
2024-06-27 09:04:06,2024-06-27 09:23:06,丰台区,大兴区,21.4,6.3
2024-06-02 18:09:38,2024-06-02 18:27:38,朝阳区,东城区,26.9,7.6
2024-06-27 10:11:51,2024-06-27 10:25:51,朝阳区,朝阳区,26.6,8.0
2024-06-05 08:27:00,2024-06-05 08:44:00,丰台区,西城区,35.2,11.2
2024-06-24 12:58:26,2024-06-24 13:10:26,昌平区,门头沟区,23.2,7.4
2024-06-20 17:38:26,2024-06-20 17:41:26,石景山区,石景山区,14.5,1.2
2024-06-24 19:30:35,2024-06-24 19:45:35,西城区,门头沟区,23.7,5.8
2024-06-28 13:40:26,2024-06-28 14:50:26,顺义区,海淀区,42.5,14.6
2024-06-07 19:06:56,2024-06-07 19:18:56,东城区,东城区,30.2,9.1
2024-06-09 10:43:37,2024-06-09 11:07:37,朝阳区,朝阳区,44.1,14.6
2024-07-01 10:10:59,2024-07-01 10:36:59,丰台区,大兴区,41.3,13.3
2024-06-05 21:23:00,2024-06-05 21:55:00,西城区,西城区,31.7,10.9
2024-06-12 17:52:44,2024-06-12 18:09:44,昌平区,丰台区,30.6,9.2
2024-06-26 21:55:01,2024-06-26 22:30:01,通州区,大兴区,49.2,18.2
2024-06-25 08:35:56,2024-06-25 10:52:56,房山区,丰台区,58.8,22.8
2024-06-15 16:23:02,2024-06-15 16:33:02,门头沟区,西城区,19.3,4.5
2024-06-01 08:58:50,2024-06-01 09:27:50,朝阳区,昌平区,30.5,9.5
2024-06-22 18:05:58,2024-06-22 18:12:58,顺义区,石景山区,17.1,3.1
2024-06-03 06:20:16,2024-06-03 06:32:16,朝阳区,西城区,24.1,5.7
2024-06-06 15:22:35,2024-06-06 15:38:35,东城区,东城区,21.4,4.9
2024-06-26 04:10:29,2024-06-26 04:41:29,大兴区,通州区,38.5,13.1
2024-06-25 15:27:07,2024-06-25 15:38:07,石景山区,西城区,24.5,6.8
2024-06-18 04:44:01,2024-06-18 04:53:01,西城区,昌平区,15.9,1.6
2024-06-29 11:05:48,2024-06-29 11:13:48,昌平区,海淀区,20.0,4.7
2024-06-01 07:54:48,2024-06-01 08:03:48,房山区,东城区,20.4,6.2
2024-06-18 14:11:56,2024-06-18 14:14:56,海淀区,西城区,13.7,1.0
2024-06-07 18:19:48,2024-06-07 18:31:48,西城区,门头沟区,27.7,7.3
2024-06-08 15:16:21,2024-06-08 16:39:21,东城区,门头沟区,38.6,13.9
2024-06-03 11:14:20,2024-06-03 11:41:20,通州区,东城区,44.6,15.5
2024-06-28 16:25:59,2024-06-28 16:42:59,房山区,房山区,23.8,7.5
2024-06-20 07:14:24,2024-06-20 07:28:24,丰台区,朝阳区,30.8,9.8
2024-06-04 07:28:58,2024-06-04 07:31:58,西城区,西城区,13.5,1.0
2024-06-19 08:40:54,2024-06-19 09:18:54,海淀区,西城区,53.1,20.4
2024-06-19 11:24:57,2024-06-19 11:42:57,石景山区,石景山区,31.4,9.8
2024-06-22 07:03:30,2024-06-22 07:44:30,昌平区,海淀区,46.9,16.9
2024-06-02 09:34:34,2024-06-02 10:09:34,门头沟区,东城区,38.3,12.0
2024-06-20 17:15:32,2024-06-20 17:38:32,东城区,门头沟区,30.1,8.6
2024-06-19 15:38:30,2024-06-19 15:46:30,大兴区,西城区,18.5,4.1
2024-06-11 17:17:44,2024-06-11 17:29:44,西城区,门头沟区,26.5,7.0
2024-06-03 23:53:01,2024-06-04 00:04:01,朝阳区,房山区,27.0,7.0
2024-06-19 19:18:31,2024-06-19 19:23:31,房山区,丰台区,19.1,4.3
2024-06-17 15:45:32,2024-06-17 15:52:32,朝阳区,东城区,18.4,4.5
2024-06-05 08:16:54,2024-06-05 08:38:54,海淀区,东城区,18.6,4.5
2024-07-01 08:52:34,2024-07-01 09:09:34,丰台区,东城区,37.9,11.8
2024-06-08 11:35:10,2024-06-08 11:56:10,石景山区,西城区,29.3,8.0
2024-06-28 17:44:18,2024-06-28 17:56:18,顺义区,昌平区,23.2,5.7
2024-06-08 18:59:44,2024-06-08 19:11:44,东城区,昌平区,24.7,7.3
2024-06-23 10:39:14,2024-06-23 10:50:14,东城区,朝阳区,26.0,7.2
2024-06-07 08:15:11,2024-06-07 09:01:11,朝阳区,通州区,31.9,10.5
2024-06-24 12:47:22,2024-06-24 13:31:22,顺义区,昌平区,45.7,15.8
2024-06-30 07:08:17,2024-06-30 07:41:17,朝阳区,海淀区,35.0,10.9
2024-06-21 09:30:56,2024-06-21 09:51:56,朝阳区,顺义区,33.3,11.4
2024-06-07 17:05:59,2024-06-07 17:15:59,西城区,大兴区,21.3,5.9
2024-06-09 15:24:46,2024-06-09 15:37:46,朝阳区,海淀区,21.0,6.4
2024-06-01 07:38:24,2024-06-01 07:54:24,朝阳区,房山区,33.7,10.6
2024-06-21 11:36:16,2024-06-21 11:59:16,朝阳区,房山区,35.8,11.1
2024-06-01 09:02:45,2024-06-01 09:32:45,大兴区,丰台区,36.3,12.0
2024-06-30 12:42:52,2024-06-30 12:47:52,西城区,昌平区,17.4,4.3
2024-06-19 17:06:35,2024-06-19 17:49:35,东城区,顺义区,53.9,19.4
2024-06-10 08:51:30,2024-06-10 09:06:30,丰台区,东城区,16.1,3.9
2024-06-24 10:46:32,2024-06-24 11:28:32,房山区,朝阳区,55.4,19.5
2024-06-04 07:50:51,2024-06-04 07:56:51,西城区,顺义区,15.8,3.7
2024-06-16 12:07:27,2024-06-16 13:08:27,顺义区,门头沟区,32.9,10.2
2024-06-04 13:26:38,2024-06-04 13:29:38,西城区,大兴区,18.0,1.0
2024-06-12 12:31:01,2024-06-12 12:45:01,海淀区,通州区,18.9,4.3
2024-06-09 08:13:44,2024-06-09 08:16:44,顺义区,通州区,16.4,1.0
2024-06-01 18:42:55,2024-06-01 19:04:55,东城区,朝阳区,30.7,10.5
2024-06-27 13:11:00,2024-06-27 13:20:00,门头沟区,门头沟区,21.1,6.0
2024-06-05 16:40:23,2024-06-05 16:51:23,海淀区,通州区,17.8,4.2
2024-06-30 12:25:47,2024-06-30 12:34:47,西城区,石景山区,23.8,6.6
2024-06-14 18:27:35,2024-06-14 18:44:35,东城区,门头沟区,33.4,9.9
2024-06-19 16:43:06,2024-06-19 16:50:06,石景山区,西城区,14.8,3.1
2024-06-29 18:46:55,2024-06-29 19:19:55,海淀区,门头沟区,36.0,11.7
2024-06-12 12:18:54,2024-06-12 12:40:54,丰台区,门头沟区,37.6,12.6
2024-06-19 17:00:09,2024-06-19 17:17:09,昌平区,朝阳区,26.3,7.6
2024-06-19 15:53:45,2024-06-19 16:18:45,西城区,大兴区,36.4,11.6
2024-06-30 13:22:27,2024-06-30 13:46:27,丰台区,朝阳区,35.5,11.2
2024-06-23 08:22:52,2024-06-23 08:41:52,东城区,海淀区,36.7,12.4
2024-06-28 13:53:25,2024-06-28 14:17:25,朝阳区,石景山区,41.9,13.5
2024-06-22 11:51:40,2024-06-22 12:04:40,朝阳区,门头沟区,22.6,5.3
2024-07-01 18:19:11,2024-07-01 18:35:11,石景山区,海淀区,26.2,7.6
2024-06-09 23:09:13,2024-06-09 23:43:13,通州区,顺义区,41.6,15.4
2024-06-12 22:29:38,2024-06-12 22:32:38,丰台区,西城区,13.0,1.0
2024-06-25 07:23:12,2024-06-25 07:40:12,海淀区,大兴区,19.2,4.8
2024-06-13 15:07:13,2024-06-13 15:23:13,西城区,通州区,29.3,10.0
2024-06-29 11:41:27,2024-06-29 12:09:27,丰台区,朝阳区,41.5,15.1
2024-06-09 19:43:41,2024-06-09 20:26:41,丰台区,大兴区,39.5,12.8
2024-06-20 14:42:22,2024-06-20 14:52:22,昌平区,大兴区,25.5,8.0
2024-06-06 07:22:33,2024-06-06 07:43:33,朝阳区,房山区,42.1,14.3
2024-06-10 13:21:51,2024-06-10 13:35:51,通州区,朝阳区,27.0,7.8
2024-06-12 17:07:04,2024-06-12 17:30:04,海淀区,丰台区,37.9,12.3
2024-06-21 19:45:54,2024-06-21 20:03:54,海淀区,顺义区,34.8,11.6
2024-06-12 20:11:35,2024-06-12 20:29:35,房山区,丰台区,28.1,7.6
2024-06-05 16:40:49,2024-06-05 17:00:49,石景山区,西城区,23.2,7.4
2024-06-04 18:01:59,2024-06-04 18:20:59,大兴区,东城区,36.3,11.6
2024-06-06 17:23:22,2024-06-06 17:30:22,海淀区,顺义区,22.2,6.1
2024-06-23 17:09:40,2024-06-23 17:26:40,房山区,丰台区,28.5,7.9
2024-06-12 09:06:01,2024-06-12 09:35:01,大兴区,东城区,29.5,9.3
2024-06-13 13:02:12,2024-06-13 13:27:12,门头沟区,通州区,26.5,7.6
2024-06-20 08:28:49,2024-06-20 08:34:49,海淀区,石景山区,18.8,3.5
2024-06-13 23:54:24,2024-06-14 00:19:24,大兴区,海淀区,38.9,13.4
2024-06-06 20:28:24,2024-06-06 20:31:24,西城区,昌平区,14.5,1.0
2024-07-01 11:19:30,2024-07-01 11:28:30,海淀区,石景山区,15.5,3.3
2024-06-17 13:05:51,2024-06-17 13:18:51,通州区,昌平区,31.0,9.6
2024-06-19 15:49:50,2024-06-19 16:03:50,通州区,大兴区,27.9,8.9
2024-06-02 07:03:24,2024-06-02 07:08:24,通州区,门头沟区,19.1,3.9
2024-06-08 14:07:57,2024-06-08 14:28:57,昌平区,顺义区,33.2,11.5
2024-06-17 09:00:12,2024-06-17 09:08:12,海淀区,大兴区,17.9,4.3
2024-06-21 19:24:13,2024-06-21 19:57:13,海淀区,大兴区,29.0,9.8
2024-06-03 12:29:38,2024-06-03 12:58:38,丰台区,朝阳区,38.5,12.5
2024-06-10 16:11:23,2024-06-10 16:34:23,丰台区,西城区,27.6,8.8
2024-06-08 18:24:22,2024-06-08 18:34:22,东城区,石景山区,21.4,6.4
2024-06-24 02:23:14,2024-06-24 02:46:14,大兴区,通州区,37.4,12.7
2024-06-06 13:42:10,2024-06-06 13:45:10,海淀区,门头沟区,14.5,1.0
2024-06-10 09:46:38,2024-06-10 09:54:38,东城区,丰台区,23.7,5.9
2024-06-08 15:10:12,2024-06-08 15:20:12,大兴区,东城区,28.0,9.2
2024-06-25 07:10:05,2024-06-25 07:48:05,顺义区,顺义区,49.1,17.7
2024-06-22 17:15:34,2024-06-22 17:35:34,海淀区,东城区,24.4,7.6
2024-06-25 13:10:01,2024-06-25 14:02:01,东城区,西城区,41.0,13.3
2024-06-25 10:17:54,2024-06-25 10:49:54,东城区,大兴区,40.8,13.8
2024-06-23 04:33:51,2024-06-23 04:49:51,顺义区,东城区,18.7,5.4
2024-06-21 17:15:07,2024-06-21 17:34:07,西城区,西城区,31.6,10.1
2024-06-22 10:45:56,2024-06-22 11:06:56,西城区,昌平区,37.6,11.6
2024-06-17 19:15:38,2024-06-17 19:31:38,西城区,石景山区,30.8,9.8
2024-06-20 18:19:15,2024-06-20 18:30:15,西城区,房山区,27.6,8.0
2024-06-09 12:24:58,2024-06-09 12:30:58,大兴区,大兴区,16.9,4.3
2024-06-07 04:03:05,2024-06-07 04:30:05,东城区,丰台区,46.3,15.5
2024-06-13 12:13:08,2024-06-13 12:30:08,海淀区,东城区,28.6,8.4
2024-06-16 16:24:09,2024-06-16 16:35:09,海淀区,通州区,22.2,5.2
2024-07-01 07:19:05,2024-07-01 07:22:05,朝阳区,大兴区,15.2,1.0
2024-06-16 18:14:05,2024-06-16 18:29:05,海淀区,西城区,25.6,8.4
2024-06-15 10:54:16,2024-06-15 11:10:16,海淀区,昌平区,31.6,10.9
2024-06-19 11:18:28,2024-06-19 11:37:28,石景山区,海淀区,33.1,9.8
2024-06-28 14:35:27,2024-06-28 14:43:27,西城区,海淀区,23.9,5.6
2024-06-07 11:12:25,2024-06-07 11:24:25,门头沟区,通州区,21.8,4.8
2024-06-17 06:46:32,2024-06-17 07:01:32,东城区,朝阳区,28.8,8.7
2024-06-22 08:50:14,2024-06-22 08:53:14,大兴区,大兴区,13.3,1.0
2024-06-11 07:38:12,2024-06-11 07:48:12,海淀区,西城区,24.8,6.2
2024-06-17 05:15:14,2024-06-17 05:26:14,西城区,昌平区,17.6,3.6
2024-06-09 18:03:05,2024-06-09 18:20:05,西城区,石景山区,26.8,8.8
2024-06-25 11:23:09,2024-06-25 11:42:09,西城区,通州区,24.7,6.8
2024-06-22 04:14:54,2024-06-22 04:33:54,东城区,海淀区,47.3,17.1
2024-06-25 12:31:20,2024-06-25 12:50:20,昌平区,通州区,39.7,14.0
2024-06-14 10:10:55,2024-06-14 10:17:55,朝阳区,东城区,16.0,2.3
2024-06-17 11:32:10,2024-06-17 11:36:10,朝阳区,西城区,17.3,2.8
2024-06-12 13:46:39,2024-06-12 14:04:39,西城区,丰台区,30.6,9.8
2024-06-04 17:41:26,2024-06-04 18:08:26,西城区,石景山区,29.9,10.0
2024-06-04 19:06:13,2024-06-04 19:33:13,朝阳区,海淀区,33.3,11.5
2024-06-14 11:49:20,2024-06-14 12:37:20,东城区,石景山区,35.9,11.6
2024-06-05 18:38:59,2024-06-05 18:45:59,大兴区,大兴区,16.6,3.5
2024-06-06 18:13:58,2024-06-06 18:25:58,丰台区,海淀区,27.3,8.1
2024-06-15 21:56:35,2024-06-15 22:08:35,朝阳区,丰台区,20.0,5.4
2024-06-09 18:11:04,2024-06-09 18:20:04,朝阳区,昌平区,21.2,5.1
2024-06-19 12:19:33,2024-06-19 12:31:33,大兴区,昌平区,23.5,6.7
2024-06-11 12:28:30,2024-06-11 13:02:30,顺义区,丰台区,33.0,10.7
2024-06-01 12:03:50,2024-06-01 12:13:50,西城区,石景山区,20.2,4.9
2024-06-03 08:49:16,2024-06-03 08:58:16,房山区,丰台区,22.2,6.2
2024-06-08 14:11:52,2024-06-08 14:49:52,昌平区,大兴区,31.8,9.2
2024-06-08 11:46:07,2024-06-08 11:52:07,通州区,朝阳区,16.6,3.0
2024-06-03 12:43:40,2024-06-03 12:55:40,东城区,西城区,20.4,4.8
2024-06-27 18:58:51,2024-06-27 19:17:51,通州区,顺义区,31.3,8.9
2024-06-29 09:10:06,2024-06-29 09:22:06,海淀区,昌平区,24.1,6.6
2024-06-09 18:00:56,2024-06-09 18:23:56,昌平区,房山区,24.6,7.0
2024-06-05 12:04:58,2024-06-05 12:20:58,朝阳区,顺义区,27.0,8.7
2024-06-18 18:02:10,2024-06-18 18:14:10,大兴区,房山区,15.9,3.6
2024-06-06 09:48:25,2024-06-06 10:01:25,大兴区,大兴区,16.3,3.9
2024-06-26 23:21:58,2024-06-26 23:55:58,东城区,房山区,33.9,10.3
2024-06-23 18:55:28,2024-06-23 18:58:28,东城区,昌平区,16.0,1.0
2024-06-23 10:25:54,2024-06-23 10:40:54,西城区,丰台区,32.0,10.3
2024-06-14 09:40:49,2024-06-14 10:23:49,大兴区,东城区,31.5,10.0
2024-06-25 17:51:34,2024-06-25 18:13:34,丰台区,西城区,41.1,13.9
2024-06-16 20:10:58,2024-06-16 20:15:58,丰台区,海淀区,18.7,3.4
2024-06-08 08:51:59,2024-06-08 08:58:59,朝阳区,朝阳区,21.7,5.1
2024-06-10 09:27:25,2024-06-10 10:04:25,大兴区,顺义区,28.7,9.3
2024-06-30 11:44:52,2024-06-30 12:08:52,房山区,丰台区,34.2,10.5
2024-06-13 13:08:13,2024-06-13 13:22:13,丰台区,门头沟区,25.3,8.1
2024-06-27 17:13:41,2024-06-27 17:37:41,海淀区,昌平区,38.1,13.5
2024-06-09 07:53:31,2024-06-09 08:19:31,朝阳区,丰台区,35.6,12.3
2024-06-03 12:02:13,2024-06-03 12:12:13,石景山区,门头沟区,24.9,6.2
2024-06-01 19:43:38,2024-06-01 20:11:38,西城区,海淀区,33.1,9.7
2024-07-01 19:44:50,2024-07-01 20:02:50,海淀区,大兴区,24.1,7.7
2024-06-12 08:03:59,2024-06-12 08:06:59,西城区,通州区,14.7,1.0
2024-06-17 08:56:01,2024-06-17 09:18:01,通州区,大兴区,29.2,8.4
2024-06-10 09:52:58,2024-06-10 09:56:58,西城区,丰台区,14.3,2.7
2024-06-15 17:09:25,2024-06-15 17:21:25,丰台区,朝阳区,20.0,5.5
2024-06-12 13:21:23,2024-06-12 13:37:23,顺义区,东城区,41.7,13.4
2024-06-27 17:57:10,2024-06-27 18:00:10,昌平区,大兴区,15.3,1.0
2024-06-05 04:52:00,2024-06-05 05:03:00,房山区,丰台区,19.6,5.3
2024-06-22 08:36:29,2024-06-22 09:10:29,大兴区,西城区,35.9,11.2
2024-06-22 19:37:23,2024-06-22 19:54:23,朝阳区,西城区,26.6,7.8
2024-06-15 18:29:34,2024-06-15 18:42:34,顺义区,朝阳区,24.5,6.9
2024-06-05 11:55:16,2024-06-05 12:16:16,大兴区,顺义区,20.2,5.0
2024-07-01 09:21:01,2024-07-01 09:25:01,朝阳区,通州区,16.9,2.5
2024-06-14 08:43:10,2024-06-14 08:56:10,海淀区,石景山区,32.2,9.9
2024-06-28 12:14:09,2024-06-28 12:28:09,海淀区,门头沟区,28.3,8.9
2024-06-13 16:17:52,2024-06-13 16:23:52,朝阳区,顺义区,16.7,1.7
2024-06-16 11:03:53,2024-06-16 11:18:53,东城区,昌平区,29.2,8.7
2024-06-09 09:20:36,2024-06-09 09:35:36,石景山区,东城区,19.4,5.7
2024-06-20 18:02:10,2024-06-20 18:14:10,石景山区,石景山区,22.2,6.2
2024-06-13 19:33:26,2024-06-13 19:47:26,大兴区,昌平区,33.3,9.8
2024-06-11 19:05:30,2024-06-11 19:16:30,朝阳区,顺义区,16.6,4.5
2024-06-14 08:40:08,2024-06-14 09:03:08,西城区,石景山区,34.3,11.4
2024-06-15 15:52:32,2024-06-15 16:18:32,丰台区,西城区,59.9,21.4
2024-06-23 13:15:09,2024-06-23 13:26:09,西城区,西城区,24.2,6.7
2024-06-23 13:48:06,2024-06-23 13:58:06,通州区,海淀区,23.9,6.8
2024-06-27 11:38:29,2024-06-27 11:54:29,东城区,朝阳区,33.9,10.1
2024-06-02 12:13:28,2024-06-02 12:39:28,朝阳区,石景山区,37.0,11.3
2024-06-21 12:24:22,2024-06-21 12:35:22,西城区,石景山区,27.0,7.4
2024-06-15 18:11:26,2024-06-15 18:19:26,通州区,通州区,19.6,5.0
2024-06-13 17:30:23,2024-06-13 17:52:23,海淀区,石景山区,33.0,11.0
2024-06-05 08:41:50,2024-06-05 08:56:50,东城区,门头沟区,22.9,6.4
2024-06-01 17:03:30,2024-06-01 17:19:30,西城区,通州区,35.3,10.6
2024-06-10 08:12:25,2024-06-10 08:18:25,西城区,大兴区,15.7,1.0
2024-06-25 09:18:37,2024-06-25 09:32:37,海淀区,大兴区,27.2,8.6
2024-06-04 23:01:13,2024-06-04 23:04:13,朝阳区,海淀区,14.8,1.0
2024-06-26 12:28:03,2024-06-26 12:31:03,西城区,丰台区,13.5,1.0
2024-06-02 11:39:26,2024-06-02 11:53:26,西城区,大兴区,31.1,10.1
2024-06-18 12:23:24,2024-06-18 12:26:24,丰台区,西城区,14.6,1.0
2024-06-25 12:41:34,2024-06-25 13:30:34,顺义区,门头沟区,31.3,9.8
2024-06-15 11:06:37,2024-06-15 11:18:37,海淀区,石景山区,23.0,6.3
2024-06-22 17:01:28,2024-06-22 18:06:28,朝阳区,顺义区,57.3,20.1
2024-06-10 13:33:17,2024-06-10 13:51:17,西城区,通州区,30.1,8.6
2024-06-30 11:31:28,2024-06-30 12:01:28,西城区,房山区,38.4,13.0
2024-06-17 08:40:03,2024-06-17 09:22:03,房山区,西城区,34.1,11.4
2024-06-20 17:55:17,2024-06-20 18:25:17,朝阳区,昌平区,30.1,10.0
2024-06-13 18:18:49,2024-06-13 18:41:49,东城区,门头沟区,25.3,6.8
2024-06-14 16:42:18,2024-06-14 16:51:18,西城区,石景山区,19.4,5.2
2024-06-10 08:40:55,2024-06-10 08:43:55,昌平区,昌平区,15.6,1.0
2024-06-15 13:31:31,2024-06-15 14:03:31,朝阳区,东城区,27.6,7.3
2024-06-08 14:29:57,2024-06-08 14:32:57,海淀区,房山区,17.8,1.0
2024-06-17 23:58:52,2024-06-18 00:01:52,东城区,海淀区,14.7,1.7
2024-07-01 11:52:31,2024-07-01 12:03:31,朝阳区,顺义区,23.0,6.5
2024-06-01 14:56:59,2024-06-01 15:17:59,朝阳区,朝阳区,29.8,8.5
2024-06-17 11:00:52,2024-06-17 11:33:52,房山区,西城区,47.1,16.7
2024-06-18 19:06:36,2024-06-18 19:44:36,通州区,大兴区,60.8,21.6
2024-06-11 19:07:12,2024-06-11 19:51:12,西城区,丰台区,46.9,17.0
2024-06-01 13:02:15,2024-06-01 13:07:15,通州区,朝阳区,15.7,3.6
2024-06-10 09:21:07,2024-06-10 09:24:07,顺义区,东城区,16.2,2.0
2024-06-13 12:04:41,2024-06-13 12:22:41,丰台区,顺义区,29.6,9.0
2024-06-06 10:10:29,2024-06-06 10:32:29,通州区,丰台区,29.9,10.3
2024-06-01 12:47:23,2024-06-01 13:36:23,朝阳区,通州区,33.6,11.5
2024-06-19 17:01:47,2024-06-19 17:26:47,通州区,通州区,47.6,16.6
2024-06-29 11:46:37,2024-06-29 12:21:37,海淀区,朝阳区,48.1,17.1
2024-06-09 13:04:10,2024-06-09 13:34:10,通州区,通州区,42.6,14.3
2024-06-23 16:48:05,2024-06-23 17:17:05,海淀区,朝阳区,50.9,17.7
2024-06-21 18:29:36,2024-06-21 19:06:36,通州区,大兴区,24.6,6.9
2024-06-02 12:56:38,2024-06-02 13:14:38,海淀区,门头沟区,29.3,9.3
2024-06-19 13:28:04,2024-06-19 14:01:04,朝阳区,通州区,52.9,19.8
2024-06-21 11:24:00,2024-06-21 11:33:00,昌平区,海淀区,21.0,5.5
2024-06-20 09:03:09,2024-06-20 09:36:09,石景山区,昌平区,27.9,7.4
2024-06-01 09:53:43,2024-06-01 10:21:43,朝阳区,西城区,45.7,17.0
2024-06-23 11:32:05,2024-06-23 11:52:05,顺义区,西城区,30.7,9.0
2024-06-19 19:29:56,2024-06-19 19:56:56,朝阳区,昌平区,39.1,12.9
2024-06-21 09:43:01,2024-06-21 10:00:01,东城区,房山区,27.6,8.4
2024-06-16 11:05:46,2024-06-16 11:09:46,东城区,门头沟区,17.5,2.5
2024-06-08 09:18:43,2024-06-08 09:36:43,大兴区,门头沟区,27.7,7.7
2024-06-29 17:59:07,2024-06-29 18:10:07,大兴区,门头沟区,26.6,6.8
2024-07-01 14:44:14,2024-07-01 14:53:14,昌平区,大兴区,19.6,3.9
2024-06-28 15:01:25,2024-06-28 15:15:25,海淀区,朝阳区,28.1,7.5
2024-06-17 22:28:53,2024-06-17 23:14:53,丰台区,大兴区,47.3,17.2
2024-06-13 18:25:15,2024-06-13 18:28:15,顺义区,门头沟区,14.7,1.0
2024-06-01 09:51:13,2024-06-01 10:05:13,朝阳区,昌平区,29.4,8.5
2024-06-24 23:23:51,2024-06-24 23:46:51,石景山区,东城区,35.0,11.7
2024-06-24 19:39:13,2024-06-24 19:59:13,西城区,通州区,22.5,6.7
2024-06-03 18:02:22,2024-06-03 18:37:22,海淀区,朝阳区,46.7,16.8
2024-06-30 18:17:30,2024-06-30 18:49:30,丰台区,石景山区,39.6,13.4
2024-06-11 18:14:07,2024-06-11 18:17:07,西城区,丰台区,17.9,1.6
2024-06-16 12:10:50,2024-06-16 12:27:50,顺义区,海淀区,28.4,8.4
2024-07-01 08:36:56,2024-07-01 09:01:56,东城区,朝阳区,41.5,13.7
2024-06-10 14:45:37,2024-06-10 14:57:37,海淀区,通州区,24.8,7.8
2024-06-19 09:45:39,2024-06-19 10:00:39,朝阳区,海淀区,16.8,3.8
2024-06-12 05:47:14,2024-06-12 05:53:14,西城区,海淀区,15.1,3.0
2024-06-15 14:32:43,2024-06-15 14:42:43,昌平区,海淀区,25.4,6.9
2024-06-19 19:34:28,2024-06-19 19:53:28,西城区,石景山区,31.8,11.1
2024-06-27 23:47:05,2024-06-27 23:57:05,海淀区,通州区,23.8,6.8
2024-06-06 11:26:27,2024-06-06 11:59:27,通州区,顺义区,45.4,15.2
2024-06-07 10:11:59,2024-06-07 10:27:59,海淀区,顺义区,38.7,12.3
2024-06-16 19:17:19,2024-06-16 19:47:19,东城区,海淀区,39.2,14.3
2024-06-25 13:08:36,2024-06-25 13:21:36,海淀区,大兴区,33.8,11.6
2024-07-01 08:22:50,2024-07-01 08:39:50,昌平区,朝阳区,30.5,9.6
2024-06-29 10:57:26,2024-06-29 11:05:26,东城区,海淀区,21.6,5.1
2024-06-10 18:01:46,2024-06-10 18:14:46,石景山区,海淀区,22.5,6.9
2024-06-18 17:04:58,2024-06-18 17:11:58,朝阳区,房山区,17.2,4.3
2024-06-19 19:20:12,2024-06-19 19:23:12,丰台区,东城区,15.0,1.0
2024-07-01 10:51:29,2024-07-01 11:31:29,海淀区,大兴区,37.1,12.8
2024-06-22 19:33:18,2024-06-22 19:48:18,通州区,西城区,27.8,8.0
2024-06-19 23:05:13,2024-06-19 23:16:13,海淀区,门头沟区,26.3,8.1
2024-06-25 23:02:01,2024-06-25 23:26:01,丰台区,朝阳区,23.8,6.9
2024-06-28 13:54:35,2024-06-28 14:27:35,房山区,昌平区,34.7,10.6
2024-06-06 07:40:17,2024-06-06 07:43:17,西城区,石景山区,13.2,1.0
2024-06-07 08:32:54,2024-06-07 08:42:54,东城区,海淀区,24.0,5.9
2024-06-10 18:39:03,2024-06-10 19:04:03,西城区,顺义区,44.2,14.7
2024-06-11 15:30:15,2024-06-11 15:44:15,丰台区,门头沟区,31.9,9.7
2024-06-19 17:08:35,2024-06-19 17:16:35,通州区,顺义区,14.0,2.8
2024-06-15 13:21:19,2024-06-15 13:38:19,海淀区,昌平区,40.2,13.5
2024-06-13 09:43:58,2024-06-13 10:02:58,朝阳区,石景山区,26.3,7.0
2024-06-05 05:57:01,2024-06-05 06:34:01,通州区,石景山区,50.6,17.6
2024-06-09 14:45:40,2024-06-09 15:13:40,顺义区,朝阳区,48.6,18.0
2024-06-18 11:04:52,2024-06-18 11:08:52,房山区,海淀区,17.0,3.3
2024-06-05 14:09:47,2024-06-05 14:25:47,丰台区,顺义区,29.4,9.9
2024-06-07 19:23:57,2024-06-07 19:30:57,海淀区,通州区,17.8,3.3
2024-06-14 18:46:05,2024-06-14 18:49:05,西城区,房山区,14.7,1.0
2024-06-18 10:29:37,2024-06-18 10:35:37,丰台区,房山区,16.4,3.2
2024-06-02 19:33:01,2024-06-02 19:56:01,东城区,房山区,41.6,13.9
2024-06-23 23:47:52,2024-06-23 23:57:52,海淀区,昌平区,26.6,6.9
2024-06-10 08:02:30,2024-06-10 08:06:30,朝阳区,通州区,14.5,1.0
2024-06-22 12:24:23,2024-06-22 12:50:23,通州区,门头沟区,34.7,11.7
2024-06-14 08:31:56,2024-06-14 08:43:56,通州区,石景山区,22.6,6.6
2024-06-26 10:28:07,2024-06-26 10:48:07,朝阳区,通州区,31.4,10.1
2024-06-11 05:43:22,2024-06-11 05:56:22,昌平区,房山区,18.6,5.4
2024-06-09 13:44:52,2024-06-09 14:14:52,朝阳区,海淀区,35.1,10.5
2024-06-04 17:24:38,2024-06-04 17:38:38,东城区,石景山区,29.4,9.0
2024-06-05 19:10:15,2024-06-05 19:19:15,海淀区,大兴区,22.0,6.0
2024-06-26 08:24:36,2024-06-26 08:54:36,海淀区,顺义区,53.4,18.4
2024-06-07 12:47:55,2024-06-07 12:56:55,朝阳区,门头沟区,16.7,4.5
2024-06-27 18:04:34,2024-06-27 18:29:34,昌平区,昌平区,41.5,13.5
2024-06-16 12:46:30,2024-06-16 13:18:30,房山区,门头沟区,26.3,8.5
2024-06-13 15:19:05,2024-06-13 15:22:05,门头沟区,朝阳区,13.7,1.7
2024-06-30 10:23:51,2024-06-30 10:50:51,丰台区,西城区,46.7,16.2
2024-06-04 13:04:58,2024-06-04 13:34:58,大兴区,东城区,25.8,7.3
2024-06-20 10:29:21,2024-06-20 10:52:21,大兴区,房山区,38.1,13.4
2024-06-15 16:48:46,2024-06-15 17:08:46,石景山区,顺义区,19.8,5.8
2024-06-22 13:42:43,2024-06-22 14:01:43,海淀区,东城区,30.6,10.4
2024-06-04 09:54:36,2024-06-04 10:20:36,海淀区,丰台区,27.2,8.8
2024-06-30 17:10:01,2024-06-30 17:16:01,朝阳区,房山区,15.9,3.8
